uu_tien,so_hieu,nam,ma_hs,ten_hang_hien_co,thieu,source_url
1,1005/TB-TCHQ,2025,27101989,NOX-RUST 311HM do Tổng cục trưởng Tổng cục Hải quan ban hành,mo_ta+ly_do+ngay,https://thuvienphapluat.vn/van-ban/Xuat-nhap-khau/Thong-bao-1005-TB-TCHQ-2025-ket-qua-xac-dinh-truoc-ma-so-NOX-RUST-311HM-646486.aspx
1,119/TB-TCHQ,2025,15151100,Thực phẩm bảo vệ sức khỏe Omega 3-6-9 Leinöl-Kapseln do Tổng cục trưởng Tổng cục Hải quan ban hành,mo_ta+ly_do+ngay,https://thuvienphapluat.vn/van-ban/Xuat-nhap-khau/Thong-bao-119-TB-TCHQ-2025-ket-qua-xac-dinh-truoc-ma-so-640061.aspx
1,185/TB-TCHQ,2025,73269099,Khay đựng ly (cốc) do Tổng cục trưởng Tổng cục Hải quan ban hành,mo_ta+ly_do+ngay,https://thuvienphapluat.vn/van-ban/Xuat-nhap-khau/Thong-bao-185-TB-TCHQ-2025-ket-qua-xac-dinh-truoc-ma-so-doi-voi-Khay-dung-ly-640135.aspx
1,19/TB-TCHQ,2025,39269099,"Lace Guide, Web 15mm, Soft Nylon do Tổng cục Hải quan ban hành",mo_ta+ly_do+ngay,https://thuvienphapluat.vn/van-ban/Xuat-nhap-khau/Thong-bao-19-TB-TCHQ-2025-ket-qua-xac-dinh-truoc-ma-so-doi-voi-Lace-Guide-Web-15mm-Soft-Nylon-639597.aspx
1,20/TB-TCHQ,2025,39269099,H4 Bayonet Tongue Coiler do Tổng cục Hải quan ban hành,mo_ta+ly_do+ngay,https://thuvienphapluat.vn/van-ban/Xuat-nhap-khau/Thong-bao-20-TB-TCHQ-2025-ket-qua-xac-dinh-truoc-ma-so-H4-Bayonet-Tongue-Coiler-639432.aspx
1,221/TB-TCHQ,2025,15161020,MEG-3™ 1048rTG do Tổng cục trưởng Tổng cục Hải quan ban hành,mo_ta+ly_do+ngay,https://thuvienphapluat.vn/van-ban/Xuat-nhap-khau/Thong-bao-221-TB-TCHQ-2025-ket-qua-xac-dinh-truoc-ma-so-doi-voi-MEG-3%e2%84%a2-1048rTG-641755.aspx
1,278/TB-TCHQ,2025,85143990,Lò nung chảy thủy tinh bằng điện hoàn toàn (tháo rời để vận chuyển) công suất 30-36 tấn/ngày do Tổng cục trưởng Tổng cục,mo_ta+ly_do+ngay,https://thuvienphapluat.vn/van-ban/Xuat-nhap-khau/Thong-bao-278-TB-TCHQ-2025-ket-qua-xac-dinh-truoc-ma-so-Lo-nung-chay-thuy-tinh-bang-dien-hoan-toan-641761.aspx
1,280/TB-TCHQ,2025,39263000,Nắp nhựa bảo vệ dây điện xe hơi (RH W TO W CONNECTOR HOLDER COVER) do Tổng cục trưởng Tổng cục Hải quan ban hành,mo_ta+ly_do+ngay,https://thuvienphapluat.vn/van-ban/Xuat-nhap-khau/Thong-bao-280-TB-TCHQ-2025-ket-qua-xac-dinh-truoc-ma-so-doi-voi-Nap-nhua-bao-ve-day-dien-xe-hoi-641764.aspx
1,281/TB-TCHQ,2025,22029950,Thực phẩm bảo vệ sức khỏe Imochild do Tổng cục trưởng Tổng cục Hải quan ban hành,mo_ta+ly_do+ngay,https://thuvienphapluat.vn/van-ban/Xuat-nhap-khau/Thong-bao-281-TB-TCHQ-2025-ket-qua-xac-dinh-truoc-ma-so-doi-voi-Thuc-pham-bao-ve-suc-khoe-Imochild-641766.aspx
1,282/TB-TCHQ,2025,39263000,Nắp nhựa bảo vệ dây điện xe hơi (INMANI RH HV PROTECTOR COVER) do Tổng cục trưởng Tổng cục Hải quan ban hành,mo_ta+ly_do+ngay,https://thuvienphapluat.vn/van-ban/Xuat-nhap-khau/Thong-bao-282-TB-TCHQ-2025-ket-qua-xac-dinh-truoc-ma-so-doi-voi-Nap-nhua-bao-ve-day-dien-xe-hoi-641776.aspx
1,283/TB-TCHQ,2025,39263000,Nắp nhựa bảo vệ dây điện xe hơi (INMANI RH HV PROTECTOR BASE) do Tổng cục trưởng Tổng cục Hải quan ban hành,mo_ta+ly_do+ngay,https://thuvienphapluat.vn/van-ban/Xuat-nhap-khau/Thong-bao-283-TB-TCHQ-2025-ket-qua-xac-dinh-truoc-ma-so-INMANI-RH-HV-PROTECTOR-BASE-641779.aspx
1,284/TB-TCHQ,2025,39263000,Nắp nhựa bảo vệ dây điện xe hơi (RH W TO W CONNECTOR HOLDER BASE SUB ASSY) do Tổng cục trưởng Tổng cục Hải quan ban hành,mo_ta+ly_do+ngay,https://thuvienphapluat.vn/van-ban/Xuat-nhap-khau/Thong-bao-284-TB-TCHQ-2025-ket-qua-xac-dinh-truoc-ma-so-Nap-nhua-bao-ve-day-dien-xe-hoi-641781.aspx
1,285/TB-TCHQ,2025,39263000,Nắp nhựa bảo vệ dây điện xe hơi (FRONT DOOR GROMMET LH PROTECTOR BASE SUB-ASSY) do Tổng cục trưởng Tổng cục Hải quan ban,mo_ta+ly_do+ngay,https://thuvienphapluat.vn/van-ban/Xuat-nhap-khau/Thong-bao-285-TB-TCHQ-2025-ket-qua-xac-dinh-truoc-ma-so-Nap-nhua-bao-ve-day-dien-xe-hoi-641785.aspx
1,286/TB-TCHQ,2025,39263000,Nắp nhựa bảo vệ dây điện xe hơi (FRONT DOOR GROMMET RH PROTECTOR BASE SUB-ASSY) do Tổng cục trưởng Tổng cục Hải quan ban,mo_ta+ly_do+ngay,https://thuvienphapluat.vn/van-ban/Xuat-nhap-khau/Thong-bao-286-TB-TCHQ-2025-ket-qua-xac-dinh-truoc-ma-so-Nap-nhua-bao-ve-day-dien-xe-hoi-641788.aspx
1,287/TB-TCHQ,2025,39263000,Nắp nhựa bảo vệ dây điện xe hơi (MFB BASE2 ASS’Y) do Tổng cục trưởng Tổng cục Hải quan ban hành,mo_ta+ly_do+ngay,https://thuvienphapluat.vn/van-ban/Xuat-nhap-khau/Thong-bao-287-TB-TCHQ-2025-ket-qua-xac-dinh-truoc-ma-so-doi-voi-Nap-nhua-bao-ve-day-dien-xe-hoi-641789.aspx
1,288/TB-TCHQ,2025,15041090,Thực phẩm bảo vệ sức khỏe Imochild DHA do Tổng cục trưởng Tổng cục Hải quan ban hành,mo_ta+ly_do+ngay,https://thuvienphapluat.vn/van-ban/Xuat-nhap-khau/Thong-bao-288-TB-TCHQ-2025-ket-qua-xac-dinh-truoc-ma-so-Thuc-pham-bao-ve-suc-khoe-Imochild-DHA-641790.aspx
1,289/TB-TCHQ,2025,39263000,Nắp nhựa bảo vệ dây điện xe hơi (MFB Lower Cover) do Tổng cục trưởng Tổng cục Hải quan ban hành,mo_ta+ly_do+ngay,https://thuvienphapluat.vn/van-ban/Xuat-nhap-khau/Thong-bao-289-TB-TCHQ-2025-ket-qua-xac-dinh-truoc-ma-so-doi-voi-Nap-nhua-bao-ve-day-dien-xe-hoi-641792.aspx
1,299/TB-TCHQ,2025,85366992,Power Strip - Ổ cắm điện gắn liền phích cắm do Tổng cục trưởng Tổng cục Hải quan ban hành,mo_ta+ly_do+ngay,https://thuvienphapluat.vn/van-ban/Xuat-nhap-khau/Thong-bao-299-TB-TCHQ-2025-ket-qua-xac-dinh-truoc-ma-so-Power-Strip-O-cam-dien-gan-lien-phich-cam-641793.aspx
1,301/TB-TCHQ,2025,39263000,Nắp nhựa bảo vệ dây điện xe hơi (BASE PLATE) do Tổng cục trưởng Tổng cục Hải quan ban hành,mo_ta+ly_do+ngay,https://thuvienphapluat.vn/van-ban/Xuat-nhap-khau/Thong-bao-301-TB-TCHQ-2025-ket-qua-xac-dinh-truoc-ma-so-doi-voi-Nap-nhua-bao-ve-day-dien-xe-hoi-641794.aspx
1,302/TB-TCHQ,2025,39263000,Nắp nhựa bảo vệ dây điện xe hơi (UPPER CASE) do Tổng cục trưởng Tổng cục Hải quan ban hành,mo_ta+ly_do+ngay,https://thuvienphapluat.vn/van-ban/Xuat-nhap-khau/Thong-bao-302-TB-TCHQ-2025-ket-qua-xac-dinh-truoc-ma-so-doi-voi-Nap-nhua-bao-ve-day-dien-xe-hoi-641795.aspx
1,306/TB-TCHQ,2025,85366992,Power Socket - Ổ cắm điện do Tổng cục trưởng Tổng cục Hải quan ban hành,mo_ta+ly_do+ngay,https://thuvienphapluat.vn/van-ban/Xuat-nhap-khau/Thong-bao-306-TB-TCHQ-2025-ket-qua-xac-dinh-truoc-ma-so-Power-Socket-O-cam-dien-642509.aspx
1,362/TB-TCHQ,2025,16023290,Powdered Cooked Chicken C 100B AR do Tổng cục trưởng Tổng cục Hải quan ban hành,mo_ta+ly_do+ngay,https://thuvienphapluat.vn/van-ban/Xuat-nhap-khau/Thong-bao-362-TB-TCHQ-2025-ket-qua-xac-dinh-truoc-ma-so-Powdered-Cooked-Chicken-C-100B-AR-641865.aspx
1,477/TB-TCHQ,2025,85286200,Máy chiếu Panasonic PT-LW376 do Tổng cục trưởng Tổng cục Hải quan ban hành,mo_ta+ly_do+ngay,https://thuvienphapluat.vn/van-ban/Xuat-nhap-khau/Thong-bao-477-TB-TCHQ-2025-ket-qua-xac-dinh-truoc-ma-so-doi-voi-May-chieu-Panasonic-PT-LW376-643263.aspx
1,504/TB-TCHQ,2025,84123100,Air cylinder do Tổng cục trưởng Tổng cục Hải quan ban hành,mo_ta+ly_do+ngay,https://thuvienphapluat.vn/van-ban/Xuat-nhap-khau/Thong-bao-504-TB-TCHQ-2025-ket-qua-xac-dinh-truoc-ma-so-doi-voi-Air-cylinder-643257.aspx
1,509/TB-TCHQ,2025,21069072,Thực phẩm bảo vệ sức khỏe Optibac Every Day do Tổng cục Hải quan ban hành,mo_ta+ly_do+ngay,https://thuvienphapluat.vn/van-ban/Xuat-nhap-khau/Thong-bao-509-TB-TCHQ-2025-ket-qua-xac-dinh-truoc-ma-so-doi-voi-Thuc-pham-bao-ve-suc-khoe-642343.aspx
1,511/TB-TCHQ,2025,22029950,Thực phẩm bảo vệ sức khỏe Optibac Baby Drops do Tổng cục trưởng Tổng cục Hải quan ban hành,mo_ta+ly_do+ngay,https://thuvienphapluat.vn/van-ban/Xuat-nhap-khau/Thong-bao-511-TB-TCHQ-2025-ket-qua-xac-dinh-truoc-ma-so-Thuc-pham-bao-ve-suc-khoe-642344.aspx
1,513/TB-TCHQ,2025,21069072,Thực phẩm bảo vệ sức khỏe Optibac For Women do Tổng cục trưởng Tổng cục Hải quan ban hành,mo_ta+ly_do+ngay,https://thuvienphapluat.vn/van-ban/Xuat-nhap-khau/Thong-bao-513-TB-TCHQ-2025-ket-qua-xac-dinh-truoc-ma-so-Optibac-For-Women-642337.aspx
1,514/TB-TCHQ,2025,21069072,Thực phẩm bảo vệ sức khỏe Optibac Pregnancy do Tổng cục trưởng Tổng cục Hải quan ban hành,mo_ta+ly_do+ngay,https://thuvienphapluat.vn/van-ban/Xuat-nhap-khau/Thong-bao-514-TB-TCHQ-2025-ket-qua-xac-dinh-truoc-ma-so-Optibac-Pregnancy-642341.aspx
1,515/TB-TCHQ,2025,21069072,Thực phẩm bảo vệ sức khỏe Optibac Bifido & Fibre do Tổng cục trưởng Tổng cục Hải quan ban hành,mo_ta+ly_do+ngay,https://thuvienphapluat.vn/van-ban/Xuat-nhap-khau/Thong-bao-515-TB-TCHQ-2025-ket-qua-xac-dinh-truoc-ma-so-Thuc-pham-bao-ve-suc-khoe-642340.aspx
1,516/TB-TCHQ,2025,21069072,Thực phẩm bảo vệ sức khỏe Optibac Babies & Children do Tổng cục trưởng Tổng cục Hải quan ban hành,mo_ta+ly_do+ngay,https://thuvienphapluat.vn/van-ban/Xuat-nhap-khau/Thong-bao-516-TB-TCHQ-2025-ket-qua-xac-dinh-truoc-ma-so-Thuc-pham-bao-ve-suc-khoe-642339.aspx
1,529/TB-TCHQ,2025,85235111,"Ổ cứng di động hiệu Samsung, chưa ghi, dung lượng 4TB do Tổng cục trưởng Tổng cục Hải quan ban hành",mo_ta+ly_do+ngay,https://thuvienphapluat.vn/van-ban/Xuat-nhap-khau/Thong-bao-529-TB-TCHQ-2025-ket-qua-xac-dinh-truoc-ma-so-O-cung-di-dong-Samsung-642335.aspx
1,619/TB-TCHQ,2025,30064010,Vật liệu làm mão răng tạm (Temporary Crown and Bridge Resin) do Tổng cục trưởng Tổng cục Hải quan ban hành,mo_ta+ly_do+ngay,https://thuvienphapluat.vn/van-ban/Xuat-nhap-khau/Thong-bao-619-TB-TCHQ-2025-ket-qua-xac-dinh-truoc-ma-so-doi-voi-Vat-lieu-lam-mao-rang-tam-643250.aspx
1,638/TB-TCHQ,2025,21069099,Thực phẩm bổ sung Ageloc TRME Trimshake Greenshake Flavour Milkshake Power do Tổng cục trưởng Tổng cục Hải quan ban hành,mo_ta+ly_do+ngay,https://thuvienphapluat.vn/van-ban/Xuat-nhap-khau/Thong-bao-638-TB-TCHQ-2025-ket-qua-xac-dinh-truoc-ma-so-Ageloc-TRME-Trimshake-Power-643252.aspx
1,706/TB-TCHQ,2025,85189090,MESH do Tổng cục trưởng Tổng cục Hải quan ban hành,mo_ta+ly_do+ngay,https://thuvienphapluat.vn/van-ban/Xuat-nhap-khau/Thong-bao-706-TB-TCHQ-2025-ket-qua-xac-dinh-truoc-ma-so-doi-voi-MESH-643685.aspx
1,707/TB-TCHQ,2025,85189090,SUS do Tổng cục trưởng Tổng cục Hải quan ban hành,mo_ta+ly_do+ngay,https://thuvienphapluat.vn/van-ban/Xuat-nhap-khau/Thong-bao-707-TB-TCHQ-2025-ket-qua-xac-dinh-truoc-ma-so-doi-voi-SUS-643686.aspx
1,715/TB-TCHQ,2025,84248990,Bình xịt mũi do Tổng cục trưởng Tổng cục Hải quan ban hành,mo_ta+ly_do+ngay,https://thuvienphapluat.vn/van-ban/Xuat-nhap-khau/Thong-bao-715-TB-TCHQ-2025-ket-qua-xac-dinh-truoc-ma-so-doi-voi-Binh-xit-mui-643690.aspx
1,869/TB-TCHQ,2025,84122100,Hydraulic cylinder do Tổng cục trưởng Tổng cục Hải quan ban hành,mo_ta+ly_do+ngay,https://thuvienphapluat.vn/van-ban/Xuat-nhap-khau/Thong-bao-869-TB-TCHQ-2025-ket-qua-xac-dinh-truoc-ma-so-doi-voi-Hydraulic-cylinder-645933.aspx
1,878/TB-TCHQ,2025,85334000,"Cảm biến đo nhiệt độ nước làm mát cho xe gắn máy, mã hàng 37870-K1N-V011-M1, điện áp một chiều 5V, hãng sản xuất MMC ELE",mo_ta+ly_do+ngay,https://thuvienphapluat.vn/van-ban/Xuat-nhap-khau/Thong-bao-878-TB-TCHQ-2025-xac-dinh-truoc-ma-Cam-bien-nhiet-do-nuoc-lam-mat-cho-xe-gan-may-645002.aspx
1,879/TB-TCHQ,2025,85334000,"Cảm biến đo nhiệt độ dùng cho xe gắn máy, mã hàng 37880-KWW-C012-M1 (DTN-HEN103W), điện áp một chiều 5V, không có chức n",mo_ta+ly_do+ngay,https://thuvienphapluat.vn/van-ban/Xuat-nhap-khau/Thong-bao-879-TB-TCHQ-2025-ket-qua-xac-dinh-truoc-ma-so-Cam-bien-do-nhiet-do-dung-cho-xe-gan-may-645934.aspx
1,939/TB-TCHQ,2025,84733090,Vỏ (nắp) phía trên của trạm nội docking do Tổng cục trưởng Tổng cục Hải quan ban hành,mo_ta+ly_do+ngay,https://thuvienphapluat.vn/van-ban/Xuat-nhap-khau/Thong-bao-939-TB-TCHQ-2025-Ket-qua-xac-dinh-truoc-ma-so-Vo-phia-tren-cua-tram-noi-docking-645936.aspx
1,940/TB-TCHQ,2025,84733090,Vỏ (nắp) phía dưới của trạm nối docking do Tổng cục trưởng Tổng cục Hải quan ban hành,mo_ta+ly_do+ngay,https://thuvienphapluat.vn/van-ban/Xuat-nhap-khau/Thong-bao-940-TB-TCHQ-2025-ket-qua-xac-dinh-truoc-ma-so-doi-voi-Vo-phia-duoi-cua-tram-noi-docking-645948.aspx
1,103/TB-TCHQ,2024,85371012,Màn hình điều khiển cảm ứng Siemens SIMATIC HMI KTP 1200 Basic,mo_ta+ly_do+ngay,https://thuvienphapluat.vn/van-ban/Xuat-nhap-khau/Thong-bao-103-TB-TCHQ-2024-ket-qua-xac-dinh-truoc-ma-so-Siemens-SIMATIC-HMI-KTP-1200-596699.aspx
1,1112/TB-TCHQ,2024,85044019,"ADAPTOR-EP-TA200;EP-TA200,DC5V-9V,2A/1.6",mo_ta+ly_do+ngay,https://thuvienphapluat.vn/van-ban/Xuat-nhap-khau/Thong-bao-1112-TB-TCHQ-2024-ket-qua-xac-dinh-truoc-ma-so-ADAPTOR-EP-TA200-603306.aspx
1,1113/TB-TCHQ,2024,42023100,,mo_ta+ly_do+ngay,https://thuvienphapluat.vn/van-ban/Xuat-nhap-khau/Thong-bao-1113-TB-TCHQ-2024-ket-qua-xac-dinh-truoc-ma-so-ASSY-CASE-Q5-PEN-603307.aspx
1,1114/TB-TCHQ,2024,85258910,,mo_ta+ly_do+ngay,https://thuvienphapluat.vn/van-ban/Xuat-nhap-khau/Thong-bao-1114-TB-TCHQ-2024-ket-qua-xac-dinh-truoc-ma-so-603308.aspx
1,1127/TB-TCHQ,2024,85437030,Máy đọc sách Amazon New Kindle (2022) 6 inch,mo_ta+ly_do+ngay,https://thuvienphapluat.vn/van-ban/Xuat-nhap-khau/Thong-bao-1127-TB-TCHQ-2024-ket-qua-xac-dinh-truoc-ma-so-603309.aspx
1,1128/TB-TCHQ,2024,85437030,,mo_ta+ly_do+ngay,https://thuvienphapluat.vn/van-ban/Xuat-nhap-khau/Thong-bao-1128-TB-TCHQ-2024-ket-qua-xac-dinh-truoc-ma-so-603310.aspx
1,1129/TB-TCHQ,2024,85437030,,mo_ta+ly_do+ngay,https://thuvienphapluat.vn/van-ban/Xuat-nhap-khau/Thong-bao-1129-TB-TCHQ-2024-ket-qua-xac-dinh-truoc-ma-so-603311.aspx
1,1130/TB-TCHQ,2024,85437030,Máy đọc sách Boox Note Air3 C,mo_ta+ly_do+ngay,https://thuvienphapluat.vn/van-ban/Xuat-nhap-khau/Thong-bao-1130-TB-TCHQ-2024-ket-qua-xac-dinh-truoc-ma-so-603312.aspx
1,1309/TB-TCHQ,2024,85177921,"BRACKET-KEY BRACKET;STS304,SM-S918,BLACK",mo_ta+ly_do+ngay,https://thuvienphapluat.vn/van-ban/Xuat-nhap-khau/Thong-bao-1309-TB-TCHQ-2024-quy-dinh-ket-qua-xac-dinh-truoc-ma-so-607402.aspx
1,1327/TB-TCHQ,2024,29362800,Thực phẩm bảo vệ sức khoẻ Goodlife Vitamin E 400 IU,mo_ta+ly_do+ngay,https://thuvienphapluat.vn/van-ban/Xuat-nhap-khau/Thong-bao-1327-TB-TCHQ-2024-ket-qua-xac-dinh-truoc-ma-so-Goodlife-Vitamin-E-400-IU-607404.aspx
1,1395/TB-TCHQ,2024,21012090,Green Energy,mo_ta+ly_do+ngay,https://thuvienphapluat.vn/van-ban/Xuat-nhap-khau/Thong-bao-1395-TB-TCHQ-2024-ket-qua-xac-dinh-truoc-ma-so-Green-Energy-607239.aspx
1,143/TB-TCHQ,2024,30049099,KLENZIT MS,mo_ta+ly_do+ngay,https://thuvienphapluat.vn/van-ban/Xuat-nhap-khau/Thong-bao-143-TB-TCHQ-2024-ket-qua-xac-dinh-truoc-ma-so-KLENZIT-MS-596867.aspx
1,144/TB-TCHQ,2024,33079090,SYSTANE Gel Drops,mo_ta+ly_do+ngay,https://thuvienphapluat.vn/van-ban/Xuat-nhap-khau/Thong-bao-144-TB-TCHQ-2024-ket-qua-xac-dinh-truoc-ma-so-SYSTANE-Gel-Drops-596874.aspx
1,146/TB-TCHQ,2024,20079990,ASEPTIC PINK GUAVA PUREE,mo_ta+ly_do+ngay,https://thuvienphapluat.vn/van-ban/Xuat-nhap-khau/Thong-bao-146-TB-TCHQ-2024-ket-qua-xac-dinh-truoc-ma-so-ASEPTIC-PINK-GUAVA-PUREE-596875.aspx
1,150/TB-TCHQ,2024,84145910,ASSY-EU FAN MODULE,mo_ta+ly_do+ngay,https://thuvienphapluat.vn/van-ban/Xuat-nhap-khau/Thong-bao-150-TB-TCHQ-2024-ket-qua-xac-dinh-truoc-ma-so-ASSY-EU-FAN-MODULE-596678.aspx
1,151/TB-TCHQ,2024,20098999,PASSION FRUIT JUICE POWDER WL-PF-10B,mo_ta+ly_do+ngay,https://thuvienphapluat.vn/van-ban/Xuat-nhap-khau/Thong-bao-151-TB-TCHQ-2024-ket-qua-xac-dinh-truoc-ma-so-PASSION-FRUIT-JUICE-POWDER-596679.aspx
1,1547/TB-TCHQ,2024,21069072,Thực phẩm bảo vệ sức khỏe Biomega 3-6-9,mo_ta+ly_do+ngay,https://thuvienphapluat.vn/van-ban/Xuat-nhap-khau/Thong-bao-1547-TB-TCHQ-2024-ket-qua-xac-dinh-truoc-ma-so-Thuc-pham-Biomega-3-6-9-607244.aspx
1,1548/TB-TCHQ,2024,33079050,Systane Hydration Lubricant Eye Drops,mo_ta+ly_do+ngay,https://thuvienphapluat.vn/van-ban/Xuat-nhap-khau/Thong-bao-1548-TB-TCHQ-2024-ket-qua-xac-dinh-truoc-ma-so-Systane-Hydration-607137.aspx
1,1616/TB-TCHQ,2024,32072090,COMPOSED GLAZE CZ-819VA,mo_ta+ly_do+ngay,https://thuvienphapluat.vn/van-ban/Xuat-nhap-khau/Thong-bao-1616-TB-TCHQ-2024-ket-qua-yeu-cau-xac-dinh-truoc-ma-so-609507.aspx
1,170/TB-TCHQ,2024,38249999,COPPER GLEAM™ HVS-202A (J),mo_ta+ly_do+ngay,https://thuvienphapluat.vn/van-ban/Xuat-nhap-khau/Thong-bao-170-TB-TCHQ-2024-ket-qua-xac-dinh-truoc-ma-so-COPPER-GLEAM-HVS-202A-596518.aspx
1,171/TB-TCHQ,2024,38249999,COPPER GLEAM™ HVS-202B (J),mo_ta+ly_do+ngay,https://thuvienphapluat.vn/van-ban/Xuat-nhap-khau/Thong-bao-171-TB-TCHQ-2024-ket-qua-xac-dinh-truoc-ma-so-596682.aspx
1,172/TB-TCHQ,2024,38249999,COPPER GLEAM™ HVS-202BN (J),mo_ta+ly_do+ngay,https://thuvienphapluat.vn/van-ban/Xuat-nhap-khau/Thong-bao-172-TB-TCHQ-2024-ket-qua-xac-dinh-truoc-ma-so-596685.aspx
1,173/TB-TCHQ,2024,38249999,COPPER GLEAM™ HVS-202AN (J),mo_ta+ly_do+ngay,https://thuvienphapluat.vn/van-ban/Xuat-nhap-khau/Thong-bao-173-TB-TCHQ-2024-ket-qua-xac-dinh-truoc-ma-so-596688.aspx
1,185/TB-TCHQ,2024,32089090,Chất xử lý LOCTITE BONDACE P-5-2 (8) 8KG,mo_ta+ly_do+ngay,https://thuvienphapluat.vn/van-ban/Xuat-nhap-khau/Thong-bao-185-TB-TCHQ-2024-ket-qua-xac-dinh-truoc-ma-so-Chat-xu-ly-LOCTITE-BONDACE-P52-596519.aspx
1,1893/TB-TCHQ,2024,85437090,Dr.Arrivo The Horuseye,mo_ta+ly_do+ngay,https://thuvienphapluat.vn/van-ban/Xuat-nhap-khau/Thong-bao-1893-TB-TCHQ-2024-ket-qua-xac-dinh-truoc-ma-so-609520.aspx
1,191/TB-TCHQ,2024,30049099,Glentaz Forte,mo_ta+ly_do+ngay,https://thuvienphapluat.vn/van-ban/Xuat-nhap-khau/Thong-bao-191-TB-TCHQ-2024-ket-qua-xac-dinh-truoc-ma-so-Glentaz-Forte-596694.aspx
1,192/TB-TCHQ,2024,34024290,FATTY ALCOHOL ETHOXYLATE AEO9,mo_ta+ly_do+ngay,https://thuvienphapluat.vn/van-ban/Xuat-nhap-khau/Thong-bao-192-TB-TCHQ-2024-ket-qua-xac-dinh-truoc-ma-so-596703.aspx
1,1952/TB-TCHQ,2024,89059090,RONG DOI MV12,mo_ta+ly_do+ngay,https://thuvienphapluat.vn/van-ban/Xuat-nhap-khau/Thong-bao-1952-TB-TCHQ-2024-ket-qua-xac-dinh-truoc-ma-so-609523.aspx
1,1969/TB-TCHQ,2024,85176259,Galaxy Watch 5 Pro,mo_ta+ly_do+ngay,https://thuvienphapluat.vn/van-ban/Xuat-nhap-khau/Thong-bao-1969-TB-TCHQ-2024-ket-qua-xac-dinh-truoc-ma-so-doi-voi-Galaxy-Watch-5-Pro-610282.aspx
1,1970/TB-TCHQ,2024,85437090,SPEED SENSOR ASSY,mo_ta+ly_do+ngay,https://thuvienphapluat.vn/van-ban/Xuat-nhap-khau/Thong-bao-1970-TB-TCHQ-2024-ket-qua-xac-dinh-truoc-ma-so-doi-voi-SPEED-SENSOR-ASSY-610283.aspx
1,210/TB-TCHQ,2024,38249999,POMOLI MICROENEMAS 3G (dụng cụ siêu nhỏ POMOLI 3G),mo_ta+ly_do+ngay,https://thuvienphapluat.vn/van-ban/Xuat-nhap-khau/Thong-bao-210-TB-TCHQ-2024-ket-qua-xac-dinh-truoc-ma-so-POMOLI-MICROENEMAS-3G-596695.aspx
1,2101/TB-TCHQ,2024,04049000,Promilk 85,mo_ta+ly_do+ngay,https://thuvienphapluat.vn/van-ban/Xuat-nhap-khau/Thong-bao-2101-TB-TCHQ-2024-ket-qua-xac-dinh-truoc-ma-so-doi-voi-Promilk-85-611374.aspx
1,211/TB-TCHQ,2024,38249999,POMOLI MICROENEMAS 9G (dụng cụ siêu nhỏ POMOLI 9G),mo_ta+ly_do+ngay,https://thuvienphapluat.vn/van-ban/Xuat-nhap-khau/Thong-bao-211-TB-TCHQ-2024-ket-qua-xac-dinh-truoc-ma-so-POMOLI-MICROENEMAS-9G-596696.aspx
1,213/TB-TCHQ,2024,75089090,Mặt nạ kim loại để quét kem hàn lên bảng mạch in (metal mask),mo_ta+ly_do+ngay,https://thuvienphapluat.vn/van-ban/Xuat-nhap-khau/Thong-bao-213-TB-TCHQ-2024-ket-qua-xac-dinh-truoc-ma-so-Mat-na-kim-loai-de-quet-kem-han-596697.aspx
1,2131/TB-TCHQ,2024,38249970,Polyglycitol Syrup ESWEE 30,mo_ta+ly_do+ngay,https://thuvienphapluat.vn/van-ban/Xuat-nhap-khau/Thong-bao-2131-TB-TCHQ-2024-xac-dinh-truoc-ma-so-doi-voi-Polyglycitol-Syrup-ESWEE-30-611375.aspx
1,2222/TB-TCHQ,2024,35040000,SUPRO EX45 Isolated Soy Protein,mo_ta+ly_do+ngay,https://thuvienphapluat.vn/van-ban/Xuat-nhap-khau/Thong-bao-2222-TB-TCHQ-2024-ket-qua-xac-dinh-truoc-ma-so-doi-voi-SUPRO-EX45-Isolated-Soy-Protein-611376.aspx
1,2223/TB-TCHQ,2024,19019031,Ozi choice A2 Australian Milky Bites Bluberry,mo_ta+ly_do+ngay,https://thuvienphapluat.vn/van-ban/Xuat-nhap-khau/Thong-bao-2223-TB-TCHQ-2024-xac-dinh-truoc-ma-so-Ozi-choice-A2-Australian-Milky-Bites-Bluberry-611378.aspx
1,2224/TB-TCHQ,2024,19019031,Ozi choice A2 Australian Milky Bites Vanilla,mo_ta+ly_do+ngay,https://thuvienphapluat.vn/van-ban/Xuat-nhap-khau/Thong-bao-2224-TB-TCHQ-2024-ket-qua-xac-dinh-truoc-ma-so-611382.aspx
1,2225/TB-TCHQ,2024,19019031,Ozi choice A2 Australian Milky Bites Strawberry,mo_ta+ly_do+ngay,https://thuvienphapluat.vn/van-ban/Xuat-nhap-khau/Thong-bao-2225-TB-TCHQ-2024-xac-dinh-truoc-ma-so-Ozi-choice-A2-Australian-Milky-Bites-Strawberry-611381.aspx
1,2258/TB-TCHQ,2024,30043900,Tân dược Duodart,mo_ta+ly_do+ngay,https://thuvienphapluat.vn/van-ban/Xuat-nhap-khau/Thong-bao-2258-TB-TCHQ-2024-ket-qua-xac-dinh-truoc-ma-so-doi-voi-Tan-duoc-Duodart-613109.aspx
1,2276/TB-TCHQ,2024,33074910,Miếng dán thư giãn Dreamy Breeze làm dịu giấc ngủ cho bé,mo_ta+ly_do+ngay,https://thuvienphapluat.vn/van-ban/Xuat-nhap-khau/Thong-bao-2276-TB-TCHQ-2024-ket-qua-xac-dinh-truoc-ma-so-doi-voi-Mieng-dan-thu-gian-Dreamy-Breeze-613110.aspx
1,2306/TB-TCHQ,2024,21069098,MEAT FLAVOR SC471072 Tổng cục Hải quan ban hành,mo_ta+ly_do+ngay,https://thuvienphapluat.vn/van-ban/Xuat-nhap-khau/Thong-bao-2306-TB-TCHQ-2024-ket-qua-xac-dinh-truoc-ma-so-doi-voi-MEAT-FLAVOR-SC471072-613112.aspx
1,2373/TB-TCHQ,2024,34029099,TETRANYL L6-88E,mo_ta+ly_do+ngay,https://thuvienphapluat.vn/van-ban/Xuat-nhap-khau/Thong-bao-2373-TB-TCHQ-2024-ket-qua-xac-dinh-truoc-ma-so-doi-voi-TETRANYL-L6-88E-613114.aspx
1,2387/TB-TCHQ,2024,85437030,Máy đọc sách Boox Poke5,mo_ta+ly_do+ngay,https://thuvienphapluat.vn/van-ban/Xuat-nhap-khau/Thong-bao-2387-TB-TCHQ-2024-ket-qua-xac-dinh-truoc-ma-so-doi-voi-May-doc-sach-Boox-Poke5-612939.aspx
1,2389/TB-TCHQ,2024,85437030,Máy đọc sách Boox Tab Ultra C Pro,mo_ta+ly_do+ngay,https://thuvienphapluat.vn/van-ban/Xuat-nhap-khau/Thong-bao-2389-TB-TCHQ-2024-ket-qua-xac-dinh-truoc-ma-so-May-doc-sach-Boox-Tab-Ultra-C-Pro-613094.aspx
1,2390/TB-TCHQ,2024,85437030,Máy đọc sách Pocketbook Inkpad Eo,mo_ta+ly_do+ngay,https://thuvienphapluat.vn/van-ban/Xuat-nhap-khau/Thong-bao-2390-TB-TCHQ-2024-ket-qua-xac-dinh-truoc-ma-so-613095.aspx
1,2391/TB-TCHQ,2024,85437030,Máy đọc sách Boox Tab Mini C,mo_ta+ly_do+ngay,https://thuvienphapluat.vn/van-ban/Xuat-nhap-khau/Thong-bao-2391-TB-TCHQ-2024-ket-qua-xac-dinh-truoc-ma-so-doi-voi-May-doc-sach-Boox-Tab-Mini-C-613115.aspx
1,2392/TB-TCHQ,2024,85437030,Máy đọc sách Amazon Kindle Paperwhite 6.8 inch 2021,mo_ta+ly_do+ngay,https://thuvienphapluat.vn/van-ban/Xuat-nhap-khau/Thong-bao-2392-TB-TCHQ-2024-ket-qua-xac-dinh-truoc-ma-so-May-doc-sach-Amazon-Kindle-Paperwhite-613116.aspx
1,2516/TB-TCHQ,2024,35040000,FORTIGEL P,mo_ta+ly_do+ngay,https://thuvienphapluat.vn/van-ban/Xuat-nhap-khau/Thong-bao-2516-TB-TCHQ-2024-ket-qua-xac-dinh-truoc-ma-so-doi-voi-FORTIGEL-P-613098.aspx
1,2517/TB-TCHQ,2024,35040000,VERISOL P,mo_ta+ly_do+ngay,https://thuvienphapluat.vn/van-ban/Xuat-nhap-khau/Thong-bao-2517-TB-TCHQ-2024-ket-qua-xac-dinh-truoc-ma-so-doi-voi-VERISOL-P-613099.aspx
1,2518/TB-TCHQ,2024,35040000,PEPTIPLUS SB,mo_ta+ly_do+ngay,https://thuvienphapluat.vn/van-ban/Xuat-nhap-khau/Thong-bao-2518-TB-TCHQ-2024-ket-qua-xac-dinh-truoc-ma-so-doi-voi-PEPTIPLUS-SB-613100.aspx
1,2519/TB-TCHQ,2024,85340030,SUB PCB (HDI),mo_ta+ly_do+ngay,https://thuvienphapluat.vn/van-ban/Xuat-nhap-khau/Thong-bao-2519-TB-TCHQ-2024-ket-qua-xac-dinh-truoc-ma-so-doi-voi-SUB-PCB-HDI-612964.aspx
1,2681/TB-TCHQ,2024,85285200,LED display monitor for casino gaming machine,mo_ta+ly_do+ngay,https://thuvienphapluat.vn/van-ban/Xuat-nhap-khau/Thong-bao-2681-TB-TCHQ-2024-ket-qua-xac-dinh-truoc-ma-so-615462.aspx
1,2695/TB-TCHQ,2024,70109099,Chai thủy tinh Tổng cục Hải quan ban hành,mo_ta+ly_do+ngay,https://thuvienphapluat.vn/van-ban/Xuat-nhap-khau/Thong-bao-2695-TB-TCHQ-2024-ket-qua-xac-dinh-truoc-ma-so-doi-voi-Chai-thuy-tinh-613771.aspx
1,271/TB-TCHQ,2024,39095000,LOCTITE AQUACE 555 20KG,mo_ta+ly_do+ngay,https://thuvienphapluat.vn/van-ban/Xuat-nhap-khau/Thong-bao-271-TB-TCHQ-2024-ket-qua-xac-dinh-truoc-ma-so-LOCTITE-AQUACE-555-20KG-597111.aspx
1,2710/TB-TCHQ,2024,21069072,Natapure DHA,mo_ta+ly_do+ngay,https://thuvienphapluat.vn/van-ban/Xuat-nhap-khau/Thong-bao-2710-TB-TCHQ-2024-ket-qua-xac-dinh-truoc-ma-so-doi-voi-Natapure-DHA-613772.aspx
1,2765/TB-TCHQ,2024,85044019,"Sạc pin điện thoại di động, máy tính bảng và máy tính xách tay",mo_ta+ly_do+ngay,https://thuvienphapluat.vn/van-ban/Xuat-nhap-khau/Thong-bao-2765-TB-TCHQ-2024-ket-qua-xac-dinh-truoc-ma-so-615459.aspx
1,2817/TB-TCHQ,2024,20081999,Almond Blanched Wholes and Broken - Hạt hạnh nhân bể không vỏ lụa đã qua chế biến,mo_ta+ly_do+ngay,https://thuvienphapluat.vn/van-ban/Xuat-nhap-khau/Thong-bao-2817-TB-TCHQ-2024-ket-qua-xac-dinh-truoc-ma-so-615458.aspx
1,313/TB-TCHQ,2024,30042099,KLENZIT-C,mo_ta+ly_do+ngay,https://thuvienphapluat.vn/van-ban/Xuat-nhap-khau/Thong-bao-313-TB-TCHQ-2024-ket-qua-xac-dinh-truoc-ma-so-KLENZIT-C-597548.aspx
1,3245/TB-TCHQ,2024,85177999,Modem RU (Radio Unit),mo_ta+ly_do+ngay,https://thuvienphapluat.vn/van-ban/Xuat-nhap-khau/Thong-bao-3245-TB-TCHQ-2024-sua-doi-thong-bao-ket-qua-xac-dinh-truoc-ma-so-617402.aspx
1,3246/TB-TCHQ,2024,85177999,Khối thu phát RRU5502N,mo_ta+ly_do+ngay,https://thuvienphapluat.vn/van-ban/Xuat-nhap-khau/Thong-bao-3246-TB-TCHQ-2024-sua-doi-thong-bao-ket-qua-xac-dinh-truoc-ma-so-Khoi-thu-phat-RRU5502N-617401.aspx
1,328/TB-TCHQ,2024,85366932,"CONNECTOR-BOARD TO BOARD; BOX, 10P, 2R, 0.35mm (MALE - PLUG)",mo_ta+ly_do+ngay,https://thuvienphapluat.vn/van-ban/Xuat-nhap-khau/Thong-bao-328-TB-TCHQ-2024-ket-qua-xac-dinh-truoc-ma-so-597547.aspx
1,329/TB-TCHQ,2024,85366932,"CONNECTOR-BOARD TO BOARD; 12,0.4mm,SMD- A,BLK (FEMALE - RECEPTACLE)",mo_ta+ly_do+ngay,https://thuvienphapluat.vn/van-ban/Xuat-nhap-khau/Thong-bao-329-TB-TCHQ-2024-ket-qua-xac-dinh-truoc-ma-so-CONNECTOR-BOARD-TO-BOARD-597546.aspx
1,3299/TB-TCHQ,2024,29362800,Thực phẩm bảo vệ sức khỏe Daily Choice Natural Vitamin E - 400IU,mo_ta+ly_do+ngay,https://thuvienphapluat.vn/van-ban/Xuat-nhap-khau/Thong-bao-3299-TB-TCHQ-2024-ket-qua-xac-dinh-truoc-ma-so-617396.aspx
1,330/TB-TCHQ,2024,85366932,"CONNECTOR-CARD EDGE;TP,SMD-S,12P,2.54mm",mo_ta+ly_do+ngay,https://thuvienphapluat.vn/van-ban/Xuat-nhap-khau/Thong-bao-330-TB-TCHQ-2024-ket-qua-xac-dinh-truoc-ma-so-doi-voi-CONNECTOR-CARD-EDGE-597545.aspx
1,3300/TB-TCHQ,2024,29362800,Thực phẩm bảo vệ sức khỏe Dr life Vitamin E,mo_ta+ly_do+ngay,https://thuvienphapluat.vn/van-ban/Xuat-nhap-khau/Thong-bao-3300-TB-TCHQ-2024-ket-qua-xac-dinh-truoc-ma-so-doi-voi-Dr-life-Vitamin-E-617397.aspx
1,3301/TB-TCHQ,2024,29362800,Thực phẩm bảo vệ sức khỏe NatureCare Natural Vitamin E - 400IU,mo_ta+ly_do+ngay,https://thuvienphapluat.vn/van-ban/Xuat-nhap-khau/Thong-bao-3301-TB-TCHQ-2024-ket-qua-xac-dinh-truoc-ma-so-doi-voi-Vitamin-E-400IU-617391.aspx
1,3312/TB-TCHQ,2024,35061000,DOUBLE TAPE 2,mo_ta+ly_do+ngay,https://thuvienphapluat.vn/van-ban/Xuat-nhap-khau/Thong-bao-3312-TB-TCHQ-2024-ket-qua-xac-dinh-truoc-ma-so-617392.aspx
1,3313/TB-TCHQ,2024,39269099,Silicone Washer,mo_ta+ly_do+ngay,https://thuvienphapluat.vn/van-ban/Xuat-nhap-khau/Thong-bao-3313-TB-TCHQ-2024-ket-qua-xac-dinh-truoc-ma-so-Silicone-Washer-617394.aspx
1,3347/TB-TCHQ,2024,39076100,Hạt nhựa PET tái sinh,mo_ta+ly_do+ngay,https://thuvienphapluat.vn/van-ban/Xuat-nhap-khau/Thong-bao-3347-TB-TCHQ-2024-ket-qua-xac-dinh-truoc-ma-so-doi-voi-Hat-nhua-PET-tai-sinh-617395.aspx
1,3348/TB-TCHQ,2024,39076910,Hạt nhựa PET tái sinh,mo_ta+ly_do+ngay,https://thuvienphapluat.vn/van-ban/Xuat-nhap-khau/Thong-bao-3348-TB-TCHQ-2024-ket-qua-xac-dinh-truoc-ma-so-Hat-nhua-PET-tai-sinh-617389.aspx
1,3349/TB-TCHQ,2024,38170000,BARREL FREEZE,mo_ta+ly_do+ngay,https://thuvienphapluat.vn/van-ban/Xuat-nhap-khau/Thong-bao-3349-TB-TCHQ-2024-ket-qua-xac-dinh-truoc-ma-so-BARREL-FREEZE-617381.aspx
1,3387/TB-TCHQ,2024,85365061,Cảm biến từ (Sensor),mo_ta+ly_do+ngay,https://thuvienphapluat.vn/van-ban/Xuat-nhap-khau/Thong-bao-3387-TB-TCHQ-2024-ket-qua-xac-dinh-truoc-ma-so-Sensor-618565.aspx
1,3398/TB-TCHQ,2024,84842000,Phốt làm kín dầu NOK,mo_ta+ly_do+ngay,https://thuvienphapluat.vn/van-ban/Xuat-nhap-khau/Thong-bao-3398-TB-TCHQ-2024-ket-qua-xac-dinh-truoc-ma-so-Phot-lam-kin-dau-NOK-618574.aspx
1,3399/TB-TCHQ,2024,40169390,Phốt làm kín NOK,mo_ta+ly_do+ngay,https://thuvienphapluat.vn/van-ban/Xuat-nhap-khau/Thong-bao-3399-TB-TCHQ-2024-ket-qua-xac-dinh-truoc-ma-so-Phot-lam-kin-NOK-618575.aspx
1,3408/TB-TCHQ,2024,38170000,BARREL FREEZE,mo_ta+ly_do+ngay,https://thuvienphapluat.vn/van-ban/Xuat-nhap-khau/Thong-bao-3408-TB-TCHQ-2024-sua-doi-Thong-bao-ket-qua-xac-dinh-truoc-ma-so-BARREL-FREEZE-618576.aspx
1,3409/TB-TCHQ,2024,42023200,"ACC HHP, Flip Cover_Protective, E: ENG, UNI",mo_ta+ly_do+ngay,https://thuvienphapluat.vn/van-ban/Xuat-nhap-khau/Thong-bao-3409-TB-TCHQ-2024-ket-qua-xac-dinh-truoc-ma-so-ACC-HHP-Flip-Cover-Protective-E-ENG-UNI-618577.aspx
1,3594/TB-TCHQ,2024,39119000,1000HNX hardener,mo_ta+ly_do+ngay,https://thuvienphapluat.vn/van-ban/Xuat-nhap-khau/Thong-bao-3594-TB-TCHQ-2024-ket-qua-xac-dinh-truoc-ma-so-1000HNX-hardener-619164.aspx
1,3614/TB-TCHQ,2024,39159010,Phế liệu khay nhựa PET (poly(etylene terephthalate)) thu được sau quá trình sản xuất,mo_ta+ly_do+ngay,https://thuvienphapluat.vn/van-ban/Xuat-nhap-khau/Thong-bao-3614-TB-TCHQ-2024-ket-qua-xac-dinh-truoc-ma-so-Phe-lieu-khay-nhua-PET-619141.aspx
1,3664/TB-TCHQ,2024,30049099,Stipsipeg baby,mo_ta+ly_do+ngay,https://thuvienphapluat.vn/van-ban/Xuat-nhap-khau/Thong-bao-3664-TB-TCHQ-2024-ket-qua-xac-dinh-truoc-ma-so-Stipsipeg-baby-619749.aspx
1,3811/TB-TCHQ,2024,21069098,Condensed Milk Flavour QL91680,mo_ta+ly_do+ngay,https://thuvienphapluat.vn/van-ban/Xuat-nhap-khau/Thong-bao-3811-TB-TCHQ-2024-ket-qua-xac-dinh-truoc-ma-so-621648.aspx
1,388/TB-TCHQ,2024,85414100,Thanh mô-dun đèn led (Led module),mo_ta+ly_do+ngay,https://thuvienphapluat.vn/van-ban/Xuat-nhap-khau/Thong-bao-388-TB-TCHQ-2024-ket-qua-xac-dinh-truoc-ma-so-Thanh-modun-den-led-597539.aspx
1,3903/TB-TCHQ,2024,21069072,Thực phẩm bảo vệ sức khỏe SCHÖNHEITS-KAPSELN,mo_ta+ly_do+ngay,https://thuvienphapluat.vn/van-ban/Xuat-nhap-khau/Thong-bao-3903-TB-TCHQ-2024-ket-qua-xac-dinh-truoc-ma-so-thuc-pham-SCHONHEITS-KAPSELN-622496.aspx
1,3904/TB-TCHQ,2024,30043290,Thuốc Seretide Accuhaler 50/500mcg,mo_ta+ly_do+ngay,https://thuvienphapluat.vn/van-ban/Xuat-nhap-khau/Thong-bao-3904-TB-TCHQ-2024-ket-qua-xac-dinh-truoc-ma-so-Thuoc-Seretide-Accuhaler-50-500mcg-622497.aspx
1,3925/TB-TCHQ,2024,85369094,Pinblock,mo_ta+ly_do+ngay,https://thuvienphapluat.vn/van-ban/Xuat-nhap-khau/Thong-bao-3925-TB-TCHQ-2024-ket-qua-xac-dinh-truoc-ma-so-Pinblock-622498.aspx
1,3926/TB-TCHQ,2024,70133700,Bộ cốc và bình bằng thủy tinh dùng để uống nước,mo_ta+ly_do+ngay,https://thuvienphapluat.vn/van-ban/Xuat-nhap-khau/Thong-bao-3926-TB-TCHQ-2024-ket-qua-xac-dinh-truoc-ma-so-Bo-coc-thuy-tinh-dung-de-uong-nuoc-622501.aspx
1,3927/TB-TCHQ,2024,82073000,COLD FORGING MANDREL,mo_ta+ly_do+ngay,https://thuvienphapluat.vn/van-ban/Xuat-nhap-khau/Thong-bao-3927-TB-TCHQ-2024-ket-qua-xac-dinh-truoc-ma-so-COLD-FORGING-MANDREL-623404.aspx
1,3928/TB-TCHQ,2024,82073000,COLD FORGING KNOCKOUT,mo_ta+ly_do+ngay,https://thuvienphapluat.vn/van-ban/Xuat-nhap-khau/Thong-bao-3928-TB-TCHQ-2024-ket-qua-xac-dinh-truoc-ma-so-COLD-FORGING-KNOCKOUT-622502.aspx
1,3929/TB-TCHQ,2024,82073000,COLD FORGING PUNCH,mo_ta+ly_do+ngay,https://thuvienphapluat.vn/van-ban/Xuat-nhap-khau/Thong-bao-3929-TB-TCHQ-2024-ket-qua-xac-dinh-truoc-ma-so-doi-voi-COLD-FORGING-PUNCH-623405.aspx
1,3930/TB-TCHQ,2024,82073000,COLD FORGING DIE,mo_ta+ly_do+ngay,https://thuvienphapluat.vn/van-ban/Xuat-nhap-khau/Thong-bao-3930-TB-TCHQ-2024-ket-qua-xac-dinh-truoc-ma-so-COLD-FORGING-DIE-622504.aspx
1,3964/TB-TCHQ,2024,83024190,YUEGUO ALUMINUM CURTAIN ROD,mo_ta+ly_do+ngay,https://thuvienphapluat.vn/van-ban/Xuat-nhap-khau/Thong-bao-3964-TB-TCHQ-2024-ket-qua-xac-dinh-truoc-ma-so-doi-voi-YUEGUO-ALUMINUM-CURTAIN-ROD-623406.aspx
1,3965/TB-TCHQ,2024,83024190,YUEGUO ALUMINUM CURTAIN ROD,mo_ta+ly_do+ngay,https://thuvienphapluat.vn/van-ban/Xuat-nhap-khau/Thong-bao-3965-TB-TCHQ-2024-ket-qua-xac-dinh-truoc-ma-so-YUEGUO-ALUMINUM-CURTAIN-ROD-623443.aspx
1,3966/TB-TCHQ,2024,83024190,YUEGUO ALUMINUM CURTAIN ROD,mo_ta+ly_do+ngay,https://thuvienphapluat.vn/van-ban/Xuat-nhap-khau/Thong-bao-3966-TB-TCHQ-2024-ket-qua-xac-dinh-truoc-ma-so-doi-voi-YUEGUO-ALUMINUM-CURTAIN-ROD-623444.aspx
1,3969/TB-TCHQ,2024,21069072,Thực phẩm bảo vệ sức khỏe Happymum,mo_ta+ly_do+ngay,https://thuvienphapluat.vn/van-ban/Xuat-nhap-khau/Thong-bao-3969-TB-TCHQ-2024-ket-qua-xac-dinh-truoc-ma-so-Thuc-pham-bao-ve-suc-khoe-Happymum-623445.aspx
1,4008/TB-TCHQ,2024,39269099,Finger Particle remover FPR-30,mo_ta+ly_do+ngay,https://thuvienphapluat.vn/van-ban/Xuat-nhap-khau/Thong-bao-4008-TB-TCHQ-2024-ket-qua-xac-dinh-truoc-ma-so-doi-voi-Finger-Particle-remover-FPR-30-623407.aspx
1,4009/TB-TCHQ,2024,29215100,O-TDA,mo_ta+ly_do+ngay,https://thuvienphapluat.vn/van-ban/Xuat-nhap-khau/Thong-bao-4009-TB-TCHQ-2024-ket-qua-xac-dinh-truoc-ma-so-doi-voi-O-TDA-623408.aspx
1,4051/TB-TCHQ,2024,33049990,Acqua Alle Rose Distillata Tonico Rinfrescante,mo_ta+ly_do+ngay,https://thuvienphapluat.vn/van-ban/Xuat-nhap-khau/Thong-bao-4051-TB-TCHQ-2024-ket-qua-xac-dinh-truoc-ma-so-Acqua-Alle-Rose-Distillata-Tonico-Rinfrescante-623224.aspx
1,4053/TB-TCHQ,2024,33079090,Chilly gel detergente intimo anti odor 200ml,mo_ta+ly_do+ngay,https://thuvienphapluat.vn/van-ban/Xuat-nhap-khau/Thong-bao-4053-TB-TCHQ-2024-ket-qua-xac-dinh-truoc-ma-so-Chilly-gel-detergente-intimo-anti-odor-200ml-623222.aspx
1,4054/TB-TCHQ,2024,33079090,Chilly Delicato Detergente Intimo Anti Odor,mo_ta+ly_do+ngay,https://thuvienphapluat.vn/van-ban/Xuat-nhap-khau/Thong-bao-4054-TB-TCHQ-2024-ket-qua-xac-dinh-truoc-ma-so-Chilly-Delicato-Detergente-Intimo-Anti-Odor-623221.aspx
1,4055/TB-TCHQ,2024,33079090,Chilly Protect Detergent Intimo Anti Odor,mo_ta+ly_do+ngay,https://thuvienphapluat.vn/van-ban/Xuat-nhap-khau/Thong-bao-4055-TB-TCHQ-2024-ket-qua-xac-dinh-truoc-ma-so-Chilly-Protect-Detergent-Intimo-Anti-Odor-623220.aspx
1,4090/TB-TCHQ,2024,85176259,Thiết bị đeo tay thông minh Huawei Watch Fit 3 (không có NFC),mo_ta+ly_do+ngay,https://thuvienphapluat.vn/van-ban/Xuat-nhap-khau/Thong-bao-4090-TB-TCHQ-2024-ket-qua-xac-dinh-truoc-ma-so-Thiet-bi-thong-minh-Huawei-Watch-Fit-3-622948.aspx
1,4097/TB-TCHQ,2024,30049099,ALATROL SYRUP,mo_ta+ly_do+ngay,https://thuvienphapluat.vn/van-ban/Xuat-nhap-khau/Thong-bao-4097-TB-TCHQ-2024-ket-qua-xac-dinh-truoc-ma-so-ALATROL-SYRUP-622949.aspx
1,4098/TB-TCHQ,2024,30049099,SEDNO SYRUP,mo_ta+ly_do+ngay,https://thuvienphapluat.vn/van-ban/Xuat-nhap-khau/Thong-bao-4098-TB-TCHQ-2024-ket-qua-xac-dinh-truoc-ma-so-doi-voi-SEDNO-SYRUP-622950.aspx
1,4099/TB-TCHQ,2024,30049089,Cordarone,mo_ta+ly_do+ngay,https://thuvienphapluat.vn/van-ban/Xuat-nhap-khau/Thong-bao-4099-TB-TCHQ-2024-ket-qua-xac-dinh-truoc-ma-so-doi-voi-Cordarone-623447.aspx
1,4100/TB-TCHQ,2024,30049089,Cordarone 150mg/3ml,mo_ta+ly_do+ngay,https://thuvienphapluat.vn/van-ban/Xuat-nhap-khau/Thong-bao-4100-TB-TCHQ-2024-ket-qua-xac-dinh-truoc-ma-so-Cordarone-150mg-3ml-623448.aspx
1,4101/TB-TCHQ,2024,30049099,Lovenox,mo_ta+ly_do+ngay,https://thuvienphapluat.vn/van-ban/Xuat-nhap-khau/Thong-bao-4101-TB-TCHQ-2024-ket-qua-xac-dinh-truoc-ma-so-doi-voi-Lovenox-623449.aspx
1,4164/TB-TCHQ,2024,84818099,"Họng ga xe máy, hàng mới 100% linh kiện lắp ráp xe máy Piaggio",mo_ta+ly_do+ngay,https://thuvienphapluat.vn/van-ban/Xuat-nhap-khau/Thong-bao-4164-TB-TCHQ-2024-ket-qua-xac-dinh-truoc-ma-so-Hong-ga-xe-may-Piaggio-622952.aspx
1,4215/TB-TCHQ,2024,30049099,Marial hộp,mo_ta+ly_do+ngay,https://thuvienphapluat.vn/van-ban/Xuat-nhap-khau/Thong-bao-4215-TB-TCHQ-2024-ket-qua-xac-dinh-truoc-ma-so-Marial-hop-624528.aspx
1,4475/TB-TCHQ,2024,85177921,"SHIELD-RF;SM-A546,C7521,SILVER",mo_ta+ly_do+ngay,https://thuvienphapluat.vn/van-ban/Xuat-nhap-khau/Thong-bao-4475-TB-TCHQ-2024-ket-qua-xac-dinh-truoc-ma-so-doi-voi-SHIELD-RF-625855.aspx
1,4611/TB-TCHQ,2024,21069098,SOUP FLAVOR UL165837,mo_ta+ly_do+ngay,https://thuvienphapluat.vn/van-ban/Xuat-nhap-khau/Thong-bao-4611-TB-TCHQ-2024-ket-qua-xac-dinh-truoc-ma-so-doi-voi-SOUP-FLAVOR-UL165837-628155.aspx
1,4612/TB-TCHQ,2024,28429090,Lithium iron (II) phosphate,mo_ta+ly_do+ngay,https://thuvienphapluat.vn/van-ban/Xuat-nhap-khau/Thong-bao-4612-TB-TCHQ-2024-ket-qua-xac-dinh-truoc-ma-so-doi-voi-Lithium-iron-II-phosphate-628156.aspx
1,4613/TB-TCHQ,2024,29337900,Dung môi hữu cơ N methylpyrrolidone (NMP),mo_ta+ly_do+ngay,https://thuvienphapluat.vn/van-ban/Xuat-nhap-khau/Thong-bao-4613-TB-TCHQ-2024-ket-qua-xac-dinh-truoc-ma-so-Dung-moi-huu-co-NMP-628158.aspx
1,4614/TB-TCHQ,2024,38249999,Lithium-ion Battery Electrolyte,mo_ta+ly_do+ngay,https://thuvienphapluat.vn/van-ban/Xuat-nhap-khau/Thong-bao-4614-TB-TCHQ-2024-ket-qua-xac-dinh-truoc-ma-so-doi-voi-Lithium-ion-Battery-Electrolyte-628160.aspx
1,4615/TB-TCHQ,2024,90318090,"Sensor assay, Soil",mo_ta+ly_do+ngay,https://thuvienphapluat.vn/van-ban/Xuat-nhap-khau/Thong-bao-4615-TB-TCHQ-2024-ket-qua-xac-dinh-truoc-ma-so-doi-voi-Sensor-assay-Soil-628162.aspx
1,4616/TB-TCHQ,2024,34029099,TETRANYL L6-88E/MB,mo_ta+ly_do+ngay,https://thuvienphapluat.vn/van-ban/Xuat-nhap-khau/Thong-bao-4616-TB-TCHQ-2024-ket-qua-xac-dinh-truoc-ma-so-TETRANYL-L6-88E-MB-628165.aspx
1,4617/TB-TCHQ,2024,85444941,PP-UT/2107 Electric Wire,mo_ta+ly_do+ngay,https://thuvienphapluat.vn/van-ban/Xuat-nhap-khau/Thong-bao-4617-TB-TCHQ-2024-ket-qua-xac-dinh-truoc-ma-so-doi-voi-PP-UT-2107-Electric-Wire-628167.aspx
1,4706/TB-TCHQ,2024,91021200,Thiết bị đeo tay thông minh Huawei Band 9,mo_ta+ly_do+ngay,https://thuvienphapluat.vn/van-ban/Xuat-nhap-khau/Thong-bao-4706-TB-TCHQ-2024-ket-qua-xac-dinh-truoc-ma-so-doi-voi-Huawei-Band-9-628191.aspx
1,4707/TB-TCHQ,2024,85177921,Tấm chắn của module màn hình OLED điện thoại di động,mo_ta+ly_do+ngay,https://thuvienphapluat.vn/van-ban/Xuat-nhap-khau/Thong-bao-4707-TB-TCHQ-2024-ket-qua-xac-dinh-truoc-ma-so-doi-voi-Tam-chan-man-hinh-dien-thoai-628192.aspx
1,4708/TB-TCHQ,2024,84798969,Wearable thermo device sensing kit,mo_ta+ly_do+ngay,https://thuvienphapluat.vn/van-ban/Xuat-nhap-khau/Thong-bao-4708-TB-TCHQ-2024-ket-qua-xac-dinh-truoc-ma-so-doi-voi-Wearable-thermo-device-sensing-kit-628193.aspx
1,4745/TB-TCHQ,2024,35040000,SUPRO EX 33,mo_ta+ly_do+ngay,https://thuvienphapluat.vn/van-ban/Xuat-nhap-khau/Thong-bao-4745-TB-TCHQ-2024-ket-qua-xac-dinh-truoc-ma-so-doi-voi-SUPRO-EX-33-628194.aspx
1,4746/TB-TCHQ,2024,38249970,Phụ gia thực phẩm - Maltitol Syrup 75/50,mo_ta+ly_do+ngay,https://thuvienphapluat.vn/van-ban/Xuat-nhap-khau/Thong-bao-4746-TB-TCHQ-2024-ket-qua-xac-dinh-truoc-ma-so-doi-voi-Maltitol-Syrup-75-50-628182.aspx
1,4765/TB-TCHQ,2024,85168090,Self-Regulating Heating Cable,mo_ta+ly_do+ngay,https://thuvienphapluat.vn/van-ban/Xuat-nhap-khau/Thong-bao-4765-TB-TCHQ-2024-ket-qua-xac-dinh-truoc-ma-so-Self-Regulating-Heating-Cable-628183.aspx
1,4777/TB-TCHQ,2024,85437090,Rô bốt dẫn đường,mo_ta+ly_do+ngay,https://thuvienphapluat.vn/van-ban/Xuat-nhap-khau/Thong-bao-4777-TB-TCHQ-2024-ket-qua-xac-dinh-truoc-ma-so-doi-voi-Ro-bot-dan-duong-628101.aspx
1,4778/TB-TCHQ,2024,80030090,HSE-01 No Flux Wire,mo_ta+ly_do+ngay,https://thuvienphapluat.vn/van-ban/Xuat-nhap-khau/Thong-bao-4778-TB-TCHQ-2024-ket-qua-xac-dinh-truoc-ma-so-HSE-01-No-Flux-Wire-628105.aspx
1,4785/TB-TCHQ,2024,84145930,Buồng tắm khí dùng trong thiết bị phòng sạch,mo_ta+ly_do+ngay,https://thuvienphapluat.vn/van-ban/Xuat-nhap-khau/Thong-bao-4785-TB-TCHQ-2024-ket-qua-xac-dinh-truoc-ma-so-Buong-tam-khi-dung-trong-thiet-bi-phong-sach-628111.aspx
1,4786/TB-TCHQ,2024,85366932,Connector,mo_ta+ly_do+ngay,https://thuvienphapluat.vn/van-ban/Xuat-nhap-khau/Thong-bao-4786-TB-TCHQ-2024-ket-qua-xac-dinh-truoc-ma-so-Connector-628093.aspx
1,4787/TB-TCHQ,2024,39123100,Sodium Carboxymethyl Cellulose,mo_ta+ly_do+ngay,https://thuvienphapluat.vn/van-ban/Xuat-nhap-khau/Thong-bao-4787-TB-TCHQ-2024-ket-qua-xac-dinh-truoc-ma-so-Sodium-Carboxymethyl-Cellulose-628097.aspx
1,4788/TB-TCHQ,2024,21069072,Thực phẩm bảo vệ sức khỏe LéAna,mo_ta+ly_do+ngay,https://thuvienphapluat.vn/van-ban/Xuat-nhap-khau/Thong-bao-4788-TB-TCHQ-2024-ket-qua-xac-dinh-truoc-ma-so-Thuc-pham-bao-ve-suc-khoe-LeAna-628100.aspx
1,4789/TB-TCHQ,2024,35040000,VERISOL B SA,mo_ta+ly_do+ngay,https://thuvienphapluat.vn/van-ban/Xuat-nhap-khau/Thong-bao-4789-TB-TCHQ-2024-ket-qua-xac-dinh-truoc-ma-so-VERISOL-B-SA-628141.aspx
1,4790/TB-TCHQ,2024,35040000,PEPTIPLUS XB AGGL,mo_ta+ly_do+ngay,https://thuvienphapluat.vn/van-ban/Xuat-nhap-khau/Thong-bao-4790-TB-TCHQ-2024-ket-qua-xac-dinh-truoc-ma-so-doi-voi-PEPTIPLUS-XB-AGGL-628143.aspx
1,4791/TB-TCHQ,2024,35040000,FORTIGEL B SA,mo_ta+ly_do+ngay,https://thuvienphapluat.vn/van-ban/Xuat-nhap-khau/Thong-bao-4791-TB-TCHQ-2024-ket-qua-xac-dinh-truoc-ma-so-FORTIGEL-B-SA-628144.aspx
1,4814/TB-TCHQ,2024,85389019,FX0104001 Touch Panel,mo_ta+ly_do+ngay,https://thuvienphapluat.vn/van-ban/Xuat-nhap-khau/Thong-bao-4814-TB-TCHQ-2024-ket-qua-xac-dinh-truoc-ma-so-doi-voi-FX0104001-Touch-Panel-628147.aspx
1,4815/TB-TCHQ,2024,85444922,ASCW-0.3 SQMM Electric Wire,mo_ta+ly_do+ngay,https://thuvienphapluat.vn/van-ban/Xuat-nhap-khau/Thong-bao-4815-TB-TCHQ-2024-ket-qua-xac-dinh-truoc-ma-so-doi-voi-ASCW-0-3-SQMM-Electric-Wire-628184.aspx
1,4816/TB-TCHQ,2024,21061000,SUPRO MAX 5013IP,mo_ta+ly_do+ngay,https://thuvienphapluat.vn/van-ban/Xuat-nhap-khau/Thong-bao-4816-TB-TCHQ-2024-ket-qua-xac-dinh-truoc-ma-so-doi-voi-SUPRO-MAX-5013IP-628185.aspx
1,4817/TB-TCHQ,2024,19019031,Thực phẩm bổ sung ageLOC TRME Trimshake Vanilla Flavour Milkshake Power,mo_ta+ly_do+ngay,https://thuvienphapluat.vn/van-ban/Xuat-nhap-khau/Thong-bao-4817-TB-TCHQ-2024-ket-qua-xac-dinh-truoc-ma-so-doi-voi-Thuc-pham-bo-sung-628186.aspx
1,4818/TB-TCHQ,2024,19019031,Thực phẩm bổ sung ageLOC TRME Trimshake Chocolate Flavour Milkshake Power,mo_ta+ly_do+ngay,https://thuvienphapluat.vn/van-ban/Xuat-nhap-khau/Thong-bao-4818-TB-TCHQ-2024-ket-qua-xac-dinh-truoc-ma-so-Thuc-pham-bo-sung-ageLOC-TRME-Trimshake-628187.aspx
1,4856/TB-TCHQ,2024,29369000,Thực phẩm bảo vệ sức khỏe Vitamin D3 + K2 Drops,mo_ta+ly_do+ngay,https://thuvienphapluat.vn/van-ban/Xuat-nhap-khau/Thong-bao-4856-TB-TCHQ-2024-ket-qua-xac-dinh-truoc-ma-so-doi-voi-Vitamin-D3-K2-Drops-628149.aspx
1,4874/TB-TCHQ,2024,28439000,Palladium Solution,mo_ta+ly_do+ngay,https://thuvienphapluat.vn/van-ban/Xuat-nhap-khau/Thong-bao-4874-TB-TCHQ-2024-ket-qua-xac-dinh-truoc-ma-so-doi-voi-Palladium-Solution-628153.aspx
1,49/TB-TCHQ,2024,85176299,AscentComTech SFPP-AT-LP-51-80,mo_ta+ly_do+ngay,https://thuvienphapluat.vn/van-ban/Xuat-nhap-khau/Thong-bao-49-TB-TCHQ-2024-ket-qua-xac-dinh-truoc-ma-so-594881.aspx
1,4967/TB-TCHQ,2024,87091100,CARRYALL 500 (ELECTRICAL UTILITY VEHICLE),mo_ta+ly_do+ngay,https://thuvienphapluat.vn/van-ban/Xuat-nhap-khau/Thong-bao-4967-TB-TCHQ-2024-ket-qua-xac-dinh-truoc-ma-so-doi-voi-CARRYALL-500-627978.aspx
1,51/TB-TCHQ,2024,85176299,AscentComTech SFP-AG-CO-02,mo_ta+ly_do+ngay,https://thuvienphapluat.vn/van-ban/Xuat-nhap-khau/Thong-bao-51-TB-TCHQ-2024-ket-qua-xac-dinh-truoc-ma-so-594885.aspx
1,5182/TB-TCHQ,2024,84818099,"VALVE ASSY, MCVE, EV",mo_ta+ly_do+ngay,https://thuvienphapluat.vn/van-ban/Xuat-nhap-khau/Thong-bao-5182-TB-TCHQ-2024-ket-qua-xac-dinh-truoc-ma-so-VALVE-ASS-MCVE-EV-630738.aspx
1,5192/TB-TCHQ,2024,15179090,Special Mum Omega Capsules,mo_ta+ly_do+ngay,https://thuvienphapluat.vn/van-ban/Xuat-nhap-khau/Thong-bao-5192-TB-TCHQ-2024-Ket-qua-xac-dinh-truoc-ma-so-doi-voi-Special-Mum-Omega-Capsules-630740.aspx
1,5193/TB-TCHQ,2024,09012120,Cà phê phin giấy KOPIKO VOLCANIC DRIP JAVA- KOPIKO VOLCANIC DRIP COFFEE JAVA,mo_ta+ly_do+ngay,https://thuvienphapluat.vn/van-ban/Xuat-nhap-khau/Thong-bao-5193-TB-TCHQ-2024-ket-qua-xac-dinh-truoc-ma-so-Ca-phe-phin-giay-KOPIKO-630741.aspx
1,5194/TB-TCHQ,2024,73181510,Bu lông 90012-KWW-7400 (SCREW TAPPET ADJ),mo_ta+ly_do+ngay,https://thuvienphapluat.vn/van-ban/Xuat-nhap-khau/Thong-bao-5194-TB-TCHQ-2024-ket-qua-xac-dinh-truoc-ma-so-Bu-long-90012-KWW-7400-630742.aspx
1,5195/TB-TCHQ,2024,73181610,Đai ốc HO-001-V41 (NUT TAPPET ADJ),mo_ta+ly_do+ngay,https://thuvienphapluat.vn/van-ban/Xuat-nhap-khau/Thong-bao-5195-TB-TCHQ-2024-ket-qua-xac-dinh-truoc-ma-so-doi-voi-Dai-oc-HO-001-V41-630744.aspx
1,5196/TB-TCHQ,2024,39269093,L6 R Tongue Dial E,mo_ta+ly_do+ngay,https://thuvienphapluat.vn/van-ban/Xuat-nhap-khau/Thong-bao-5196-TB-TCHQ-2024-ket-qua-xac-dinh-truoc-ma-so-doi-voi-L6-R-Tongue-Dial-E-630745.aspx
1,5197/TB-TCHQ,2024,30024900,Chủng xúc tác sinh học độc quyền của Genomatica,mo_ta+ly_do+ngay,https://thuvienphapluat.vn/van-ban/Xuat-nhap-khau/Thong-bao-5197-TB-TCHQ-2024-ket-qua-xac-dinh-truoc-ma-so-Chung-xuc-tac-sinh-hoc-doc-quyen-Genomatica-630746.aspx
1,5198/TB-TCHQ,2024,39199092,Damping layer film,mo_ta+ly_do+ngay,https://thuvienphapluat.vn/van-ban/Xuat-nhap-khau/Thong-bao-5198-TB-TCHQ-2024-ket-qua-xac-dinh-truoc-ma-so-doi-voi-Damping-layer-film-630747.aspx
1,5235/TB-TCHQ,2024,09012120,Cà phê phin giấy KOPIKO VOLCANIC DRIP TORAJA- KOPIKO VOLCANIC DRIP COFFEE TORAJA,mo_ta+ly_do+ngay,https://thuvienphapluat.vn/van-ban/Xuat-nhap-khau/Thong-bao-5235-TB-TCHQ-2024-ket-qua-xac-dinh-truoc-ma-so-doi-voi-Ca-phe-phin-giay-630748.aspx
1,5282/TB-TCHQ,2024,32061990,SheffCoat EC White 5Y00462,mo_ta+ly_do+ngay,https://thuvienphapluat.vn/van-ban/Xuat-nhap-khau/Thong-bao-5282-TB-TCHQ-2024-ket-qua-xac-dinh-truoc-ma-so-SheffCoat-EC-White-5Y00462-632007.aspx
1,5283/TB-TCHQ,2024,30049099,ATRI PLUS INJ,mo_ta+ly_do+ngay,https://thuvienphapluat.vn/van-ban/Xuat-nhap-khau/Thong-bao-5283-TB-TCHQ-2024-ket-qua-xac-dinh-truoc-ma-so-doi-voi-ATRI-PLUS-INJ-630749.aspx
1,5284/TB-TCHQ,2024,30049099,ETMINE,mo_ta+ly_do+ngay,https://thuvienphapluat.vn/van-ban/Xuat-nhap-khau/Thong-bao-5284-TB-TCHQ-2024-ket-qua-xac-dinh-truoc-ma-so-doi-voi-ETMINE-630750.aspx
1,5285/TB-TCHQ,2024,30049099,LEGOMUX,mo_ta+ly_do+ngay,https://thuvienphapluat.vn/van-ban/Xuat-nhap-khau/Thong-bao-5285-TB-TCHQ-2024-ket-qua-xac-dinh-truoc-ma-so-LEGOMUX-630751.aspx
1,5317/TB-TCHQ,2024,29329900,Quercetin dihydrate từ hoa hòe,mo_ta+ly_do+ngay,https://thuvienphapluat.vn/van-ban/Xuat-nhap-khau/Thong-bao-5317-TB-TCHQ-2024-ket-qua-xac-dinh-truoc-ma-so-Quercetin-dihydrate-632002.aspx
1,5432/TB-TCHQ,2024,38109000,LEAD FREE FLUX (LF - 715K),mo_ta+ly_do+ngay,https://thuvienphapluat.vn/van-ban/Xuat-nhap-khau/Thong-bao-5432-TB-TCHQ-2024-ket-qua-xac-dinh-truoc-ma-so-doi-voi-LEAD-FREE-FLUX-631993.aspx
1,5433/TB-TCHQ,2024,39269099,WASHER,mo_ta+ly_do+ngay,https://thuvienphapluat.vn/van-ban/Xuat-nhap-khau/Thong-bao-5433-TB-TCHQ-2024-ket-qua-xac-dinh-truoc-ma-so-doi-voi-WASHER-631992.aspx
1,5510/TB-TCHQ,2024,85299040,Khung thép cố định pin,mo_ta+ly_do+ngay,https://thuvienphapluat.vn/van-ban/Xuat-nhap-khau/Thong-bao-5510-TB-TCHQ-2024-ket-qua-xac-dinh-truoc-ma-so-doi-voi-Khung-thep-co-dinh-pin-632056.aspx
1,5523/TB-TCHQ,2024,21069099,Thực phẩm bổ sung ageLOC TRME TRIMSHAKE GREENSHAKE FLAVOUR MILKSHAKE POWER,mo_ta+ly_do+ngay,https://thuvienphapluat.vn/van-ban/Xuat-nhap-khau/Thong-bao-5523-TB-TCHQ-2024-ket-qua-xac-dinh-truoc-ma-so-ageLOC-TRME-TRIMSHAKE-632060.aspx
1,5875/TB-TCHQ,2024,95030099,ORBOOT EARTH,mo_ta+ly_do+ngay,https://thuvienphapluat.vn/van-ban/Xuat-nhap-khau/Thong-bao-5875-TB-TCHQ-2024-ket-qua-xac-dinh-truoc-ma-so-doi-voi-ORBOOT-EARTH-633326.aspx
1,5876/TB-TCHQ,2024,85177921,Cover Panel,mo_ta+ly_do+ngay,https://thuvienphapluat.vn/van-ban/Xuat-nhap-khau/Thong-bao-5876-TB-TCHQ-2024-ket-qua-xac-dinh-truoc-ma-so-doi-voi-Cover-Panel-633328.aspx
1,5919/TB-TCHQ,2024,85444922,Dây dẫn điện ALVSS200,mo_ta+ly_do+ngay,https://thuvienphapluat.vn/van-ban/Xuat-nhap-khau/Thong-bao-5919-TB-TCHQ-2024-ket-qua-xac-dinh-truoc-ma-so-doi-voi-Day-dan-dien-ALVSS200-633961.aspx
1,5920/TB-TCHQ,2024,85444922,Dây dẫn điện ALDUS035,mo_ta+ly_do+ngay,https://thuvienphapluat.vn/van-ban/Xuat-nhap-khau/Thong-bao-5920-TB-TCHQ-2024-ket-qua-xac-dinh-truoc-ma-so-Day-dan-dien-ALDUS035-633962.aspx
1,5921/TB-TCHQ,2024,85444922,"Dây điện đơn mềm bằng đồng có vỏ bọc cách điện bằng nhựa, dùng trong sản xuất bộ dây dẫn điện của ô tô",mo_ta+ly_do+ngay,https://thuvienphapluat.vn/van-ban/Xuat-nhap-khau/Thong-bao-5921-TB-TCHQ-2024-ket-qua-xac-dinh-truoc-ma-so-Day-dien-don-mem-bang-dong-633958.aspx
1,5922/TB-TCHQ,2024,84231010,Máy phân tích thành phần cơ thể Tanita DC-430MA,mo_ta+ly_do+ngay,https://thuvienphapluat.vn/van-ban/Xuat-nhap-khau/Thong-bao-5922-TB-TCHQ-2024-ket-qua-xac-dinh-truoc-ma-so-May-phan-tich-co-the-Tanita-DC-430MA-633956.aspx
1,5951/TB-TCHQ,2024,84313990,"Impact Roller - Con lăn giảm chấn bằng thép bọc cao su, có tích hợp vòng bi, bộ phận của dây chuyền băng tải công nghiệp",mo_ta+ly_do+ngay,https://thuvienphapluat.vn/van-ban/Xuat-nhap-khau/Thong-bao-5951-TB-TCHQ-2024-ket-qua-xac-dinh-truoc-ma-so-Con-lan-giam-chan-636300.aspx
1,5967/TB-TCHQ,2024,85183020,Tai nghe bluetooth Huawei Freebuds 6i,mo_ta+ly_do+ngay,https://thuvienphapluat.vn/van-ban/Xuat-nhap-khau/Thong-bao-5967-TB-TCHQ-2024-ket-qua-xac-dinh-truoc-ma-so-tai-nghe-Huawei-Freebuds-6i-636301.aspx
1,5968/TB-TCHQ,2024,85183020,Tai nghe bluetooth Huawei FreeClip,mo_ta+ly_do+ngay,https://thuvienphapluat.vn/van-ban/Xuat-nhap-khau/Thong-bao-5968-TB-TCHQ-2024-ket-qua-xac-dinh-truoc-ma-so-Tai-nghe-bluetooth-Huawei-FreeClip-636303.aspx
1,5969/TB-TCHQ,2024,85183020,,mo_ta+ly_do+ngay,https://thuvienphapluat.vn/van-ban/Xuat-nhap-khau/Thong-bao-5969-TB-TCHQ-2024-ket-qua-xac-dinh-truoc-ma-so-636306.aspx
1,5970/TB-TCHQ,2024,85177999,"FREQ-CIRCULATOR;2110-2170Mhz,20DB,0.25DB",mo_ta+ly_do+ngay,https://thuvienphapluat.vn/van-ban/Xuat-nhap-khau/Thong-bao-5970-TB-TCHQ-2024-ket-qua-xac-dinh-truoc-ma-so-FREQ-CIRCULATOR-636310.aspx
1,5971/TB-TCHQ,2024,39269093,M4 R Housing 25mm Dial C Lace Lock 1,mo_ta+ly_do+ngay,https://thuvienphapluat.vn/van-ban/Xuat-nhap-khau/Thong-bao-5971-TB-TCHQ-2024-ket-qua-xac-dinh-truoc-ma-so-M4-R-Housing-25mm-Dial-C-Lace-Lock-1-636089.aspx
1,5973/TB-TCHQ,2024,84812090,Manifold Slow Speed Asep,mo_ta+ly_do+ngay,https://thuvienphapluat.vn/van-ban/Xuat-nhap-khau/Thong-bao-5973-TB-TCHQ-2024-ket-qua-xac-dinh-truoc-ma-so-636313.aspx
1,6011/TB-TCHQ,2024,39269093,L+1 R Tongue Dial D Lace Lock 1,mo_ta+ly_do+ngay,https://thuvienphapluat.vn/van-ban/Xuat-nhap-khau/Thong-bao-6011-TB-TCHQ-2024-ket-qua-xac-dinh-truoc-ma-so-L-1-R-Tongue-Dial-D-Lace-Lock-1-634657.aspx
1,6012/TB-TCHQ,2024,39269093,H4 Coiler Dial G,mo_ta+ly_do+ngay,https://thuvienphapluat.vn/van-ban/Xuat-nhap-khau/Thong-bao-6012-TB-TCHQ-2024-ket-qua-xac-dinh-truoc-ma-so-doi-voi-H4-Coiler-Dial-G-634662.aspx
1,6014/TB-TCHQ,2024,39269093,M+2 PowerPull R Remote Dial A No Lace Lock,mo_ta+ly_do+ngay,https://thuvienphapluat.vn/van-ban/Xuat-nhap-khau/Thong-bao-6014-TB-TCHQ-2024-ket-qua-xac-dinh-truoc-ma-so-M-2-PowerPull-R-Remote-Dial-A-No-Lace-Lock-634658.aspx
1,6015/TB-TCHQ,2024,21022090,Humiome Post LB,mo_ta+ly_do+ngay,https://thuvienphapluat.vn/van-ban/Xuat-nhap-khau/Thong-bao-6015-TB-TCHQ-2024-ket-qua-xac-dinh-truoc-ma-so-Humiome-Post-LB-634659.aspx
1,6016/TB-TCHQ,2024,38249999,Teco-API Bentonite Export,mo_ta+ly_do+ngay,https://thuvienphapluat.vn/van-ban/Xuat-nhap-khau/Thong-bao-6016-TB-TCHQ-2024-ket-qua-xac-dinh-truoc-ma-so-Teco-API-Bentonite-Export-634663.aspx
1,6017/TB-TCHQ,2024,38249970,Leona XK-Cake Stabilizer Gel,mo_ta+ly_do+ngay,https://thuvienphapluat.vn/van-ban/Xuat-nhap-khau/Thong-bao-6017-TB-TCHQ-2024-ket-qua-xac-dinh-truoc-ma-so-636319.aspx
1,6058/TB-TCHQ,2024,84819021,"Thân vòi chậu rửa tự động (hình dáng chữ L, biên dạng mặt cắt hình bán nguyệt và hình thang)",mo_ta+ly_do+ngay,https://thuvienphapluat.vn/van-ban/Xuat-nhap-khau/Thong-bao-6058-TB-TCHQ-2024-ket-qua-xac-dinh-truoc-ma-so-doi-voi-Than-voi-chau-rua-tu-dong-637080.aspx
1,6059/TB-TCHQ,2024,84819021,Thân của vòi chậu rửa (hình dáng chữ L),mo_ta+ly_do+ngay,https://thuvienphapluat.vn/van-ban/Xuat-nhap-khau/Thong-bao-6059-TB-TCHQ-2024-ket-qua-xac-dinh-truoc-ma-so-Than-cua-voi-chau-rua-634650.aspx
1,6101/TB-TCHQ,2024,30049099,Colpofix,mo_ta+ly_do+ngay,https://thuvienphapluat.vn/van-ban/Xuat-nhap-khau/Thong-bao-6101-TB-TCHQ-2024-ket-qua-xac-dinh-truoc-ma-so-doi-voi-Colpofix-635173.aspx
1,6157/TB-TCHQ,2024,21069072,Thực phẩm bảo vệ sức khỏe Lachsoil - extra OMEGA - 3,mo_ta+ly_do+ngay,https://thuvienphapluat.vn/van-ban/Xuat-nhap-khau/Thong-bao-6157-TB-TCHQ-2024-ket-qua-xac-dinh-truoc-ma-so-Lachsoil-extra-OMEGA-3-636328.aspx
1,6158/TB-TCHQ,2024,21069072,Thực phẩm bảo vệ sức khoẻ Omega 3 SUPRA KAPSELN,mo_ta+ly_do+ngay,https://thuvienphapluat.vn/van-ban/Xuat-nhap-khau/Thong-bao-6158-TB-TCHQ-2024-ket-qua-xac-dinh-truoc-ma-so-Omega-3-SUPRA-KAPSELN-636332.aspx
1,6159/TB-TCHQ,2024,48211090,"Hangtag TT+QR: L6,L+1,M3,M4,M3v2,M+2,H3,H4 - Large",mo_ta+ly_do+ngay,https://thuvienphapluat.vn/van-ban/Xuat-nhap-khau/Thong-bao-6159-TB-TCHQ-2024-ket-qua-xac-dinh-truoc-ma-so-doi-voi-Hangtag-TT-QR-635577.aspx
1,6207/TB-TCHQ,2024,30059090,"Hyalo4 Skin, Gel",mo_ta+ly_do+ngay,https://thuvienphapluat.vn/van-ban/Xuat-nhap-khau/Thong-bao-6207-TB-TCHQ-2024-ket-qua-xac-dinh-truoc-ma-so-doi-voi-Hyalo4-Skin-Gel-635578.aspx
1,6208/TB-TCHQ,2024,30059090,"Hyalo4 Plus, Cream",mo_ta+ly_do+ngay,https://thuvienphapluat.vn/van-ban/Xuat-nhap-khau/Thong-bao-6208-TB-TCHQ-2024-ket-qua-xac-dinh-truoc-ma-so-doi-voi-Hyalo4-Plus-Cream-635580.aspx
1,622/TB-TCHQ,2024,85258920,"Camera đã gắn dây dẫn tín hiệu điện, bảng mạch in gắn đầu kết nối và LED",mo_ta+ly_do+ngay,https://thuvienphapluat.vn/van-ban/Xuat-nhap-khau/Thong-bao-622-TB-TCHQ-2024-ket-qua-xac-dinh-truoc-ma-so-Camera-gan-day-dan-tin-hieu-dien-599821.aspx
1,6305/TB-TCHQ,2024,29369000,K2VITAL 1% MCT OIL,mo_ta+ly_do+ngay,https://thuvienphapluat.vn/van-ban/Xuat-nhap-khau/Thong-bao-6305-TB-TCHQ-2024-ket-qua-xac-dinh-truoc-ma-so-doi-voi-K2VITAL-1-MCT-OIL-636753.aspx
1,6311/TB-TCHQ,2024,28439000,Rhodium Solution,mo_ta+ly_do+ngay,https://thuvienphapluat.vn/van-ban/Xuat-nhap-khau/Thong-bao-6311-TB-TCHQ-2024-ket-qua-xac-dinh-truoc-ma-so-doi-voi-Rhodium-Solution-636752.aspx
1,6313/TB-TCHQ,2024,19049010,Freeze Dried Rice Crispy Durian/ Xôi sầu riêng sấy thăng hoa,mo_ta+ly_do+ngay,https://thuvienphapluat.vn/van-ban/Xuat-nhap-khau/Thong-bao-6313-TB-TCHQ-2024-ket-qua-xac-dinh-truoc-ma-so-Freeze-Dried-Rice-Crispy-Durian-636754.aspx
1,6316/TB-TCHQ,2024,39269093,H+i1 PowerPull L Dial A,mo_ta+ly_do+ngay,https://thuvienphapluat.vn/van-ban/Xuat-nhap-khau/Thong-bao-6316-TB-TCHQ-2024-ket-qua-xac-dinh-truoc-ma-so-doi-voi-H-i1-PowerPull-L-Dial-A-640016.aspx
1,6317/TB-TCHQ,2024,39269093,Li2 L Eyestay Dial A,mo_ta+ly_do+ngay,https://thuvienphapluat.vn/van-ban/Xuat-nhap-khau/Thong-bao-6317-TB-TCHQ-2024-ket-qua-xac-dinh-truoc-ma-so-doi-voi-Li2-L-Eyestay-Dial-A-640017.aspx
1,6326/TB-TCHQ,2024,85371099,Bản mạch điều khiển PCBA PM-315C-01 (SA PCB NA028438),mo_ta+ly_do+ngay,https://thuvienphapluat.vn/van-ban/Xuat-nhap-khau/Thong-bao-6326-TB-TCHQ-2024-ket-qua-xac-dinh-truoc-ma-so-Ban-mach-dieu-khien-PCBA-PM-315C-01-638901.aspx
1,6331/TB-TCHQ,2024,38109000,FLUX TLF-800M-1(6),mo_ta+ly_do+ngay,https://thuvienphapluat.vn/van-ban/Xuat-nhap-khau/Thong-bao-6331-TB-TCHQ-2024-ket-qua-xac-dinh-truoc-ma-so-FLUX-TLF-800M-1-6-638902.aspx
1,64/TB-TCHQ,2024,39201090,Màng nhựa EVA,mo_ta+ly_do+ngay,https://thuvienphapluat.vn/van-ban/Xuat-nhap-khau/Thong-bao-64-TB-TCHQ-2024-ket-qua-xac-dinh-truoc-ma-so-Mang-nhua-EVA-596691.aspx
1,6439/TB-TCHQ,2024,19011020,APTAMIL PROFUTURA CESARBIOTIK 1 INFANT FORMULA,mo_ta+ly_do+ngay,https://thuvienphapluat.vn/van-ban/Xuat-nhap-khau/Thong-bao-6439-TB-TCHQ-2024-ket-qua-xac-dinh-truoc-ma-so-APTAMIL-PROFUTURA-CESARBIOTIK-637435.aspx
1,6440/TB-TCHQ,2024,85176259,Thiết bị đeo tay thông minh Huawei Watch GT 5 (phiên bản đường kính 46mm),mo_ta+ly_do+ngay,https://thuvienphapluat.vn/van-ban/Xuat-nhap-khau/Thong-bao-6440-TB-TCHQ-2024-ket-qua-xac-dinh-truoc-ma-so-Thiet-bi-deo-tay-Huawei-Watch-GT-5-640065.aspx
1,6441/TB-TCHQ,2024,85176259,Thiết bị đeo tay thông minh Huawei Watch GT 5 (phiên bản đường kính 41 mm),mo_ta+ly_do+ngay,https://thuvienphapluat.vn/van-ban/Xuat-nhap-khau/Thong-bao-6441-TB-TCHQ-2024-ket-qua-xac-dinh-truoc-ma-so-Thiet-bi-deo-tay-Huawei-Watch-GT-5-640066.aspx
1,6442/TB-TCHQ,2024,85176259,Thiết bị đeo tay thông minh Huawei Watch GT 5 Pro (phiên bản đường kính 46mm),mo_ta+ly_do+ngay,https://thuvienphapluat.vn/van-ban/Xuat-nhap-khau/Thong-bao-6442-TB-TCHQ-2024-ket-qua-xac-dinh-truoc-ma-so-640067.aspx
1,6443/TB-TCHQ,2024,85176259,Thiết bị đeo tay thông minh Huawei Watch GT 5 Pro (phiên bản đường kính 42mm),mo_ta+ly_do+ngay,https://thuvienphapluat.vn/van-ban/Xuat-nhap-khau/Thong-bao-6443-TB-TCHQ-2024-ket-qua-xac-dinh-truoc-ma-so-deo-tay-Huawei-Watch-GT-5-Pro-640068.aspx
1,6447/TB-TCHQ,2024,19019031,APTAMIL PROFUTURA KID CESARBIOTIK 3 GROWING UP MILK FORMULA,mo_ta+ly_do+ngay,https://thuvienphapluat.vn/van-ban/Xuat-nhap-khau/Thong-bao-6447-TB-TCHQ-2024-ket-qua-xac-dinh-truoc-ma-so-640163.aspx
1,6448/TB-TCHQ,2024,19011020,APTAMIL PROFUTURA DUOBIOTIK 1,mo_ta+ly_do+ngay,https://thuvienphapluat.vn/van-ban/Xuat-nhap-khau/Thong-bao-6448-TB-TCHQ-2024-ket-qua-xac-dinh-truoc-ma-so-640164.aspx
1,6449/TB-TCHQ,2024,19011020,APTAMIL PROFUTURA DUOBIOTIK 2,mo_ta+ly_do+ngay,https://thuvienphapluat.vn/van-ban/Xuat-nhap-khau/Thong-bao-6449-TB-TCHQ-2024-ket-qua-xac-dinh-truoc-ma-so-APTAMIL-PROFUTURA-DUOBIOTIK-2-639435.aspx
1,6450/TB-TCHQ,2024,19011020,APTAMIL PROFUTURA CESARBIOTIK 2 FOLLOW ON FORMULA,mo_ta+ly_do+ngay,https://thuvienphapluat.vn/van-ban/Xuat-nhap-khau/Thong-bao-6450-TB-TCHQ-2024-ket-qua-xac-dinh-truoc-ma-so-APTAMIL-PROFUTURA-CESARBIOTIK-639434.aspx
1,6488/TB-TCHQ,2024,08134090,Freeze Dried Durian Monthong/ Sầu riêng Monthong sấy thăng hoa,mo_ta+ly_do+ngay,https://thuvienphapluat.vn/van-ban/Xuat-nhap-khau/Thong-bao-6488-TB-TCHQ-2024-ket-qua-xac-dinh-truoc-ma-so-Freeze-Dried-Durian-Monthong-637436.aspx
1,6489/TB-TCHQ,2024,19049010,Freeze Dried Rice Crispy Lod Chong/Chè Thái sấy thăng hoa,mo_ta+ly_do+ngay,https://thuvienphapluat.vn/van-ban/Xuat-nhap-khau/Thong-bao-6489-TB-TCHQ-2024-ket-qua-xac-dinh-truoc-ma-so-Freeze-Dried-Rice-Crispy-Lod-Chong-637438.aspx
1,6490/TB-TCHQ,2024,19049010,Freeze Dried Rice Crispy Mango/ Xôi xoài sấy thăng hoa,mo_ta+ly_do+ngay,https://thuvienphapluat.vn/van-ban/Xuat-nhap-khau/Thong-bao-6490-TB-TCHQ-2024-ket-qua-xac-dinh-truoc-ma-so-Freeze-Dried-Rice-Crispy-Mango-637437.aspx
1,681/TB-TCHQ,2024,90318090,Vòng đeo đo sóng điện não và xung điện,mo_ta+ly_do+ngay,https://thuvienphapluat.vn/van-ban/Xuat-nhap-khau/Thong-bao-681-TB-TCHQ-2024-ket-qua-xac-dinh-truoc-ma-so-Vong-deo-do-song-dien-nao-xung-dien-599826.aspx
1,953/TB-TCHQ,2024,85444941,CY-TW-4C + 2 CAT 5E U/UTP CABLE,mo_ta+ly_do+ngay,https://thuvienphapluat.vn/van-ban/Xuat-nhap-khau/Thong-bao-953-TB-TCHQ-2024-xac-dinh-truoc-ma-so-CY-TW-4C-2-CAT-5E-U-UTP-CABLE-605287.aspx
1,971/TB-TCHQ,2024,85249100,LCD O-cell 75inch,mo_ta+ly_do+ngay,https://thuvienphapluat.vn/van-ban/Xuat-nhap-khau/Thong-bao-971-TB-TCHQ-2024-quy-dinh-ket-qua-xac-dinh-truoc-ma-so-LCD-O-cell-75inch-605289.aspx
1,101/TB-TCHQ,2023,39269099,"Chốt cài nhựa MEC00001913, dùng để lắp ráp cốp để đồ của xe máy điện",mo_ta+ly_do+ngay,https://thuvienphapluat.vn/van-ban/Xuat-nhap-khau/Thong-bao-101-TB-TCHQ-2023-ket-qua-xac-dinh-truoc-ma-so-Chot-cai-nhua-MEC00001913-550574.aspx
1,102/TB-TCHQ,2023,39269099,Vít bằng nhựa MKC00001914 dùng để làm chốt cốp để đồ của xe máy điện,mo_ta+ly_do+ngay,https://thuvienphapluat.vn/van-ban/Xuat-nhap-khau/Thong-bao-102-TB-TCHQ-2023-ket-qua-xac-dinh-truoc-ma-so-Vit-bang-nhua-MKC00001914-550575.aspx
1,1107/TB-TCHQ,2023,30049099,"Differin Cream 0,1%",mo_ta+ly_do+ngay,https://thuvienphapluat.vn/van-ban/Xuat-nhap-khau/Thong-bao-1107-TB-TCHQ-2023-ket-qua-xac-dinh-truoc-ma-so-Differin-Cream-0-1-559606.aspx
1,118/TB-TCHQ,2023,19019020,Thực phẩm bổ sung - bột thức uống lúa mạch vị sôcôla energen champion/ energen champion powdered chocolate malt drink,mo_ta+ly_do+ngay,https://thuvienphapluat.vn/van-ban/Xuat-nhap-khau/Thong-bao-118-TB-TCHQ-2023-xac-dinh-truoc-ma-so-bot-thuc-uong-lua-mach-vi-socola-550576.aspx
1,1220/TB-TCHQ,2023,04041011,"Whey protein concentrate, Lacprodan MFGM-10",mo_ta+ly_do+ngay,https://thuvienphapluat.vn/van-ban/Xuat-nhap-khau/Thong-bao-1220-TB-TCHQ-2023-ket-qua-xac-dinh-truoc-ma-so-Whey-protein-concentrate-561432.aspx
1,1257/TB-TCHQ,2023,19053220,Bánh cuộn trứng Grey,mo_ta+ly_do+ngay,https://thuvienphapluat.vn/van-ban/Xuat-nhap-khau/Thong-bao-1257-TB-TCHQ-2023-ket-qua-xac-dinh-truoc-ma-so-Banh-cuon-trung-Grey-561436.aspx
1,1258/TB-TCHQ,2023,12119098,Butterfly Pea Sterilized Powder,mo_ta+ly_do+ngay,https://thuvienphapluat.vn/van-ban/Xuat-nhap-khau/Thong-bao-1258-TB-TCHQ-2023-ket-qua-xac-dinh-truoc-ma-so-doi-voi-Butterfly-Pea-Sterilized-Powder-561438.aspx
1,1259/TB-TCHQ,2023,84089099,Động cơ diesel dùng cho tổ máy phát điện,mo_ta+ly_do+ngay,https://thuvienphapluat.vn/van-ban/Xuat-nhap-khau/Thong-bao-1259-TB-TCHQ-2023-ket-qua-xac-dinh-truoc-ma-so-Dong-co-diesel-cho-to-may-phat-dien-561439.aspx
1,1293/TB-TCHQ,2023,38249999,Mặt nạ xông hơi mắt MegRhythm,mo_ta+ly_do+ngay,https://thuvienphapluat.vn/van-ban/Xuat-nhap-khau/Thong-bao-1293-TB-TCHQ-2023-ket-qua-xac-dinh-truoc-ma-so-Mat-na-xong-hoi-mat-MegRhythm-561440.aspx
1,1294/TB-TCHQ,2023,38249999,Mặt nạ xông hơi mắt MegRhythm,mo_ta+ly_do+ngay,https://thuvienphapluat.vn/van-ban/Xuat-nhap-khau/Thong-bao-1294-TB-TCHQ-2023-ket-qua-xac-dinh-truoc-ma-so-Mat-na-xong-hoi-mat-MegRhythm-561441.aspx
1,1311/TB-TCHQ,2023,28421000,Sipernat 820A,mo_ta+ly_do+ngay,https://thuvienphapluat.vn/van-ban/Xuat-nhap-khau/Thong-bao-1311-TB-TCHQ-2023-ket-qua-xac-dinh-truoc-ma-so-Sipernat-820A-561443.aspx
1,1322/TB-TCHQ,2023,39076100,PET CHIP COPOLYMER BOTTLE GRADE I.V 0.80 (+/- 0.015),mo_ta+ly_do+ngay,https://thuvienphapluat.vn/van-ban/Xuat-nhap-khau/Thong-bao-1322-TB-TCHQ-2023-ket-qua-xac-dinh-truoc-ma-so-PET-CHIP-COPOLYMER-BOTTLE-GRADE-561444.aspx
1,1504/TB-TCHQ,2023,32074000,"hạt thủy tinh, kích thước từ 0.045mm đến 0.3mm",mo_ta+ly_do+ngay,https://thuvienphapluat.vn/van-ban/Xuat-nhap-khau/Thong-bao-1504-TB-TCHQ-2023-ket-qua-xac-dinh-truoc-ma-so-hat-thuy-tinh-kich-thuoc-tu-0-045mm-563239.aspx
1,1505/TB-TCHQ,2023,21023000,Textur-melt NW841,mo_ta+ly_do+ngay,https://thuvienphapluat.vn/van-ban/Xuat-nhap-khau/Thong-bao-1505-TB-TCHQ-2023-ket-qua-xac-dinh-truoc-ma-so-doi-voi-Textur-melt-NW841-563240.aspx
1,1506/TB-TCHQ,2023,85045095,"Kháng bù ngang (Shunt reactor) 550kV-65MVAr, loại ngâm trong dầu (oil immersed)",mo_ta+ly_do+ngay,https://thuvienphapluat.vn/van-ban/Xuat-nhap-khau/Thong-bao-1506-TB-TCHQ-2023-ket-qua-xac-dinh-truoc-ma-so-doi-voi-Khang-bu-ngang-563241.aspx
1,1553/TB-TCHQ,2023,38249999,mặt nạ xông hơi mắt MegRhythm - hương sảng khoái,mo_ta+ly_do+ngay,https://thuvienphapluat.vn/van-ban/Xuat-nhap-khau/Thong-bao-1553-TB-TCHQ-2023-ket-qua-xac-dinh-truoc-ma-so-mat-na-xong-hoi-mat-MegRhythm-563245.aspx
1,1572/TB-TCHQ,2023,85340030,"Bản mạch in điện tử nhiều lớp, in 2 mặt chưa được gắn linh kiện, model 6870C-099B, hàng mới 100%",mo_ta+ly_do+ngay,https://thuvienphapluat.vn/van-ban/Xuat-nhap-khau/Thong-bao-1572-TB-TCHQ-2023-ket-qua-xac-dinh-truoc-ma-so-Ban-mach-in-dien-tu-nhieu-lop-563247.aspx
1,1663/TB-TCHQ,2023,33049990,gynofem,mo_ta+ly_do+ngay,https://thuvienphapluat.vn/van-ban/Xuat-nhap-khau/Thong-bao-1663-TB-TCHQ-2023-ket-qua-xac-dinh-truoc-ma-so-doi-voi-gynofem-563251.aspx
1,1672/TB-TCHQ,2023,27075000,xăng nhiệt phân giai đoạn 1,mo_ta+ly_do+ngay,https://thuvienphapluat.vn/van-ban/Xuat-nhap-khau/Thong-bao-1672-TB-TCHQ-2023-ket-qua-xac-dinh-truoc-ma-so-doi-voi-xang-nhiet-phan-giai-doan-1-563252.aspx
1,1703/TB-TCHQ,2023,35061000,Chất kết dính ELOCTITE E 1216M 55CC EN/CH/JP,mo_ta+ly_do+ngay,https://thuvienphapluat.vn/van-ban/Xuat-nhap-khau/Thong-bao-1703-TB-TCHQ-2023-ket-qua-xac-dinh-truoc-ma-so-Chat-ket-dinh-ELOCTITE-564612.aspx
1,1704/TB-TCHQ,2023,35061000,Chất kết dính Epoxy LOCTITE ECCOBOND UF 3808 55MLEC,mo_ta+ly_do+ngay,https://thuvienphapluat.vn/van-ban/Xuat-nhap-khau/Thong-bao-1704-TB-TCHQ-2023-ket-qua-xac-dinh-truoc-ma-so-doi-voi-Chat-ket-dinh-Epoxy-563253.aspx
1,1705/TB-TCHQ,2023,35061000,chất kết dính (các polyme acrylic) LOCTITE ECCOBOND EN 341055CC,mo_ta+ly_do+ngay,https://thuvienphapluat.vn/van-ban/Xuat-nhap-khau/Thong-bao-1705-TB-TCHQ-2023-ket-qua-xac-dinh-truoc-ma-so-chat-ket-dinh-cac-polyme-acrylic-563255.aspx
1,1706/TB-TCHQ,2023,35061000,Chất kết dính làm từ Epoxy LOCTITE 3517M 30CC EN/CH,mo_ta+ly_do+ngay,https://thuvienphapluat.vn/van-ban/Xuat-nhap-khau/Thong-bao-1706-TB-TCHQ-2023-xac-dinh-truoc-ma-so-Chat-ket-dinh-lam-tu-Epoxy-LOCTITE-564613.aspx
1,1714/TB-TCHQ,2023,85176269,Nút gọi y tá (thiết bị báo hiệu dùng cho bệnh nhân cần sự trợ giúp của y tá),mo_ta+ly_do+ngay,https://thuvienphapluat.vn/van-ban/Xuat-nhap-khau/Thong-bao-1714-TB-TCHQ-2023-ket-qua-xac-dinh-truoc-ma-so-doi-voi-Nut-goi-y-ta-563257.aspx
1,1715/TB-TCHQ,2023,30049099,Thuốc Tavanic,mo_ta+ly_do+ngay,https://thuvienphapluat.vn/van-ban/Xuat-nhap-khau/Thong-bao-1715-TB-TCHQ-2023-ket-qua-xac-dinh-truoc-ma-so-doi-voi-Thuoc-Tavanic-563258.aspx
1,1771/TB-TCHQ,2023,30042091,Thuốc Rodogyl,mo_ta+ly_do+ngay,https://thuvienphapluat.vn/van-ban/Xuat-nhap-khau/Thong-bao-1771-TB-TCHQ-2023-ket-qua-xac-dinh-truoc-ma-so-Thuoc-Rodogyl-564614.aspx
1,1800/TB-TCHQ,2023,30049099,NeilMed Sinus Rinse Kit 60 sachets,mo_ta+ly_do+ngay,https://thuvienphapluat.vn/van-ban/Xuat-nhap-khau/Thong-bao-1800-TB-TCHQ-2023-xac-dinh-truoc-ma-so-NeiMed-Sirus-Rinse-Kit-60-sachers-564616.aspx
1,1801/TB-TCHQ,2023,30049099,NeilMed Sinus Rinse 10 sachets,mo_ta+ly_do+ngay,https://thuvienphapluat.vn/van-ban/Xuat-nhap-khau/Thong-bao-1801-TB-TCHQ-2023-ket-qua-xac-dinh-truoc-ma-so-Neilmed-Sinus-Rinse-10-sachets-564617.aspx
1,1802/TB-TCHQ,2023,30049099,NeilMed Sinus Rinse Pediatric Starter Kit,mo_ta+ly_do+ngay,https://thuvienphapluat.vn/van-ban/Xuat-nhap-khau/Thong-bao-1802-TB-TCHQ-2023-ket-qua-xac-dinh-truoc-ma-so-NeilMed-Sinus-Rinse-Pediatric-Starter-Kit-564618.aspx
1,1803/TB-TCHQ,2023,56031100,Vải không dệt green 10gsm,mo_ta+ly_do+ngay,https://thuvienphapluat.vn/van-ban/Xuat-nhap-khau/Thong-bao-1803-TB-TCHQ-2023-ket-qua-xac-dinh-truoc-ma-so-Vai-khong-det-green-10gsm-564619.aspx
1,1804/TB-TCHQ,2023,56031100,Vải không dệt white 15gsm,mo_ta+ly_do+ngay,https://thuvienphapluat.vn/van-ban/Xuat-nhap-khau/Thong-bao-1804-TB-TCHQ-2023-ket-qua-xac-dinh-truoc-ma-so-Vai-khong-det-white-15gsm-564620.aspx
1,187/TB-TCHQ,2023,20098999,Acerola Spray - Dried Juice (Powder),mo_ta+ly_do+ngay,https://thuvienphapluat.vn/van-ban/Xuat-nhap-khau/Thong-bao-187-TB-TCHQ-2023-ket-qua-xac-dinh-truoc-ma-so-doi-voi-Acerola-Spray-Dried-Juice-Powder-551567.aspx
1,188/TB-TCHQ,2023,38249999,MS GOLDDUST,mo_ta+ly_do+ngay,https://thuvienphapluat.vn/van-ban/Xuat-nhap-khau/Thong-bao-188-TB-TCHQ-2023-ket-qua-xac-dinh-truoc-ma-so-doi-voi-MS-GOLDDUST-551568.aspx
1,1883/TB-TCHQ,2023,33021030,Hương làm đầy tổng hợp-T-BE MICRON,mo_ta+ly_do+ngay,https://thuvienphapluat.vn/van-ban/Xuat-nhap-khau/Thong-bao-1883-TB-TCHQ-2023-ket-qua-xac-dinh-truoc-ma-so-Huong-lam-day-tong-hop-T-BE-MICRON-564621.aspx
1,1884/TB-TCHQ,2023,82055900,"Lưỡi dao, dùng để lắp vào con dao",mo_ta+ly_do+ngay,https://thuvienphapluat.vn/van-ban/Xuat-nhap-khau/Thong-bao-1884-TB-TCHQ-2023-ket-qua-xac-dinh-truoc-ma-so-Luoi-dao-dung-de-lap-vao-con-dao-564622.aspx
1,1885/TB-TCHQ,2023,39079990,Upcycled Poly(butylene terephthalate),mo_ta+ly_do+ngay,https://thuvienphapluat.vn/van-ban/Xuat-nhap-khau/Thong-bao-1885-TB-TCHQ-2023-ket-qua-xac-dinh-truoc-ma-so-doi-voi-Upcycled-Poly-564624.aspx
1,1886/TB-TCHQ,2023,19019099,Bread Crumbs Panko,mo_ta+ly_do+ngay,https://thuvienphapluat.vn/van-ban/Xuat-nhap-khau/Thong-bao-1886-TB-TCHQ-2023-ket-qua-xac-dinh-truoc-ma-so-Bread-Crumbs-Panko-564626.aspx
1,1887/TB-TCHQ,2023,85340030,HPCB(R0.4E)SM-A146B USB PBA(A14_5G),mo_ta+ly_do+ngay,https://thuvienphapluat.vn/van-ban/Xuat-nhap-khau/Thong-bao-1887-TB-TCHQ-2023-ket-qua-xac-dinh-truoc-ma-so-HPCB-R0-4E-SM-A146B-USB-PBA-564628.aspx
1,189/TB-TCHQ,2023,27111490,C4 Thô,mo_ta+ly_do+ngay,https://thuvienphapluat.vn/van-ban/Xuat-nhap-khau/Thong-bao-189-TB-TCHQ-2023-ket-qua-xac-dinh-truoc-ma-so-doi-voi-C4-Tho-551569.aspx
1,190/TB-TCHQ,2023,27111490,C4 Raffinate-1,mo_ta+ly_do+ngay,https://thuvienphapluat.vn/van-ban/Xuat-nhap-khau/Thong-bao-190-TB-TCHQ-2023-ket-qua-xac-dinh-truoc-ma-so-doi-voi-C4-Raffinate-1-551570.aspx
1,2014/TB-TCHQ,2023,73261900,TAB-S7/S7+ PEN HOLDER RING-1,mo_ta+ly_do+ngay,https://thuvienphapluat.vn/van-ban/Xuat-nhap-khau/Thong-bao-2014-TB-TCHQ-2023-ket-qua-xac-dinh-truoc-ma-so-TAB-S7-S7-PEN-HOLDER-RING-1-567739.aspx
1,2015/TB-TCHQ,2023,73261900,TAB-S7 PEN HOLDER STEEL-1,mo_ta+ly_do+ngay,https://thuvienphapluat.vn/van-ban/Xuat-nhap-khau/Thong-bao-2015-TB-TCHQ-2023-ket-qua-xac-dinh-truoc-ma-so-doi-voi-TAB-S7-PEN-HOLDER-STEEL-1-567740.aspx
1,2016/TB-TCHQ,2023,73261900,TAB-S7 PEN HOLDER RING-2,mo_ta+ly_do+ngay,https://thuvienphapluat.vn/van-ban/Xuat-nhap-khau/Thong-bao-2016-TB-TCHQ-2023-ket-qua-xac-dinh-truoc-ma-so-doi-voi-TAB-S7-PEN-HOLDER-RING-2-567741.aspx
1,2017/TB-TCHQ,2023,73261900,"TAB-S7/S7+ HINGE RING TAB-S7/S7+ REAR RING, (11*2.5*0.4)mm",mo_ta+ly_do+ngay,https://thuvienphapluat.vn/van-ban/Xuat-nhap-khau/Thong-bao-2017-TB-TCHQ-2023-ket-qua-xac-dinh-truoc-ma-so-doi-voi-TAB-S7-S7-HINGE-RING-567742.aspx
1,2106/TB-TCHQ,2023,84439990,Con lăn trung gian (IDLER PULLEY - L54 QC5-2886-000),mo_ta+ly_do+ngay,https://thuvienphapluat.vn/van-ban/Xuat-nhap-khau/Thong-bao-2106-TB-TCHQ-2023-ket-qua-xac-dinh-truoc-ma-so-Con-lan-trung-gian-IDLER-PULLEY-567735.aspx
1,214/TB-TCHQ,2023,85249200,P-MOD (YDCM065UNG13),mo_ta+ly_do+ngay,https://thuvienphapluat.vn/van-ban/Xuat-nhap-khau/Thong-bao-214-TB-TCHQ-2023-ket-qua-xac-dinh-truoc-ma-so-doi-voi-P-MOD-YDCM065UNG13-551571.aspx
1,215/TB-TCHQ,2023,85249100,"LCM (Liquid Crystal Display Module), Model: SD650DUA-6",mo_ta+ly_do+ngay,https://thuvienphapluat.vn/van-ban/Xuat-nhap-khau/Thong-bao-215-TB-TCHQ-2023-ket-qua-xac-dinh-truoc-ma-so-doi-voi-LCM-Liquid-Crystal-Display-Module-551572.aspx
1,2388/TB-TCHQ,2023,85437030,Máy đọc sách Amazon Kindle Scribe,mo_ta+ly_do+ngay,https://thuvienphapluat.vn/van-ban/Xuat-nhap-khau/Thong-bao-2388-TB-TCHQ-2023-ket-qua-xac-dinh-truoc-ma-so-May-doc-sach-Amazon-Kindle-Scribe-612960.aspx
1,2907/TB-TCHQ,2023,04021091,Nguyên liệu thực phẩm: Bột sữa Crinolac 59053,mo_ta+ly_do+ngay,https://thuvienphapluat.vn/van-ban/Xuat-nhap-khau/Thong-bao-2907-TB-TCHQ-2023-ket-qua-xac-dinh-truoc-ma-so-Nguyen-lieu-thuc-pham-570263.aspx
1,2908/TB-TCHQ,2023,34025019,Chế phẩm làm sạch AQUANOX A4651US,mo_ta+ly_do+ngay,https://thuvienphapluat.vn/van-ban/Xuat-nhap-khau/Thong-bao-2908-TB-TCHQ-2023-ket-qua-xac-dinh-truoc-ma-so-Che-pham-lam-sach-AQUANOX-570264.aspx
1,3196/TB-TCHQ,2023,33079050,Systane Ultra UD Lubricant Hye Drops,mo_ta+ly_do+ngay,https://thuvienphapluat.vn/van-ban/Xuat-nhap-khau/Thong-bao-3196-TB-TCHQ-2023-ket-qua-xac-dinh-truoc-ma-so-Systane-Ultra-UD-Lubricant-Eye-Drops-570756.aspx
1,3218/TB-TCHQ,2023,85044019,Thiết bị cung cấp nguồn cho máy chủ,mo_ta+ly_do+ngay,https://thuvienphapluat.vn/van-ban/Xuat-nhap-khau/Thong-bao-3218-TB-TCHQ-2023-ket-qua-xac-dinh-truoc-ma-so-Thiet-bi-cung-cap-nguon-cho-may-chu-570757.aspx
1,326/TB-TCHQ,2023,27101990,Dầu đốt lò công nghiệp (Recycle Furnace Oil - RFO),mo_ta+ly_do+ngay,https://thuvienphapluat.vn/van-ban/Xuat-nhap-khau/Thong-bao-326-TB-TCHQ-2023-ket-qua-xac-dinh-truoc-ma-so-Dau-dot-lo-cong-nghiep-551517.aspx
1,327/TB-TCHQ,2023,27101990,Dầu đốt lò công nghiệp (Recycle Furnace Oil - RFO),mo_ta+ly_do+ngay,https://thuvienphapluat.vn/van-ban/Xuat-nhap-khau/Thong-bao-327-TB-TCHQ-2023-ket-qua-xac-dinh-truoc-ma-so-doi-voi-Dau-dot-lo-cong-nghiep-551519.aspx
1,328/TB-TCHQ,2023,38249999,U0035,mo_ta+ly_do+ngay,https://thuvienphapluat.vn/van-ban/Xuat-nhap-khau/Thong-bao-328-TB-TCHQ-2023-ket-qua-xac-dinh-truoc-ma-so-doi-voi-U0035-551521.aspx
1,3345/TB-TCHQ,2023,39199092,Màng film PE bảo vệ,mo_ta+ly_do+ngay,https://thuvienphapluat.vn/van-ban/Xuat-nhap-khau/Thong-bao-3345-TB-TCHQ-2023-ket-qua-xac-dinh-truoc-ma-so-Mang-phim-PE-bao-ve-571903.aspx
1,3346/TB-TCHQ,2023,85371019,Bảng mạch điện tử điều khiển cho máy tự động lắp ráp động cơ,mo_ta+ly_do+ngay,https://thuvienphapluat.vn/van-ban/Xuat-nhap-khau/Thong-bao-3346-TB-TCHQ-2023-ket-qua-xac-dinh-truoc-ma-so-Bang-mach-dien-tu-571904.aspx
1,3516/TB-TCHQ,2023,85269190,Thiết bị định vị vị trí toàn cầu GPS thông minh,mo_ta+ly_do+ngay,https://thuvienphapluat.vn/van-ban/Xuat-nhap-khau/Thong-bao-3516-TB-TCHQ-2023-ket-qua-xac-dinh-truoc-ma-so-Thiet-bi-dinh-vi-vi-tri-toan-cau-GPS-573402.aspx
1,3517/TB-TCHQ,2023,85269190,,mo_ta+ly_do+ngay,https://thuvienphapluat.vn/van-ban/Xuat-nhap-khau/Thong-bao-3517-TB-TCHQ-2023-xac-dinh-truoc-ma-so-Thiet-bi-dinh-vi-vi-tri-toan-cau-GPS-thong-minh-573403.aspx
1,3593/TB-TCHQ,2023,15159091,KAHAI @ OIL,mo_ta+ly_do+ngay,https://thuvienphapluat.vn/van-ban/Xuat-nhap-khau/Thong-bao-3593-TB-TCHQ-2023-ket-qua-xac-dinh-truoc-ma-so-KAHAI-OIL-573369.aspx
1,3647/TB-TCHQ,2023,39201090,Màng nhựa EVA,mo_ta+ly_do+ngay,https://thuvienphapluat.vn/van-ban/Xuat-nhap-khau/Thong-bao-3647-TB-TCHQ-2023-ket-qua-xac-dinh-truoc-ma-so-Mang-nhua-EVA-573370.aspx
1,3648/TB-TCHQ,2023,21011291,Thức uống dạng bột KINOHIMITSU SKNNY COFFEE,mo_ta+ly_do+ngay,https://thuvienphapluat.vn/van-ban/Xuat-nhap-khau/Thong-bao-3648-TB-TCHQ-2023-ket-qua-xac-dinh-truoc-ma-so-KINOHIMITSU-SKNNY-COFFEE-573404.aspx
1,3649/TB-TCHQ,2023,18069090,Thức uống dạng bột KINOHIMITSU SKNNY COCOA,mo_ta+ly_do+ngay,https://thuvienphapluat.vn/van-ban/Xuat-nhap-khau/Thong-bao-3649-TB-TCHQ-2023-ket-qua-xac-dinh-truoc-ma-so-KINOHIMITSU-SKNNY-COCOA-573405.aspx
1,3668/TB-TCHQ,2023,85176259,Máy thu phát vô tuyến điện sóng ngắn nhảy tần,mo_ta+ly_do+ngay,https://thuvienphapluat.vn/van-ban/Xuat-nhap-khau/Thong-bao-3668-TB-TCHQ-2023-xac-dinh-truoc-ma-so-May-thu-phat-vo-tuyen-dien-song-ngan-nhay-tan-573406.aspx
1,3812/TB-TCHQ,2023,84798969,Thiết bị gá đặt hỗ trợ gia công chân vịt tàu thủy (Propeller Position),mo_ta+ly_do+ngay,https://thuvienphapluat.vn/van-ban/Xuat-nhap-khau/Thong-bao-3812-TB-TCHQ-2023-ket-qua-xac-dinh-truoc-ma-so-doi-voi-Propeller-Position-573409.aspx
1,3831/TB-TCHQ,2023,85381019,Coating Guide,mo_ta+ly_do+ngay,https://thuvienphapluat.vn/van-ban/Xuat-nhap-khau/Thong-bao-3831-TB-TCHQ-2023-ket-qua-xac-dinh-truoc-ma-so-Coating-Guide-574647.aspx
1,3873/TB-TCHQ,2023,03046200,Fish Pie Mix,mo_ta+ly_do+ngay,https://thuvienphapluat.vn/van-ban/Xuat-nhap-khau/Thong-bao-3873-TB-TCHQ-2023-ket-qua-xac-dinh-truoc-ma-so-doi-voi-Fish-Pie-Mix-574648.aspx
1,3874/TB-TCHQ,2023,03046200,Fish Pie Mix,mo_ta+ly_do+ngay,https://thuvienphapluat.vn/van-ban/Xuat-nhap-khau/Thong-bao-3874-TB-TCHQ-2023-ket-qua-xac-dinh-truoc-ma-so-doi-voi-Fish-Pie-Mix-574649.aspx
1,3893/TB-TCHQ,2023,28046100,HSC® PV Polysilicon,mo_ta+ly_do+ngay,https://thuvienphapluat.vn/van-ban/Xuat-nhap-khau/Thong-bao-3893-TB-TCHQ-2023-ket-qua-xac-dinh-truoc-ma-so-574650.aspx
1,3903/TB-TCHQ,2023,59112000,Polyester Monofilament Mesh Textile (White) PET 100/100Y-MON,mo_ta+ly_do+ngay,https://thuvienphapluat.vn/van-ban/Xuat-nhap-khau/Thong-bao-3903-TB-TCHQ-2023-xac-dinh-truoc-ma-so-Polyester-Monofilament-Mesh-Textile-574617.aspx
1,4010/TB-TCHQ,2023,27101990,RPO160-GRADE 2,mo_ta+ly_do+ngay,https://thuvienphapluat.vn/van-ban/Xuat-nhap-khau/Thong-bao-4010-TB-TCHQ-2023-ket-qua-xac-dinh-truoc-ma-so-RPO160-GRADE-2-575186.aspx
1,4011/TB-TCHQ,2023,27101990,RPO160-GRADE 2,mo_ta+ly_do+ngay,https://thuvienphapluat.vn/van-ban/Xuat-nhap-khau/Thong-bao-4011-TB-TCHQ-2023-ket-qua-xac-dinh-truoc-ma-so-RPO160-GRADE-2-575187.aspx
1,4012/TB-TCHQ,2023,27101990,RPO160-GRADE 2,mo_ta+ly_do+ngay,https://thuvienphapluat.vn/van-ban/Xuat-nhap-khau/Thong-bao-4012-TB-TCHQ-2023-ket-qua-xac-dinh-truoc-ma-so-RPO160-GRADE-2-575188.aspx
1,4021/TB-TCHQ,2023,27101990,RPO160-GRADE 2,mo_ta+ly_do+ngay,https://thuvienphapluat.vn/van-ban/Xuat-nhap-khau/Thong-bao-4021-TB-TCHQ-2023-ket-qua-xac-dinh-truoc-ma-so-RPO160-GRADE-2-575190.aspx
1,4022/TB-TCHQ,2023,27101990,RPO160-GRADE 1,mo_ta+ly_do+ngay,https://thuvienphapluat.vn/van-ban/Xuat-nhap-khau/Thong-bao-4022-TB-TCHQ-2023-ket-qua-xac-dinh-truoc-ma-so-RPO160-GRADE-1-575191.aspx
1,4031/TB-TCHQ,2023,85076039,Pin sạc dự phòng,mo_ta+ly_do+ngay,https://thuvienphapluat.vn/van-ban/Xuat-nhap-khau/Thong-bao-4031-TB-TCHQ-2023-ket-qua-xac-dinh-truoc-ma-so-doi-voi-Pin-sac-du-phong-575090.aspx
1,4032/TB-TCHQ,2023,85176269,Thẻ theo dõi vị trí đồ vật thông minh Trace Tag,mo_ta+ly_do+ngay,https://thuvienphapluat.vn/van-ban/Xuat-nhap-khau/Thong-bao-4032-TB-TCHQ-2023-xac-dinh-truoc-ma-so-The-theo-doi-vi-tri-do-vat-thong-minh-Trace-Tag-575091.aspx
1,4034/TB-TCHQ,2023,85444941,HT-10-2-NN Cable,mo_ta+ly_do+ngay,https://thuvienphapluat.vn/van-ban/Xuat-nhap-khau/Thong-bao-4034-TB-TCHQ-2023-ket-qua-xac-dinh-truoc-ma-so-doi-voi-HT-10-2-NN-Cable-575093.aspx
1,4035/TB-TCHQ,2023,85444941,SC-1N-UCC Cable,mo_ta+ly_do+ngay,https://thuvienphapluat.vn/van-ban/Xuat-nhap-khau/Thong-bao-4035-TB-TCHQ-2023-ket-qua-xac-dinh-truoc-ma-so-doi-voi-SC-1N-UCC-Cable-575094.aspx
1,4065/TB-TCHQ,2023,72189100,Thép Bolder M315 55 x 1240 x 2690mm,mo_ta+ly_do+ngay,https://thuvienphapluat.vn/van-ban/Xuat-nhap-khau/Thong-bao-4065-TB-TCHQ-2023-ket-qua-xac-dinh-truoc-ma-so-Thep-Bolder-M315-55x1240x2690mm-575095.aspx
1,4066/TB-TCHQ,2023,85241100,HP1247001 LCD,mo_ta+ly_do+ngay,https://thuvienphapluat.vn/van-ban/Xuat-nhap-khau/Thong-bao-4066-TB-TCHQ-2023-ket-qua-xac-dinh-truoc-ma-so-doi-voi-HP1247001-LCD-575096.aspx
1,4110/TB-TCHQ,2023,39269099,VELCRO® Brand HTH 805,mo_ta+ly_do+ngay,https://thuvienphapluat.vn/van-ban/Xuat-nhap-khau/Thong-bao-4110-TB-TCHQ-2023-ket-qua-xac-dinh-truoc-ma-so-VELCRO%c2%ae-Brand-HTH-805-576542.aspx
1,4111/TB-TCHQ,2023,72192100,Thép Royalloy 80 x 1000 x 4787.9 mm,mo_ta+ly_do+ngay,https://thuvienphapluat.vn/van-ban/Xuat-nhap-khau/Thong-bao-4111-TB-TCHQ-2023-xac-dinh-truoc-ma-so-Thep-Royalloy-80-x-1000-x-4787-9-mm-576489.aspx
1,4127/TB-TCHQ,2023,30049099,"Thuốc COAPROVEL 150mg/12,5 mg",mo_ta+ly_do+ngay,https://thuvienphapluat.vn/van-ban/Xuat-nhap-khau/Thong-bao-4127-TB-TCHQ-2023-ket-qua-xac-dinh-truoc-ma-so-doi-voi-Thuoc-COAPROVEL-576543.aspx
1,4129/TB-TCHQ,2023,68109190,Khối neo trọng lực (Gravity Anchor),mo_ta+ly_do+ngay,https://thuvienphapluat.vn/van-ban/Xuat-nhap-khau/Thong-bao-4129-TB-TCHQ-2023-ket-qua-xac-dinh-truoc-ma-so-doi-voi-Khoi-neo-trong-luc-576490.aspx
1,4130/TB-TCHQ,2023,85414300,Tấm module pin năng lượng mặt trời,mo_ta+ly_do+ngay,https://thuvienphapluat.vn/van-ban/Xuat-nhap-khau/Thong-bao-4130-TB-TCHQ-2023-xac-dinh-truoc-ma-so-Tam-module-pin-nang-luong-mat-troi-576491.aspx
1,4141/TB-TCHQ,2023,85414200,Tấm tế bào quang điện,mo_ta+ly_do+ngay,https://thuvienphapluat.vn/van-ban/Xuat-nhap-khau/Thong-bao-4141-TB-TCHQ-2023-ket-qua-xac-dinh-truoc-ma-so-Tam-te-bao-quang-dien-576544.aspx
1,4142/TB-TCHQ,2023,73269099,Bộ chống rung cho đường dây truyền tải điện cao thế (Vortx (Stockbridge) Vibration Damper),mo_ta+ly_do+ngay,https://thuvienphapluat.vn/van-ban/Xuat-nhap-khau/Thong-bao-4142-TB-TCHQ-2023-ket-qua-xac-dinh-truoc-ma-so-Bo-chong-rung-day-truyen-tai-dien-576545.aspx
1,4258/TB-TCHQ,2023,76169990,AI Honeycomb panel,mo_ta+ly_do+ngay,https://thuvienphapluat.vn/van-ban/Xay-dung-Do-thi/Thong-bao-4258-TB-TCHQ-2023-ket-qua-xac-dinh-truoc-ma-so-AI-Honeycomb-panel-576547.aspx
1,4283/TB-TCHQ,2023,84835000,Bánh động bơm/Bánh động bơm thải xỉ,mo_ta+ly_do+ngay,https://thuvienphapluat.vn/van-ban/Xuat-nhap-khau/Thong-bao-4283-TB-TCHQ-2023-ket-qua-xac-dinh-truoc-ma-so-doi-voi-hang-hoa-Banh-dong-bom-578086.aspx
1,4287/TB-TCHQ,2023,22090000,VERDAD POWDER N6,mo_ta+ly_do+ngay,https://thuvienphapluat.vn/van-ban/Xuat-nhap-khau/Thong-bao-4287-TB-TCHQ-2023-ket-qua-xac-dinh-truoc-ma-so-doi-voi-VERDAD-POWDER-N6-578088.aspx
1,4288/TB-TCHQ,2023,21023000,BLEND BAKING POWDER B202,mo_ta+ly_do+ngay,https://thuvienphapluat.vn/van-ban/Xuat-nhap-khau/Thong-bao-4288-TB-TCHQ-2023-ket-qua-xac-dinh-truoc-ma-so-BLEND-BAKING-POWDER-B202-578089.aspx
1,4341/TB-TCHQ,2023,38123900,Atnen AYA-160 (Chất chống oxy hóa cao su),mo_ta+ly_do+ngay,https://thuvienphapluat.vn/van-ban/Xuat-nhap-khau/Thong-bao-4341-TB-TCHQ-2023-ket-qua-xac-dinh-truoc-ma-so-doi-voi-hang-hoa-Atnen-AYA-160-578090.aspx
1,4360/TB-TCHQ,2023,38249970,TF-210,mo_ta+ly_do+ngay,https://thuvienphapluat.vn/van-ban/Xuat-nhap-khau/Thong-bao-4360-TB-TCHQ-2023-ket-qua-xac-dinh-truoc-ma-so-TF-210-578091.aspx
1,4361/TB-TCHQ,2023,76012000,Nhôm thỏi hợp kim loại 5182,mo_ta+ly_do+ngay,https://thuvienphapluat.vn/van-ban/Xuat-nhap-khau/Thong-bao-4361-TB-TCHQ-2023-ket-qua-xac-dinh-truoc-ma-so-Nhom-thoi-hop-kim-loai-5182-578092.aspx
1,4362/TB-TCHQ,2023,76012000,Nhôm thỏi hợp kim 3104,mo_ta+ly_do+ngay,https://thuvienphapluat.vn/van-ban/Xuat-nhap-khau/Thong-bao-4362-TB-TCHQ-2023-ket-qua-xac-dinh-truoc-ma-so-hang-hoa-578093.aspx
1,4402/TB-TCHQ,2023,85176259,Module truyền nhận tín hiệu vô tuyến không dây,mo_ta+ly_do+ngay,https://thuvienphapluat.vn/van-ban/Xuat-nhap-khau/Thong-bao-4402-TB-TCHQ-2023-ket-qua-xac-dinh-truoc-ma-so-hang-hoa-578095.aspx
1,4403/TB-TCHQ,2023,85176259,Module truyền nhận tín hiệu bluetooth/wifi,mo_ta+ly_do+ngay,https://thuvienphapluat.vn/van-ban/Xuat-nhap-khau/Thong-bao-4403-TB-TCHQ-2023-ket-qua-xac-dinh-truoc-ma-so-hang-hoa-578096.aspx
1,4418/TB-TCHQ,2023,38121000,Atnen ZnO-80 (Chất kích hoạt đóng rắn cao su),mo_ta+ly_do+ngay,https://thuvienphapluat.vn/van-ban/Xuat-nhap-khau/Thong-bao-4418-TB-TCHQ-2023-ket-qua-xac-dinh-truoc-ma-so-hang-hoa-578097.aspx
1,4466/TB-TCHQ,2023,38122000,Atnen SBO-50 (Chất làm mềm cao su),mo_ta+ly_do+ngay,https://thuvienphapluat.vn/van-ban/Xuat-nhap-khau/Thong-bao-4466-TB-TCHQ-2023-ket-qua-xac-dinh-truoc-ma-so-Chat-lam-mem-cao-su-SBO-50-580471.aspx
1,4467/TB-TCHQ,2023,38121000,Atnen SAT-150,mo_ta+ly_do+ngay,https://thuvienphapluat.vn/van-ban/Xuat-nhap-khau/Thong-bao-4467-TB-TCHQ-2023-ket-qua-xac-dinh-truoc-ma-so-doi-voi-Atnen-SAT-150-578726.aspx
1,4468/TB-TCHQ,2023,32061990,Atnen TiO2-60,mo_ta+ly_do+ngay,https://thuvienphapluat.vn/van-ban/Xuat-nhap-khau/Thong-bao-4468-TB-TCHQ-2023-ket-qua-xac-dinh-truoc-ma-so-doi-voi-Atnen-TiO2-60-578727.aspx
1,449/TB-TCHQ,2023,19019099,Mcspicy Breader 999006408,mo_ta+ly_do+ngay,https://thuvienphapluat.vn/van-ban/Xuat-nhap-khau/Thong-bao-449-TB-TCHQ-2023-ket-qua-xac-dinh-truoc-ma-so-Mcspicy-Breader-999006408-553879.aspx
1,4514/TB-TCHQ,2023,34049090,Methyl allyl alcohol polyoxyethylene ether (WANOL SP4123),mo_ta+ly_do+ngay,https://thuvienphapluat.vn/van-ban/Xuat-nhap-khau/Thong-bao-4514-TB-TCHQ-2023-ket-qua-xac-dinh-truoc-ma-so-582077.aspx
1,4588/TB-TCHQ,2023,32061190,Atnen TiO2-80 (Chất tạo màu),mo_ta+ly_do+ngay,https://thuvienphapluat.vn/van-ban/Xuat-nhap-khau/Thong-bao-4588-TB-TCHQ-2023-ket-qua-xac-dinh-truoc-ma-so-Chat-tao-mau-TiO2-80-580476.aspx
1,4589/TB-TCHQ,2023,87042369,"Xe tải chở xe, máy chuyên dùng hiệu CNHTC",mo_ta+ly_do+ngay,https://thuvienphapluat.vn/van-ban/Xuat-nhap-khau/Thong-bao-4589-TB-TCHQ-2023-ket-qua-xac-dinh-truoc-ma-so-Xe-tai-cho-xe-may-chuyen-dung-580477.aspx
1,4590/TB-TCHQ,2023,85318090,Thiết bị giám sát và phân tích chất lượng không khí thông minh không dây,mo_ta+ly_do+ngay,https://thuvienphapluat.vn/van-ban/Xuat-nhap-khau/Thong-bao-4590-TB-TCHQ-2023-ket-qua-xac-dinh-truoc-ma-so-Thiet-bi-giam-sat-khong-day-580478.aspx
1,4640/TB-TCHQ,2023,27101989,Xăng nhiệt phân nặng giai đoạn 1 (Depleted Pygas)- Pyrolysis Gasoline (Depleted Pygas),mo_ta+ly_do+ngay,https://thuvienphapluat.vn/van-ban/Xuat-nhap-khau/Thong-bao-4640-TB-TCHQ-2023-ket-qua-xac-dinh-truoc-ma-so-Xang-nhiet-phan-nang-giai-doan-1-579312.aspx
1,4667/TB-TCHQ,2023,32089090,Chất xử lý LOCTITE BONDACE 218-2 14KG,mo_ta+ly_do+ngay,https://thuvienphapluat.vn/van-ban/Xuat-nhap-khau/Thong-bao-4667-TB-TCHQ-2023-xac-dinh-truoc-ma-so-Chat-xu-ly-LOCTITE-BONDACE-218-2-14KG-579313.aspx
1,4710/TB-TCHQ,2023,85291099,Ăng ten ô tô chìa khóa thông minh (Antenna assembly smart key),mo_ta+ly_do+ngay,https://thuvienphapluat.vn/van-ban/Xuat-nhap-khau/Thong-bao-4710-TB-TCHQ-2023-ket-qua-xac-dinh-truoc-ma-so-Ang-ten-o-to-chia-khoa-thong-minh-579314.aspx
1,4738/TB-TCHQ,2023,39031990,Polystyrene lumps - Polystyren ở dạng cục (sử dụng phương pháp nóng chảy),mo_ta+ly_do+ngay,https://thuvienphapluat.vn/van-ban/Xuat-nhap-khau/Thong-bao-4738-TB-TCHQ-2023-ket-qua-xac-dinh-truoc-ma-so-579824.aspx
1,4794/TB-TCHQ,2023,39152010,Polystyrene lumps - Polystyren ở dạng cục (sử dụng phương pháp ép nguội),mo_ta+ly_do+ngay,https://thuvienphapluat.vn/van-ban/Xuat-nhap-khau/Thong-bao-4794-TB-TCHQ-2023-ket-qua-xac-dinh-truoc-ma-so-580149.aspx
1,4931/TB-TCHQ,2023,21069099,VERDAD AVANTA C100,mo_ta+ly_do+ngay,https://thuvienphapluat.vn/van-ban/Xuat-nhap-khau/Thong-bao-4931-TB-TCHQ-2023-ket-qua-xac-dinh-truoc-ma-so-580861.aspx
1,4945/TB-TCHQ,2023,30049099,CERVIRON ovules,mo_ta+ly_do+ngay,https://thuvienphapluat.vn/van-ban/Xuat-nhap-khau/Thong-bao-4945-TB-TCHQ-2023-ket-qua-xac-dinh-truoc-ma-so-580862.aspx
1,4977/TB-TCHQ,2023,38249970,BLEND WATER HOLD AGENT TF-304,mo_ta+ly_do+ngay,https://thuvienphapluat.vn/van-ban/Xuat-nhap-khau/Thong-bao-4977-TB-TCHQ-2023-ket-qua-xac-dinh-truoc-ma-so-580863.aspx
1,4978/TB-TCHQ,2023,85371019,Control PCB Assembly,mo_ta+ly_do+ngay,https://thuvienphapluat.vn/van-ban/Xuat-nhap-khau/Thong-bao-4978-TB-TCHQ-2023-ket-qua-xac-dinh-truoc-ma-so-580864.aspx
1,5006/TB-TCHQ,2023,85340030,AMUADV01_P1_DBF2_ALTER,mo_ta+ly_do+ngay,https://thuvienphapluat.vn/van-ban/Xuat-nhap-khau/Thong-bao-5006-TB-TCHQ-2023-ket-qua-xac-dinh-truoc-ma-so-580915.aspx
1,5007/TB-TCHQ,2023,85340030,AMUA11DV01_P1_DBF1_PCBSIDE,mo_ta+ly_do+ngay,https://thuvienphapluat.vn/van-ban/Xuat-nhap-khau/Thong-bao-5007-TB-TCHQ-2023-ket-qua-xac-dinh-truoc-ma-so-580916.aspx
1,5075/TB-TCHQ,2023,85299055,"Mạch in đã lắp ráp, chuyển đổi tín hiệu hình ảnh (bộ phận của máy chiếu di động thông minh) - Formatter Board 1",mo_ta+ly_do+ngay,https://thuvienphapluat.vn/van-ban/Xuat-nhap-khau/Thong-bao-5075-TB-TCHQ-2023-ket-qua-xac-dinh-truoc-ma-so-582243.aspx
1,5076/TB-TCHQ,2023,85299055,"Mạch in đã lắp ráp, đổi nguồn và khuếch đại âm thanh (bộ phận của máy chiếu di động thông minh) - Main Board 2",mo_ta+ly_do+ngay,https://thuvienphapluat.vn/van-ban/Xuat-nhap-khau/Thong-bao-5076-TB-TCHQ-2023-ket-qua-xac-dinh-truoc-ma-so-582244.aspx
1,5077/TB-TCHQ,2023,85299055,"Mạch in đã lắp ráp, kết nối nguồn và tín hiệu (bộ phận của máy chiếu di động thông minh) - I/O board",mo_ta+ly_do+ngay,https://thuvienphapluat.vn/van-ban/Xuat-nhap-khau/Thong-bao-5077-TB-TCHQ-2023-ket-qua-xac-dinh-truoc-ma-so-582245.aspx
1,5146/TB-TCHQ,2023,39199092,Poron pad,mo_ta+ly_do+ngay,https://thuvienphapluat.vn/van-ban/Xuat-nhap-khau/Thong-bao-5146-TB-TCHQ-2023-ket-qua-xac-dinh-truoc-ma-582199.aspx
1,5147/TB-TCHQ,2023,35061000,Băng dính 2 mặt từ Polyme Acrylate,mo_ta+ly_do+ngay,https://thuvienphapluat.vn/van-ban/Xuat-nhap-khau/Thong-bao-5147-TB-TCHQ-2023-ket-qua-xac-dinh-truoc-ma-so-582200.aspx
1,5227/TB-TCHQ,2023,27079990,RPO140,mo_ta+ly_do+ngay,https://thuvienphapluat.vn/van-ban/Xuat-nhap-khau/Thong-bao-5227-TB-TCHQ-2023-ket-qua-xac-dinh-truoc-ma-so-582201.aspx
1,5228/TB-TCHQ,2023,27079990,RPO140,mo_ta+ly_do+ngay,https://thuvienphapluat.vn/van-ban/Xuat-nhap-khau/Thong-bao-5228-TB-TCHQ-2023-ket-qua-xac-dinh-truoc-ma-so-582202.aspx
1,5252/TB-TCHQ,2023,85044090,USB charge (part number: 1D003456R marking: 1D003197),mo_ta+ly_do+ngay,https://thuvienphapluat.vn/van-ban/Xuat-nhap-khau/Thong-bao-5252-TB-TCHQ-2023-ket-qua-xac-dinh-truoc-ma-so-582203.aspx
1,5293/TB-TCHQ,2023,39191092,Băng dính EVA,mo_ta+ly_do+ngay,https://thuvienphapluat.vn/van-ban/Xuat-nhap-khau/Thong-bao-5293-TB-TCHQ-2023-ket-qua-xac-dinh-truoc-ma-so-582728.aspx
1,5294/TB-TCHQ,2023,39199092,Miếng nhựa nhiệt dẻo PET tự dính,mo_ta+ly_do+ngay,https://thuvienphapluat.vn/van-ban/Xuat-nhap-khau/Thong-bao-5294-TB-TCHQ-2023-ket-qua-xac-dinh-truoc-ma-so-582729.aspx
1,5295/TB-TCHQ,2023,39199092,Hot melt adhensive film,mo_ta+ly_do+ngay,https://thuvienphapluat.vn/van-ban/Xuat-nhap-khau/Thong-bao-5295-TB-TCHQ-2023-ket-qua-xac-dinh-truoc-ma-so-582730.aspx
1,5340/TB-TCHQ,2023,27101990,RPO160-GRADE 1,mo_ta+ly_do+ngay,https://thuvienphapluat.vn/van-ban/Xuat-nhap-khau/Thong-bao-5340-TB-TCHQ-2023-ket-qua-xac-dinh-truoc-ma-so-584796.aspx
1,5341/TB-TCHQ,2023,27101990,RPO160-GRADE 1,mo_ta+ly_do+ngay,https://thuvienphapluat.vn/van-ban/Xuat-nhap-khau/Thong-bao-5341-TB-TCHQ-2023-ket-qua-xac-dinh-truoc-ma-so-584797.aspx
1,5342/TB-TCHQ,2023,85444941,CSS-24-2-HMS Cable,mo_ta+ly_do+ngay,https://thuvienphapluat.vn/van-ban/Xuat-nhap-khau/Thong-bao-5342-TB-TCHQ-2023-ket-qua-xac-dinh-truoc-ma-so-584798.aspx
1,5343/TB-TCHQ,2023,38249999,Miếng dán xông hơi Good Night MegRhythm,mo_ta+ly_do+ngay,https://thuvienphapluat.vn/van-ban/Xuat-nhap-khau/Thong-bao-5343-TB-TCHQ-2023-ket-qua-xac-dinh-truoc-ma-so-584799.aspx
1,5344/TB-TCHQ,2023,38249999,Miếng dán xông hơi Good Night MegRhythm,mo_ta+ly_do+ngay,https://thuvienphapluat.vn/van-ban/Xuat-nhap-khau/Thong-bao-5344-TB-TCHQ-2023-ket-qua-xac-dinh-truoc-ma-so-584800.aspx
1,547/TB-TCHQ,2023,48195000,25 kg kraft paper bag for powdered milk products (inner liner include EVOH),mo_ta+ly_do+ngay,https://thuvienphapluat.vn/van-ban/Xuat-nhap-khau/Thong-bao-547-TB-TCHQ-2023-ket-qua-xac-dinh-truoc-ma-so-kraft-paper-bag-for-powdered-milk-555259.aspx
1,5501/TB-TCHQ,2023,84714190,Bộ màn hình tương tác cảm ứng thông minh 65inch IB-UG65,mo_ta+ly_do+ngay,https://thuvienphapluat.vn/van-ban/Xuat-nhap-khau/Thong-bao-5501-TB-TCHQ-2023-ket-qua-xac-dinh-truoc-ma-so-584755.aspx
1,5524/TB-TCHQ,2023,85444941,PL-SC-12-2 Cable,mo_ta+ly_do+ngay,https://thuvienphapluat.vn/van-ban/Xuat-nhap-khau/Thong-bao-5524-TB-TCHQ-2023-ket-qua-xac-dinh-truoc-ma-so-584756.aspx
1,5525/TB-TCHQ,2023,85369094,"Mạch in đã lắp ráp, cổng nối nguồn (bộ phận của máy chiếu di động thông minh) - POGO Board",mo_ta+ly_do+ngay,https://thuvienphapluat.vn/van-ban/Xuat-nhap-khau/Thong-bao-5525-TB-TCHQ-2023-ket-qua-xac-dinh-truoc-ma-so-584757.aspx
1,5628/TB-TCHQ,2023,94032090,Khung giường bằng thép QUEEN SLEEPER MECHANISM LP,mo_ta+ly_do+ngay,https://thuvienphapluat.vn/van-ban/Xuat-nhap-khau/Thong-bao-5628-TB-TCHQ-2023-xac-dinh-truoc-ma-so-hang-hoa-585862.aspx
1,5655/TB-TCHQ,2023,21069098,Yuzu Flavour RU-134-032-8,mo_ta+ly_do+ngay,https://thuvienphapluat.vn/van-ban/Xuat-nhap-khau/Thong-bao-5655-TB-TCHQ-2023-xac-dinh-truoc-ma-so-hang-hoa-nhap-khau-585864.aspx
1,5682/TB-TCHQ,2023,35040000,PEPTIPLUS XP aggl (collagen hydrolysate),mo_ta+ly_do+ngay,https://thuvienphapluat.vn/van-ban/Xuat-nhap-khau/Thong-bao-5682-TB-TCHQ-2023-ket-qua-xac-dinh-truoc-ma-so-PEPTIPLUS-XP-aggl-586013.aspx
1,57/TB-TCHQ,2023,33079010,MS Hoof Clean,mo_ta+ly_do+ngay,https://thuvienphapluat.vn/van-ban/Xuat-nhap-khau/Thong-bao-57-TB-TCHQ-2023-ket-qua-xac-dinh-truoc-ma-so-doi-voi-MS-Hoof-Clean-550529.aspx
1,5737/TB-TCHQ,2023,87059090,Xe tra nạp nhiên liệu và dầu nhờn ATMZ-8,mo_ta+ly_do+ngay,https://thuvienphapluat.vn/van-ban/Xuat-nhap-khau/Thong-bao-5737-TB-TCHQ-2023-ket-qua-xac-dinh-truoc-ma-so-586401.aspx
1,5750/TB-TCHQ,2023,30049099,Papilocare Extemal Gentital Gel,mo_ta+ly_do+ngay,https://thuvienphapluat.vn/van-ban/Xuat-nhap-khau/Thong-bao-5750-TB-TCHQ-2023-ket-qua-xac-dinh-truoc-ma-so-586402.aspx
1,5751/TB-TCHQ,2023,33079050,VISMED®,mo_ta+ly_do+ngay,https://thuvienphapluat.vn/van-ban/Xuat-nhap-khau/Thong-bao-5751-TB-TCHQ-2023-ket-qua-xac-dinh-truoc-ma-so-VISMED%c2%ae-586403.aspx
1,587/TB-TCHQ,2023,30049099,Vaginal Cream-gel SILAUT,mo_ta+ly_do+ngay,https://thuvienphapluat.vn/van-ban/Xuat-nhap-khau/Thong-bao-587-TB-TCHQ-2023-xac-dinh-truoc-ma-so-Vaginal-Cream-gel-SILAUT-555263.aspx
1,6200/TB-TCHQ,2023,85369012,Terminal,mo_ta+ly_do+ngay,https://thuvienphapluat.vn/van-ban/Xuat-nhap-khau/Thong-bao-6200-TB-TCHQ-2023-ket-qua-xac-dinh-truoc-ma-so-Terminal-590465.aspx
1,6201/TB-TCHQ,2023,85369012,Terminal,mo_ta+ly_do+ngay,https://thuvienphapluat.vn/van-ban/Xuat-nhap-khau/Thong-bao-6201-TB-TCHQ-2023-ket-qua-xac-dinh-truoc-ma-so-Terminal-590466.aspx
1,6304/TB-TCHQ,2023,59070060,3M Electrically Conductive Adhesive Transfer Tape 9711S-170,mo_ta+ly_do+ngay,https://thuvienphapluat.vn/van-ban/Xuat-nhap-khau/Thong-bao-6304-TB-TCHQ-2023-ket-qua-xac-dinh-truoc-ma-so-592813.aspx
1,6305/TB-TCHQ,2023,56013090,ES (PE-PP) composite fiber (Sợi ngắn ES Fiber PE/PP 2D 5mm,mo_ta+ly_do+ngay,https://thuvienphapluat.vn/van-ban/Xuat-nhap-khau/Thong-bao-6305-TB-TCHQ-2023-ket-qua-xac-dinh-truoc-ma-so-592810.aspx
1,6448/TB-TCHQ,2023,85177992,Modem RU (Radio Unit),mo_ta+ly_do+ngay,https://thuvienphapluat.vn/van-ban/Xuat-nhap-khau/Thong-bao-6448-TB-TCHQ-2023-ket-qua-xac-dinh-truoc-ma-so-592803.aspx
1,6449/TB-TCHQ,2023,85177992,Khối thu phát RRU5502N (Bộ phận thiết bị trạm gốc thông tin di động UMTS/LTE FDD),mo_ta+ly_do+ngay,https://thuvienphapluat.vn/van-ban/Xuat-nhap-khau/Thong-bao-6449-TB-TCHQ-2023-ket-qua-xac-dinh-truoc-ma-so-doi-voi-Khoi-thu-phat-RRU5502N-592805.aspx
1,6466/TB-TCHQ,2023,73053190,Ống bằng thép không hợp kim,mo_ta+ly_do+ngay,https://thuvienphapluat.vn/van-ban/Xuat-nhap-khau/Thong-bao-6466-TB-TCHQ-2023-ket-qua-xac-dinh-truoc-ma-so-Ong-bang-thep-khong-hop-kim-592801.aspx
1,70/TB-TCHQ,2023,22029910,Thức uống sữa vị chà là Tujuh kurma/Tujuh kurma date milk drink,mo_ta+ly_do+ngay,https://thuvienphapluat.vn/van-ban/Xuat-nhap-khau/Thong-bao-70-TB-TCHQ-2023-ket-qua-xac-dinh-truoc-ma-so-Thuc-uong-sua-vi-cha-la-Tujuh-kurma-550530.aspx
1,71/TB-TCHQ,2023,22029930,Thức uống nước dừa Cool time/Cool time coconut water drink,mo_ta+ly_do+ngay,https://thuvienphapluat.vn/van-ban/Xuat-nhap-khau/Thong-bao-71-TB-TCHQ-2023-ket-qua-xac-dinh-truoc-ma-so-Thuc-uong-nuoc-dua-Cool-time-550559.aspx
1,716/TB-TCHQ,2023,34011140,DETTOL ORIGINAL ANTIBACTERIAL SOAP,mo_ta+ly_do+ngay,https://thuvienphapluat.vn/van-ban/Xuat-nhap-khau/Thong-bao-716-TB-TCHQ-2023-ket-qua-xac-dinh-truoc-ma-so-DETTOL-ORIGINAL-ANTIBACTERIAL-SOAP-556470.aspx
1,717/TB-TCHQ,2023,34011140,DETTOL REPLENISHING,mo_ta+ly_do+ngay,https://thuvienphapluat.vn/van-ban/Xuat-nhap-khau/Thong-bao-717-TB-TCHQ-2023-ket-qua-xac-dinh-truoc-ma-so-doi-voi-DETTOL-REPLENISHING-556471.aspx
1,730/TB-TCHQ,2023,21069072,Thực phẩm bảo vệ sức khỏe Pharmaton Essential,mo_ta+ly_do+ngay,https://thuvienphapluat.vn/van-ban/Xuat-nhap-khau/Thong-bao-730-TB-TCHQ-2023-ket-qua-xac-dinh-truoc-ma-so-Thuc-pham-Pharmaton-Essential-556506.aspx
1,731/TB-TCHQ,2023,21069071,Thực phẩm bảo vệ sức khỏe Pharmaton Energy,mo_ta+ly_do+ngay,https://thuvienphapluat.vn/van-ban/Xuat-nhap-khau/Thong-bao-731-TB-TCHQ-2023-ket-qua-xac-dinh-truoc-ma-so-Thuc-pham-Pharmaton-Energy-556508.aspx
1,732/TB-TCHQ,2023,30049099,Thuốc Phosphalugel,mo_ta+ly_do+ngay,https://thuvienphapluat.vn/van-ban/Xuat-nhap-khau/Thong-bao-732-TB-TCHQ-2023-ket-qua-xac-dinh-truoc-ma-so-Thuoc-Phosphalugel-556530.aspx
1,879/TB-TCHQ,2023,39021040,"Hạt nhựa Polypropolylene Homopolymerdo tái sinh P108N, dạng nguyên sinh, dạng hạt",mo_ta+ly_do+ngay,https://thuvienphapluat.vn/van-ban/Xuat-nhap-khau/Thong-bao-879-TB-TCHQ-2023-ket-qua-xac-dinh-truoc-ma-so-hat-Polypropolylene-Homopolymerdo-557939.aspx
1,920/TB-TCHQ,2023,33029000,White ginger 774,mo_ta+ly_do+ngay,https://thuvienphapluat.vn/van-ban/Xuat-nhap-khau/Thong-bao-920-TB-TCHQ-2023-ket-qua-xac-dinh-truoc-ma-so-doi-voi-White-ginger-774-557942.aspx
1,924/TB-TCHQ,2023,33029000,hương cotton soft AD98419-OG,mo_ta+ly_do+ngay,https://thuvienphapluat.vn/van-ban/Xuat-nhap-khau/Thong-bao-924-TB-TCHQ-2023-ket-qua-xac-dinh-truoc-ma-so-huong-cotton-soft-AD98419-OG-557943.aspx
1,982/TB-TCHQ,2023,27101990,Refined Oil HFO350,mo_ta+ly_do+ngay,https://thuvienphapluat.vn/van-ban/Xuat-nhap-khau/Thong-bao-982-TB-TCHQ-2023-ket-qua-xac-dinh-truoc-ma-so-doi-voi-Refined-Oil-HFO350-559045.aspx
1,99/TB-TCHQ,2023,39269099,Khóa hãm nhựa 37A7-0-A-998 dùng để làm chốt cho xe máy điện,mo_ta+ly_do+ngay,https://thuvienphapluat.vn/van-ban/Xuat-nhap-khau/Thong-bao-99-TB-TCHQ-2023-ket-qua-xac-dinh-truoc-ma-so-Khoa-ham-nhua-37A7-0-A-998-550562.aspx
1,1712/TB-TCHQ,2022,90029090,Thấu kính camera điện thoại di động,mo_ta+ly_do+ngay,https://thuvienphapluat.vn/van-ban/Xuat-nhap-khau/Thong-bao-1712-TB-TCHQ-2022-ket-qua-xac-dinh-truoc-ma-so-Thau-kinh-camera-dien-thoai-di-dong-513482.aspx
1,1752/TB-TCHQ,2022,22087010,rượu vodka cà phê Frendship,mo_ta+ly_do+ngay,https://thuvienphapluat.vn/van-ban/Xuat-nhap-khau/Thong-bao-1752-TB-TCHQ-2022-ket-qua-xac-dinh-truoc-ma-so-doi-voi-ruou-vodka-514703.aspx
1,1825/TB-TCHQ,2022,83113091,dây hàn bằng thiếc Solder Flux-Cored Wire,mo_ta+ly_do+ngay,https://thuvienphapluat.vn/van-ban/Xuat-nhap-khau/Thong-bao-1825-TB-TCHQ-2022-ket-qua-xac-dinh-truoc-ma-so-doi-voi-day-han-bang-thiec-514704.aspx
1,1915/TB-TCHQ,2022,85176259,Module bluetooth,mo_ta+ly_do+ngay,https://thuvienphapluat.vn/van-ban/Xuat-nhap-khau/Thong-bao-1915-TB-TCHQ-2022-ket-qua-xac-dinh-truoc-ma-so-doi-voi-Module-bluetooth-514916.aspx
1,1972/TB-TCHQ,2022,30049099,Colpofix,mo_ta+ly_do+ngay,https://thuvienphapluat.vn/van-ban/Xuat-nhap-khau/Thong-bao-1972-TB-TCHQ-2022-ket-qua-xac-dinh-truoc-ma-so-doi-voi-Colpofix-518474.aspx
1,2030/TB-TCHQ,2022,21069091,Dầu cá dạng lỏng,mo_ta+ly_do+ngay,https://thuvienphapluat.vn/van-ban/Xuat-nhap-khau/Thong-bao-2030-TB-TCHQ-2022-ket-qua-xac-dinh-truoc-ma-so-doi-voi-Dau-ca-dang-long-516126.aspx
1,2315/TB-TCHQ,2022,27079990,LCO (Light Cycle Oil) - Dầu nhẹ tuần hoàn,mo_ta+ly_do+ngay,https://thuvienphapluat.vn/van-ban/Xuat-nhap-khau/Thong-bao-2315-TB-TCHQ-2022-ket-qua-xac-dinh-truoc-ma-so-doi-voi-Dau-nhe-tuan-hoan-521881.aspx
1,2395/TB-TCHQ,2022,85176259,Thiết bị liên lạc trong nhà BAS IP AQ-07LL,mo_ta+ly_do+ngay,https://thuvienphapluat.vn/van-ban/Xuat-nhap-khau/Thong-bao-2395-TB-TCHQ-2022-ket-qua-xac-dinh-truoc-ma-so-doi-voi-Thiet-bi-lien-lac-trong-nha-521883.aspx
1,2414/TB-TCHQ,2022,18063100,Hershey’s kisses creamy milk chocolate with almonds,mo_ta+ly_do+ngay,https://thuvienphapluat.vn/van-ban/Xuat-nhap-khau/Thong-bao-2414-TB-TCHQ-2022-ket-qua-xac-dinh-truoc-ma-so-doi-voi-Hershey-kisses-creamy-milk-521885.aspx
1,2415/TB-TCHQ,2022,17049020,"Hershey’s kisses cookies ‘N’ creme, white chocolate with cookie bits",mo_ta+ly_do+ngay,https://thuvienphapluat.vn/van-ban/Xuat-nhap-khau/Thong-bao-2415-TB-TCHQ-2022-ket-qua-xac-dinh-truoc-ma-so-doi-voi-Hershey-kisses-cookies-521886.aspx
1,2470/TB-TCHQ,2022,84791010,Electric tailgate for car,mo_ta+ly_do+ngay,https://thuvienphapluat.vn/van-ban/Xuat-nhap-khau/Thong-bao-2470-TB-TCHQ-2022-ket-qua-xac-dinh-truoc-ma-so-doi-voi-Electric-tailgate-for-car-519430.aspx
1,2688/TB-TCHQ,2022,30049099,CICATRIDINA Vaginal ovules,mo_ta+ly_do+ngay,https://thuvienphapluat.vn/van-ban/Xuat-nhap-khau/Thong-bao-2688-TB-TCHQ-2022-ket-qua-xac-dinh-truoc-ma-so-doi-voi-CICATRIDINA-Vaginal-ovules-522043.aspx
1,2698/TB-TCHQ,2022,55039090,Sợi ngắn staple ES Fiber PE/PET,mo_ta+ly_do+ngay,https://thuvienphapluat.vn/van-ban/Xuat-nhap-khau/Thong-bao-2698-TB-TCHQ-2022-ket-qua-xac-dinh-truoc-ma-so-doi-voi-Soi-ngan-staple-522044.aspx
1,2699/TB-TCHQ,2022,55039090,PE/PP Composite Staple Fiber,mo_ta+ly_do+ngay,https://thuvienphapluat.vn/van-ban/Xuat-nhap-khau/Thong-bao-2699-TB-TCHQ-2022-ket-qua-xac-dinh-truoc-ma-so-doi-voi-PE-PP-Composite-Staple-Fiber-522045.aspx
1,2711/TB-TCHQ,2022,32089090,Keo dán LOCTITE BONDACE 856TF(N) 15KG,mo_ta+ly_do+ngay,https://thuvienphapluat.vn/van-ban/Xuat-nhap-khau/Thong-bao-2711-TB-TCHQ-2022-ket-qua-xac-dinh-truoc-ma-so-doi-voi-Keo-dan-LOCTITE-BONDACE-521841.aspx
1,2714/TB-TCHQ,2022,32089090,Chất xử lý LOCTITE BONDAGE P-6-2 15KG,mo_ta+ly_do+ngay,https://thuvienphapluat.vn/van-ban/Xuat-nhap-khau/Thong-bao-2714-TB-TCHQ-2022-ket-qua-xac-dinh-truoc-ma-so-doi-voi-Chat-xu-ly-LOCTITE-BONDAGE-522047.aspx
1,3167/TB-TCHQ,2022,33079010,MS DRYCARE SKIN,mo_ta+ly_do+ngay,https://thuvienphapluat.vn/van-ban/Xuat-nhap-khau/Thong-bao-3167-TB-TCHQ-2022-ket-qua-xac-dinh-truoc-ma-so-MS-DRYCARE-SKIN-524643.aspx
1,3235/TB-TCHQ,2022,85255000,DJI MINI 2,mo_ta+ly_do+ngay,https://thuvienphapluat.vn/van-ban/Xuat-nhap-khau/Thong-bao-3235-TB-TCHQ-2022-ket-qua-xac-dinh-truoc-ma-so-DJI-MINI-2-526203.aspx
1,3236/TB-TCHQ,2022,85255000,DJI MINI 3 PRO,mo_ta+ly_do+ngay,https://thuvienphapluat.vn/van-ban/Xuat-nhap-khau/Thong-bao-3236-TB-TCHQ-2022-ket-qua-xac-dinh-truoc-ma-so-DJI-MINI-3-PRO-526204.aspx
1,3237/TB-TCHQ,2022,85255000,DJI MINI SE,mo_ta+ly_do+ngay,https://thuvienphapluat.vn/van-ban/Xuat-nhap-khau/Thong-bao-3237-TB-TCHQ-2022-ket-qua-xac-dinh-truoc-ma-so-DJI-MINI-SE-526205.aspx
1,3266/TB-TCHQ,2022,85444299,SLAVE COMMUNICATION HARNESS 2,mo_ta+ly_do+ngay,https://thuvienphapluat.vn/van-ban/Xuat-nhap-khau/Thong-bao-3266-TB-TCHQ-2022-xac-dinh-truoc-ma-so-SLAVE-COMMUNICATION-HARNESS-2-526206.aspx
1,3299/TB-TCHQ,2022,85443012,Low Voltage Communication Harness For BMS,mo_ta+ly_do+ngay,https://thuvienphapluat.vn/van-ban/Xuat-nhap-khau/Thong-bao-3299-TB-TCHQ-2022-xac-dinh-truoc-ma-so-Low-Voltage-Communication-Harness-526890.aspx
1,3330/TB-TCHQ,2022,85044090,Bộ nguồn cấp điện liên tục UPS,mo_ta+ly_do+ngay,https://thuvienphapluat.vn/van-ban/Xuat-nhap-khau/Thong-bao-3330-TB-TCHQ-2022-ket-qua-xac-dinh-truoc-ma-so-Bo-nguon-cap-dien-lien-tuc-UPS-526891.aspx
1,3332/TB-TCHQ,2022,85044090,Bộ nguồn cấp điện liên tục UPS mã UPS Power AC-1500VA,mo_ta+ly_do+ngay,https://thuvienphapluat.vn/van-ban/Xuat-nhap-khau/Thong-bao-3332-TB-TCHQ-2022-ket-qua-xac-dinh-truoc-ma-so-bo-nguon-cap-dien-UPS-ma-AC-1500VA-526897.aspx
1,3334/TB-TCHQ,2022,85044090,Bộ nguồn cấp điện liên tục UPS,mo_ta+ly_do+ngay,https://thuvienphapluat.vn/van-ban/Xuat-nhap-khau/Thong-bao-3334-TB-TCHQ-2022-ket-qua-xac-dinh-truoc-ma-so-bo-nguon-cap-dien-lien-tuc-UPS-526900.aspx
1,3432/TB-TCHQ,2022,84145941,Máy sấy tay bằng gió không dùng nhiệt Dyson HU03 (Dyson Airblade 9kJ),mo_ta+ly_do+ngay,https://thuvienphapluat.vn/van-ban/Xuat-nhap-khau/Thong-bao-3432-TB-TCHQ-2022-xac-dinh-truoc-ma-so-May-say-tay-bang-gio-khong-dung-nhiet-527783.aspx
1,3433/TB-TCHQ,2022,84145941,Máy sấy tay bằng gió không dùng nhiệt Dyson HU02 (Dyson Airblade V),mo_ta+ly_do+ngay,https://thuvienphapluat.vn/van-ban/Xuat-nhap-khau/Thong-bao-3433-TB-TCHQ-2022-ket-qua-xac-dinh-truoc-ma-so-may-say-tay-Dyson-HU02-527784.aspx
1,3509/TB-TCHQ,2022,27075000,Dung môi công nghiệp TOPSol WO1,mo_ta+ly_do+ngay,https://thuvienphapluat.vn/van-ban/Xuat-nhap-khau/Thong-bao-3509-TB-TCHQ-2022-ket-qua-xac-dinh-truoc-ma-so-dung-moi-TOPSol-WO1-527787.aspx
1,3566/TB-TCHQ,2022,35061000,Keo dán LOCTITE BONDACE 7103LTFP(E) 15KG,mo_ta+ly_do+ngay,https://thuvienphapluat.vn/van-ban/Xuat-nhap-khau/Thong-bao-3566-TB-TCHQ-2022-ket-qua-xac-dinh-truoc-ma-so-keo-dan-LOCTITE-BONDACE-528241.aspx
1,3568/TB-TCHQ,2022,35061000,keo dán LOCTITE BONDAGE 7300TF NC 15kg,mo_ta+ly_do+ngay,https://thuvienphapluat.vn/van-ban/Xuat-nhap-khau/Thong-bao-3568-TB-TCHQ-2022-ket-qua-xac-dinh-truoc-ma-so-keo-dan-LOCTITE-BONDAGE-528242.aspx
1,3581/TB-TCHQ,2022,11082000,Fuji FF Inulin,mo_ta+ly_do+ngay,https://thuvienphapluat.vn/van-ban/Xuat-nhap-khau/Thong-bao-3581-TB-TCHQ-2022-ket-qua-xac-dinh-truoc-ma-so-Fuji-FF-Inulin-528243.aspx
1,3635/TB-TCHQ,2022,85044030,SMPS AP-1018F(CLASSIC),mo_ta+ly_do+ngay,https://thuvienphapluat.vn/van-ban/Xuat-nhap-khau/Thong-bao-3635-TB-TCHQ-2022-ket-qua-xac-dinh-truoc-ma-so-SMPS-AP-1018F-CLASSIC-528767.aspx
1,3739/TB-TCHQ,2022,94032090,Tủ rack (tủ mạng) hiệu VRS15-660,mo_ta+ly_do+ngay,https://thuvienphapluat.vn/van-ban/Xuat-nhap-khau/Thong-bao-3739-TB-TCHQ-2022-ket-qua-xac-dinh-truoc-ma-so-tu-rack-hieu-VRS15-660-529490.aspx
1,3741/TB-TCHQ,2022,94032090,Tủ rack (tủ mạng),mo_ta+ly_do+ngay,https://thuvienphapluat.vn/van-ban/Xuat-nhap-khau/Thong-bao-3741-TB-TCHQ-2022-ket-qua-xac-dinh-truoc-ma-so-tu-rack-529498.aspx
1,3797/TB-TCHQ,2022,33069000,Bộ sản phẩm làm trắng và sạch răng - Colgate optic white O2 Teeth Whitening Kit (Teeth Whitening Pen & Whitening Device),mo_ta+ly_do+ngay,https://thuvienphapluat.vn/van-ban/Xuat-nhap-khau/Thong-bao-3797-TB-TCHQ-2022-ket-qua-xac-dinh-truoc-ma-so-san-pham-lam-trang-sach-rang-530121.aspx
1,3818/TB-TCHQ,2022,39123100,CEKOL 30000 A,mo_ta+ly_do+ngay,https://thuvienphapluat.vn/van-ban/Xuat-nhap-khau/Thong-bao-3818-TB-TCHQ-2022-ket-qua-xac-dinh-truoc-ma-so-CEKOL-30000-A-530122.aspx
1,3819/TB-TCHQ,2022,35061000,Băng keo hai mặt DS512H (Double-sided Tape DS512H),mo_ta+ly_do+ngay,https://thuvienphapluat.vn/van-ban/Xuat-nhap-khau/Thong-bao-3819-TB-TCHQ-2022-ket-qua-xac-dinh-truoc-ma-so-keo-hai-mat-DS512H-530123.aspx
1,3820/TB-TCHQ,2022,38249999,Nguyên liệu thô để sản xuất mỹ phẩm,mo_ta+ly_do+ngay,https://thuvienphapluat.vn/van-ban/Xuat-nhap-khau/Thong-bao-3820-TB-TCHQ-2022-ket-qua-xac-dinh-truoc-ma-so-nguyen-lieu-tho-san-xuat-my-pham-530124.aspx
1,3821/TB-TCHQ,2022,38140000,Chất làm sạch LOCTITE BONDACE 233BFP 15KG,mo_ta+ly_do+ngay,https://thuvienphapluat.vn/van-ban/Xuat-nhap-khau/Thong-bao-3821-TB-TCHQ-2022-ket-qua-xac-dinh-truoc-ma-so-chat-lam-sach-LOCTITE-BONDACE-530125.aspx
1,3822/TB-TCHQ,2022,85044019,"Chân đế sạc dùng cho thiết bị gọi khẩn cấp (Lively Mobile Plus), không bao gồm bộ chuyển đổi",mo_ta+ly_do+ngay,https://thuvienphapluat.vn/van-ban/Xuat-nhap-khau/Thong-bao-3822-TB-TCHQ-2022-ket-qua-xac-dinh-truoc-ma-so-chan-de-sac-thiet-bi-goi-khan-cap-530126.aspx
1,3823/TB-TCHQ,2022,21069091,Phụ gia thực phẩm - LU-001,mo_ta+ly_do+ngay,https://thuvienphapluat.vn/van-ban/Xuat-nhap-khau/Thong-bao-3823-TB-TCHQ-2022-ket-qua-xac-dinh-truoc-ma-so-phu-gia-thuc-pham-LU-001-530128.aspx
1,3836/TB-TCHQ,2022,32089090,Chất đóng rắn LOCTITE BONDACE ARF-1000 20KG,mo_ta+ly_do+ngay,https://thuvienphapluat.vn/van-ban/Xuat-nhap-khau/Thong-bao-3836-TB-TCHQ-2022-ket-qua-xac-dinh-truoc-ma-so-chat-dong-ran-LOCTITE-BONDACE-530130.aspx
1,3837/TB-TCHQ,2022,32089090,Chất đóng rắn LOCTITE BONDACE ARF-2000 20KG,mo_ta+ly_do+ngay,https://thuvienphapluat.vn/van-ban/Xuat-nhap-khau/Thong-bao-3837-TB-TCHQ-2022-ket-qua-xac-dinh-truoc-ma-so-chat-dong-ran-LOCTITE-BONDACE-530131.aspx
1,4007/TB-TCHQ,2022,29224900,Disodium Dihydrogen Ethylenediamine Tetraacetate Solution,mo_ta+ly_do+ngay,https://thuvienphapluat.vn/van-ban/Xuat-nhap-khau/Thong-bao-4007-TB-TCHQ-2022-ket-qua-xac-dinh-truoc-ma-so-Disodium-Dihydrogen-Solution-531203.aspx
1,4008/TB-TCHQ,2022,29224900,Disodium Dihydrogen Ethylenediamine Tetraacetate Dihydrate,mo_ta+ly_do+ngay,https://thuvienphapluat.vn/van-ban/Xuat-nhap-khau/Thong-bao-4008-TB-TCHQ-2022-xac-dinh-truoc-ma-so-Disodium-Dihydrogen-Ethylenediamine-531204.aspx
1,4040/TB-TCHQ,2022,85371019,Bảng mạch điều khiển của thiết bị lọc không khí,mo_ta+ly_do+ngay,https://thuvienphapluat.vn/van-ban/Xuat-nhap-khau/Thong-bao-4040-TB-TCHQ-2022-ket-qua-xac-dinh-truoc-ma-so-bang-mach-dieu-khien-thiet-bi-loc-531205.aspx
1,4056/TB-TCHQ,2022,85437090,Máy tạo tần số thấp trong thiết bị kích thích sự vận động của nhóm cơ bằng dòng điện,mo_ta+ly_do+ngay,https://thuvienphapluat.vn/van-ban/Xuat-nhap-khau/Thong-bao-4056-TB-TCHQ-2022-ket-qua-xac-dinh-truoc-ma-so-may-tao-tan-so-thap-531206.aspx
1,4059/TB-TCHQ,2022,54024500,Sợi Nylon 66 có độ bền cao 2125+-110 Dtex,mo_ta+ly_do+ngay,https://thuvienphapluat.vn/van-ban/Xuat-nhap-khau/Thong-bao-4059-TB-TCHQ-2022-ket-qua-xac-dinh-truoc-ma-so-soi-Nylon-66-531207.aspx
1,4368/TB-TCHQ,2022,37024400,SUNFORT TM AQ-209A,mo_ta+ly_do+ngay,https://thuvienphapluat.vn/van-ban/Xuat-nhap-khau/Thong-bao-4368-TB-TCHQ-2022-ket-qua-xac-dinh-truoc-ma-so-san-pham-SUNFORT-AQ-209A-534321.aspx
1,4369/TB-TCHQ,2022,39204310,0.4 PVC film,mo_ta+ly_do+ngay,https://thuvienphapluat.vn/van-ban/Xuat-nhap-khau/Thong-bao-4369-TB-TCHQ-2022-ket-qua-xac-dinh-truoc-ma-so-0-4-PVC-film-534322.aspx
1,4375/TB-TCHQ,2022,33049930,Some By Mi AHA 10 % Amino Peeling Ampoule,mo_ta+ly_do+ngay,https://thuvienphapluat.vn/van-ban/Xuat-nhap-khau/Thong-bao-4375-TB-TCHQ-2022-ket-qua-xac-dinh-truoc-ma-so-duong-da-Some-By-Mi-AHA-534323.aspx
1,4376/TB-TCHQ,2022,35040000,Qbind Pork OP80,mo_ta+ly_do+ngay,https://thuvienphapluat.vn/van-ban/Xuat-nhap-khau/Thong-bao-4376-TB-TCHQ-2022-ket-qua-xac-dinh-truoc-ma-so-Qbind-Pork-OP80-534324.aspx
1,4389/TB-TCHQ,2022,31021000,"hàng hóa xuất khẩu, nhập khẩu là Sản phẩm AdBlue dùng để xử lý khí thải cho động cơ Diesel",mo_ta+ly_do+ngay,https://thuvienphapluat.vn/van-ban/Xuat-nhap-khau/Thong-bao-4389-TB-TCHQ-2022-ket-qua-phan-loai-san-pham-AdBlue-xu-ly-khi-thai-dong-co-Diesel-534325.aspx
1,4418/TB-TCHQ,2022,90191090,Dụng cụ mát xa 4 chân (không dùng điện),mo_ta+ly_do+ngay,https://thuvienphapluat.vn/van-ban/Xuat-nhap-khau/Thong-bao-4418-TB-TCHQ-2022-ket-qua-xac-dinh-truoc-ma-so-dung-cu-mat-xa-4-chan-khong-dung-dien-534326.aspx
1,4419/TB-TCHQ,2022,90191090,Thanh lăn mát xa (không dùng điện),mo_ta+ly_do+ngay,https://thuvienphapluat.vn/van-ban/Xuat-nhap-khau/Thong-bao-4419-TB-TCHQ-2022-ket-qua-xac-dinh-truoc-ma-so-thanh-lan-mat-xa-khong-dung-dien-534327.aspx
1,4420/TB-TCHQ,2022,90191090,Ống lăn mát xa (không dùng điện),mo_ta+ly_do+ngay,https://thuvienphapluat.vn/van-ban/Xuat-nhap-khau/Thong-bao-4420-TB-TCHQ-2022-ket-qua-xac-dinh-truoc-ma-so-ong-lan-mat-xa-khong-dung-dien-534328.aspx
1,4451/TB-TCHQ,2022,39209929,Opulent Single-Layered Film,mo_ta+ly_do+ngay,https://thuvienphapluat.vn/van-ban/Xuat-nhap-khau/Thong-bao-4451-TB-TCHQ-2022-ket-qua-xac-dinh-truoc-ma-so-Opulent-Single-Layered-Film-535828.aspx
1,4561/TB-TCHQ,2022,85171100,Bandpass Filter 3700MHz ~ 3800MHz,mo_ta+ly_do+ngay,https://thuvienphapluat.vn/van-ban/Xuat-nhap-khau/Thong-bao-4561-TB-TCHQ-2022-ket-qua-xac-dinh-truoc-ma-so-Bandpass-Filter-3700MHz-3800MHz-537135.aspx
1,4562/TB-TCHQ,2022,85171100,Bandpass Filter 3410MHz ~ 3800MHz,mo_ta+ly_do+ngay,https://thuvienphapluat.vn/van-ban/Xuat-nhap-khau/Thong-bao-4562-TB-TCHQ-2022-ket-qua-xac-dinh-truoc-ma-so-Bandpass-Filter-3410MHz-3800MHz-537132.aspx
1,4780/TB-TCHQ,2022,03052010,Calgo® (Calcium Bone Powder),mo_ta+ly_do+ngay,https://thuvienphapluat.vn/van-ban/Xuat-nhap-khau/Thong-bao-4780-TB-TCHQ-2022-ket-qua-xac-dinh-truoc-ma-so-Calgo-Calcium-Bone-Powder-538859.aspx
1,4796/TB-TCHQ,2022,30049099,PAPILOCARE,mo_ta+ly_do+ngay,https://thuvienphapluat.vn/van-ban/Xuat-nhap-khau/Thong-bao-4796-TB-TCHQ-2022-ket-qua-xac-dinh-truoc-ma-so-doi-voi-PAPILOCARE-538860.aspx
1,4902/TB-TCHQ,2022,39269099,"Kit, Patient Starter EN CN JP",mo_ta+ly_do+ngay,https://thuvienphapluat.vn/van-ban/Xuat-nhap-khau/Thong-bao-4902-TB-TCHQ-2022-ket-qua-xac-dinh-truoc-ma-so-doi-voi-Kit-Patient-Starter-EN-CN-JP-540312.aspx
1,4903/TB-TCHQ,2022,33079010,MS TOPFOAM ANIMAL,mo_ta+ly_do+ngay,https://thuvienphapluat.vn/van-ban/Xuat-nhap-khau/Thong-bao-4903-TB-TCHQ-2022-ket-qua-xac-dinh-truoc-ma-so-MS-TOPFOAM-ANIMAL-540313.aspx
1,4960/TB-TCHQ,2022,27079990,Xăng nhiệt phân thô - Raw pyrolysis Gasoline,mo_ta+ly_do+ngay,https://thuvienphapluat.vn/van-ban/Xuat-nhap-khau/Thong-bao-4960-TB-TCHQ-2022-ket-qua-xac-dinh-truoc-ma-so-doi-voi-Xang-nhiet-phan-tho-542333.aspx
1,5062/TB-TCHQ,2022,30049059,Hialcorb cold,mo_ta+ly_do+ngay,https://thuvienphapluat.vn/van-ban/Xuat-nhap-khau/Thong-bao-5062-TB-TCHQ-2022-ket-qua-xac-dinh-truoc-ma-so-doi-voi-Hialcorb-cold-542335.aspx
1,5079/TB-TCHQ,2022,27079990,Xăng nhiệt phân - Pyrolysis Gasoline,mo_ta+ly_do+ngay,https://thuvienphapluat.vn/van-ban/Xuat-nhap-khau/Thong-bao-5079-TB-TCHQ-2022-ket-qua-xac-dinh-truoc-ma-so-doi-voi-Xang-nhiet-phan-542336.aspx
1,5108/TB-TCHQ,2022,38089990,VPLUS GUARD Sterilization Patch,mo_ta+ly_do+ngay,https://thuvienphapluat.vn/van-ban/Xuat-nhap-khau/Thong-bao-5108-TB-TCHQ-2022-ket-qua-xac-dinh-truoc-ma-so-doi-voi-VPLUS-GUARD-Sterilization-Patch-544094.aspx
1,5109/TB-TCHQ,2022,38089990,VPLUS GUARD Sterilization Clip,mo_ta+ly_do+ngay,https://thuvienphapluat.vn/van-ban/Xuat-nhap-khau/Thong-bao-5109-TB-TCHQ-2022-ket-qua-xac-dinh-truoc-ma-so-doi-voi-VPLUS-GUARD-Sterilization-Clip-544095.aspx
1,5120/TB-TCHQ,2022,39219042,DS-7402-BS,mo_ta+ly_do+ngay,https://thuvienphapluat.vn/van-ban/Xuat-nhap-khau/Thong-bao-5120-TB-TCHQ-2022-ket-qua-xac-dinh-truoc-ma-so-doi-voi-DS-7402-BS-544096.aspx
1,5121/TB-TCHQ,2022,39209939,INNOFLEX Halogen Free Product,mo_ta+ly_do+ngay,https://thuvienphapluat.vn/van-ban/Xuat-nhap-khau/Thong-bao-5121-TB-TCHQ-2022-ket-qua-xac-dinh-truoc-ma-so-doi-voi-INNOFLEX-Halogen-Free-Product-544097.aspx
1,5122/TB-TCHQ,2022,39209939,INNOFLEX Flalogen Free Product,mo_ta+ly_do+ngay,https://thuvienphapluat.vn/van-ban/Xuat-nhap-khau/Thong-bao-5122-TB-TCHQ-2022-ket-qua-xac-dinh-truoc-ma-so-doi-voi-INNOFLEX-Flalogen-Free-Product-544098.aspx
1,5123/TB-TCHQ,2022,39209939,New Halogen Free Coverlay HGCS-A405RB(G)A,mo_ta+ly_do+ngay,https://thuvienphapluat.vn/van-ban/Xuat-nhap-khau/Thong-bao-5123-TB-TCHQ-2022-ket-qua-xac-dinh-truoc-ma-so-New-Halogen-Free-Coverlay-HGCS-A405RB-G-A-544099.aspx
1,5124/TB-TCHQ,2022,39201011,Acrylic PSA Tape ST-5541C(G),mo_ta+ly_do+ngay,https://thuvienphapluat.vn/van-ban/Xuat-nhap-khau/Thong-bao-5124-TB-TCHQ-2022-ket-qua-xac-dinh-truoc-ma-so-Acrylic-PSA-Tape-ST-5541C-G-543839.aspx
1,5125/TB-TCHQ,2022,39201011,FPCB carrier film,mo_ta+ly_do+ngay,https://thuvienphapluat.vn/van-ban/Xuat-nhap-khau/Thong-bao-5125-TB-TCHQ-2022-ket-qua-xac-dinh-truoc-ma-so-FPCB-carrier-film-543840.aspx
1,5126/TB-TCHQ,2022,39201011,Polyester Adhesive Film CHB131,mo_ta+ly_do+ngay,https://thuvienphapluat.vn/van-ban/Xuat-nhap-khau/Thong-bao-5126-TB-TCHQ-2022-ket-qua-xac-dinh-truoc-ma-so-Polyester-Adhesive-Film-CHB131-543841.aspx
1,5139/TB-TCHQ,2022,33011900,DAir Air Sanitizing & Purifying Liquid,mo_ta+ly_do+ngay,https://thuvienphapluat.vn/van-ban/Xuat-nhap-khau/Thong-bao-5139-TB-TCHQ-2022-ket-qua-xac-dinh-truoc-ma-so-doi-voi-DAir-Air-Sanitizing-Purifying-Liquid-544100.aspx
1,5141/TB-TCHQ,2022,39209939,EMI Shielding Film,mo_ta+ly_do+ngay,https://thuvienphapluat.vn/van-ban/Xuat-nhap-khau/Thong-bao-5141-TB-TCHQ-2022-ket-qua-xac-dinh-truoc-ma-so-doi-voi-EMI-Shielding-Film-544101.aspx
1,5142/TB-TCHQ,2022,39205990,Thermosetting tapes for FPC - miếng dính nhiệt cho bản mạch,mo_ta+ly_do+ngay,https://thuvienphapluat.vn/van-ban/Xuat-nhap-khau/Thong-bao-5142-TB-TCHQ-2022-ket-qua-xac-dinh-truoc-ma-so-doi-voi-Thermosetting-tapes-for-FPC-544102.aspx
1,5417/TB-TCHQ,2022,32151110,S-200 WEF,mo_ta+ly_do+ngay,https://thuvienphapluat.vn/van-ban/Xuat-nhap-khau/Thong-bao-5417-TB-TCHQ-2022-ket-qua-xac-dinh-truoc-ma-so-S-200-WEF-546319.aspx
1,5418/TB-TCHQ,2022,32151110,S-200 WEF10,mo_ta+ly_do+ngay,https://thuvienphapluat.vn/van-ban/Xuat-nhap-khau/Thong-bao-5418-TB-TCHQ-2022-ket-qua-xac-dinh-truoc-ma-so-S-200-WEF10-546320.aspx
1,5419/TB-TCHQ,2022,32082090,ALKALINE REMOVABLE PLATING RESIST AFTER HOT PRESS SGC-2500,mo_ta+ly_do+ngay,https://thuvienphapluat.vn/van-ban/Xuat-nhap-khau/Thong-bao-5419-TB-TCHQ-2022-ket-qua-xac-dinh-truoc-ma-so-che-pham-SGC-2500-546321.aspx
1,5420/TB-TCHQ,2022,37079090,QR-D1,mo_ta+ly_do+ngay,https://thuvienphapluat.vn/van-ban/Xuat-nhap-khau/Thong-bao-5420-TB-TCHQ-2022-ket-qua-xac-dinh-truoc-ma-so-doi-voi-QR-D1-546322.aspx
1,5421/TB-TCHQ,2022,37079090,UR-F1,mo_ta+ly_do+ngay,https://thuvienphapluat.vn/van-ban/Xuat-nhap-khau/Thong-bao-5421-TB-TCHQ-2022-ket-qua-xac-dinh-truoc-ma-so-doi-voi-UR-F1-546323.aspx
1,5436/TB-TCHQ,2022,38101000,Anti-scumming solution (2),mo_ta+ly_do+ngay,https://thuvienphapluat.vn/van-ban/Xuat-nhap-khau/Thong-bao-5436-TB-TCHQ-2022-ket-qua-xac-dinh-truoc-ma-so-Anti-scumming-solution-2-546324.aspx
1,5437/TB-TCHQ,2022,32089090,PSR-4000 MPF30 (UL: PSR-4000KAN),mo_ta+ly_do+ngay,https://thuvienphapluat.vn/van-ban/Xuat-nhap-khau/Thong-bao-5437-TB-TCHQ-2022-ket-qua-xac-dinh-truoc-ma-so-doi-voi-PSR-4000-MPF30-546325.aspx
1,5438/TB-TCHQ,2022,32089090,SPI-606 MATT BLACK,mo_ta+ly_do+ngay,https://thuvienphapluat.vn/van-ban/Xuat-nhap-khau/Thong-bao-5438-TB-TCHQ-2022-ket-qua-xac-dinh-truoc-ma-so-doi-voi-SPI-606-MATT-BLACK-546326.aspx
1,5439/TB-TCHQ,2022,38140000,REDUCER E,mo_ta+ly_do+ngay,https://thuvienphapluat.vn/van-ban/Xuat-nhap-khau/Thong-bao-5439-TB-TCHQ-2022-ket-qua-xac-dinh-truoc-ma-so-doi-voi-REDUCER-E-546327.aspx
1,5463/TB-TCHQ,2022,38089990,CLOBIO FRESH-LAB POUCH,mo_ta+ly_do+ngay,https://thuvienphapluat.vn/van-ban/Xuat-nhap-khau/Thong-bao-5463-TB-TCHQ-2022-ket-qua-xac-dinh-truoc-ma-so-CLOBIO-FRESH-LAB-POUCH-546328.aspx
1,5464/TB-TCHQ,2022,29171900,Disodium Succinate,mo_ta+ly_do+ngay,https://thuvienphapluat.vn/van-ban/Xuat-nhap-khau/Thong-bao-5464-TB-TCHQ-2022-ket-qua-xac-dinh-truoc-ma-so-Disodium-Succinate-546329.aspx
1,5492/TB-TCHQ,2022,28429090,Lithium iron phosphate powder - Lithium Sắt Phosphate dạng bột (CAS number 15365-14-7),mo_ta+ly_do+ngay,https://thuvienphapluat.vn/van-ban/Xuat-nhap-khau/Thong-bao-5492-TB-TCHQ-2022-ket-qua-xac-dinh-truoc-ma-so-doi-voi-Lithium-iron-phosphate-powder-548044.aspx
1,5666/TB-TCHQ,2022,84713090,Kính thực tế ảo HoloLens 2,mo_ta+ly_do+ngay,https://thuvienphapluat.vn/van-ban/Xuat-nhap-khau/Thong-bao-5666-TB-TCHQ-2022-ket-qua-xac-dinh-truoc-ma-so-kinh-thuc-te-ao-HoloLens-2-549920.aspx
1,5678/TB-TCHQ,2022,35079000,Probind TXo,mo_ta+ly_do+ngay,https://thuvienphapluat.vn/van-ban/Xuat-nhap-khau/Thong-bao-5678-TB-TCHQ-2022-ket-qua-xac-dinh-truoc-ma-so-doi-voi-Probind-TXo-549787.aspx
1,5690/TB-TCHQ,2022,27101990,Sản phẩm dầu đáy cracker - Cracker Bottom Oil,mo_ta+ly_do+ngay,https://thuvienphapluat.vn/van-ban/Xuat-nhap-khau/Thong-bao-5690-TB-TCHQ-2022-ket-qua-xac-dinh-truoc-ma-so-San-pham-dau-day-cracker-550024.aspx
1,5691/TB-TCHQ,2022,27101990,Dầu khí - Gas Oil,mo_ta+ly_do+ngay,https://thuvienphapluat.vn/van-ban/Xuat-nhap-khau/Thong-bao-5691-TB-TCHQ-2022-ket-qua-xac-dinh-truoc-ma-so-doi-voi-Dau-khi-550025.aspx
1,5757/TB-TCHQ,2022,30049099,NeilMed Sinus Rinse 120 sachets,mo_ta+ly_do+ngay,https://thuvienphapluat.vn/van-ban/Xuat-nhap-khau/Thong-bao-5757-TB-TCHQ-2022-ket-qua-xac-dinh-truoc-ma-so-NeilMed-Sinus-Rinse-120-sachets-549791.aspx
1,5758/TB-TCHQ,2022,30049099,NeilMed Sinus Rinse 50 sachets,mo_ta+ly_do+ngay,https://thuvienphapluat.vn/van-ban/Xuat-nhap-khau/Thong-bao-5758-TB-TCHQ-2022-ket-qua-xac-dinh-truoc-ma-so-NeilMed-Sinus-Rinse-50-sachets-549792.aspx
1,5760/TB-TCHQ,2022,30049099,NeilMed Sinus Rinse Pediatric 120 sachets,mo_ta+ly_do+ngay,https://thuvienphapluat.vn/van-ban/Xuat-nhap-khau/Thong-bao-5760-TB-TCHQ-2022-ket-qua-xac-dinh-truoc-ma-so-NeilMed-Sinus-Rinse-Pediatric-549793.aspx
2,1489/TB-CHQ,2026,04063000,"Phô mai hữu cơ tách muối Seoul Milk Step 1.. 82% phô mai hữu cơ (sữa hữu cơ Newzealand, men lactic nuôi cấy sấy khô, men",ly_do,https://luatvietnam.vn/xuat-nhap-khau/thong-bao-1489-tb-chq-2026-ket-qua-xac-dinh-ma-so-pho-mai-huu-co-tach-muoi-seoul-milk-425337-d6.html
2,21070/TB-CHQ,2025,19021100,Mỳ Ýăn liền Wow pasta hương vị xốt cà chua kiểu Ý/Wow Pasta Instant Spaghetti Bolognese. — Mỳ Ýăn liền.,ly_do,https://luatvietnam.vn/xuat-nhap-khau/thong-bao-21070-tb-chq-cua-cuc-hai-quan-ve-ket-qua-xac-dinh-truoc-ma-so-doi-voi-my-y-an-lien-wow-pasta-huong-vi-xot-ca-chua-kieu-y-wow-pasta-instant-spaghetti-bolognese-409897-d6.html
2,21071/TB-CHQ,2025,19021100,Mỳ Ýăn liền Wow pasta hương vị tỏi cay/Wow Pasta Instant Spaghetti Aglio Olio. — Mỳ Ýăn liền.,ly_do,https://luatvietnam.vn/xuat-nhap-khau/thong-bao-21071-tb-chq-cua-cuc-hai-quan-ve-ket-qua-xac-dinh-truoc-ma-so-doi-voi-my-y-an-lien-wow-pasta-huong-vi-toi-cay-wow-pasta-instant-spaghetti-aglio-olio-409899-d6.html
2,21396/TB-CHQ,2025,21039013,"Chiết xuất xốt bào ngư dạng sệt. — Chiết xuất xốt dùng trong thực phẩm, ở dạng sệt.. Nguyên liệu thực phẩm - dùng để tẩm",ly_do,https://luatvietnam.vn/xuat-nhap-khau/thong-bao-21396-tb-chq-cua-cuc-hai-quan-ve-ket-qua-xac-dinh-truoc-ma-so-doi-voi-chiet-xuat-xot-bao-ngu-dang-set-410530-d6.html
2,26548/TB-CHQ,2025,80011000,"Thiếc dạng bán cầu, đường kính 20mm, dùng trong sản xuất linh kiện điện tử, hóa chất và mỹ nghệ, có thành phần hóa học l",ly_do,https://luatvietnam.vn/xuat-nhap-khau/thong-bao-26548-tb-chq-2025-ket-qua-xac-dinh-ma-so-thiec-ban-cau-duong-kinh-20mm-414475-d6.html
2,46167/TB-CHQ,2025,20098999,"Nguyên liệu thực phẩm: Bột dưa lưới A4206 (Melon Powder A4206). — Nguyên liệu thực phẩm. Dưa lưới tươi (97,0%), maltodex",ly_do,https://luatvietnam.vn/xuat-nhap-khau/thong-bao-46167-tb-chq-2025-ket-qua-xac-dinh-ma-so-nguyen-lieu-thuc-pham-bot-dua-luoi-a4206-425423-d6.html
2,6471/TB-CHQ,2025,29011000,"Etan. Etan chủ yếu được sử dụng làm nguyên liệu cho sản xuất ethylene, nguồn nhiên liệu, chất làm lạnh và nguyên liệu th",ly_do,https://luatvietnam.vn/xuat-nhap-khau/thong-bao-6471-tb-chq-2025-cua-cuc-hai-quan-ve-ket-qua-xac-dinh-ma-so-etan-402376-d1.html
2,8992/TB-CHQ,2025,21011299,"Spray Dried Instant Coffee — Cà Phê Hòa Tan.. 70% cà phê hòa tan + 30% brown maltodextrin.. + Th eo hồ sơ ""Certificate o",ly_do,https://luatvietnam.vn/xuat-nhap-khau/thong-bao-8992-tb-chq-2025-ket-qua-xac-dinh-ma-so-spray-dried-instant-coffee-403608-d1.html
2,8993/TB-CHQ,2025,21011299,Spray Dried Instant Coffee (Cà Phê Hòa Tan sấy Phun). — Spray Dried Instant Coffee. 80% cà phê hòa tan + 20% brown malto,ly_do,https://luatvietnam.vn/xuat-nhap-khau/thong-bao-8993-tb-chq-2025-ket-qua-xac-dinh-ma-so-spray-dried-instant-coffee-403609-d1.html
2,2654/TB-TCHQ,2023,35040000,SUPRO 5 48 IP DBB I solated Soy Protein — Protein cô lập từ đậu nành- isolated soy protein,ly_do,https://luatvietnam.vn/xuat-nhap-khau/thong-bao-2654-tb-tchq-2023-xac-dinh-ma-so-supro-548-ip-dbb-isolated-soy-protein-293030-d6.html
2,4013/TB-TCHQ,2023,19019019,Nguyên liệu thực phẩm (Premium cow milk nutritional powder - step 1) — Nguyên liệu thực phẩm,ly_do,https://luatvietnam.vn/xuat-nhap-khau/thong-bao-4013-tb-tchq-2023-xac-dinh-truoc-ma-so-doi-voi-nguyen-lieu-thuc-pham-292652-d6.html
2,4033/TB-TCHQ,2023,85444941,"PCO-0.25SX2C Cable. — Dây cáp điện lõi đồng được bọc lớp ngoài cùng (jacket) bằng nhựa Lead Free PVC, gồm 2 dây cấu tạo ",ly_do,https://luatvietnam.vn/xuat-nhap-khau/thong-bao-4033-tb-tchq-2023-ket-qua-xac-dinh-truoc-ma-so-pco-025sx2c-cable-292633-d6.html
2,5722/TB-TCHQ,2023,25174900,"Bột đá CaCO3 (bột đá siêu mịn, calcium carbonate powder) từ đá vôi trắng (white limestone), hàm lượng CaCO3 trên 93%, kí",ly_do,https://thuvienxuatnhapkhau.com/thong-bao-5722-tb-tchq-nam-2023-vv-phan-loai-mat-hang-bot-da-xuat-khau.html
2,2723/TB-TCHQ,2022,38140000,Chất làm sạch LOCTITE BONDACE 233BF 13KG — Chất làm sạch. + Isoheptane: 30 ~ 60%. + Ngoại quan: dạng lỏng không màu,ly_do,https://luatvietnam.vn/xuat-nhap-khau/thong-bao-2723-tb-tchq-2022-san-pham-chat-lam-sach-loctite-bondace-233bf-13kg-294371-d6.html
2,2724/TB-TCHQ,2022,38140000,Chất làm sạch LOCTITE BONDACE 233H 13KG — Chất làm sạch. + Isoheptane: 30 ~ 60%. LOCTITE BONDACE 233H chủ yếu dung để vệ,ly_do,https://luatvietnam.vn/xuat-nhap-khau/thong-bao-2724-tb-tchq-2022-chat-lam-sach-loctite-bondace-233h-13kg-294367-d6.html
2,2725/TB-TCHQ,2022,38140000,Chất làm sạch LOCTITE BONDACE PC - 3 14KG — Chất làm sạch. + Methyl cyclohexane: 60 ~ 100%. LOCT I TE BONDACE PC-3 14KG ,ly_do,https://luatvietnam.vn/xuat-nhap-khau/thong-bao-2725-tb-tchq-2022-san-pham-chat-lam-sach-loctite-bondace-pc-3-14kg-294360-d6.html
2,2928/TB-TCHQ,2022,22087010,Rượu Choya Kokuto. + Quả mơ Nhật Bản. Đồ uống chứa cồn. Đóng chai dung tích 720 ml,ly_do,https://luatvietnam.vn/xuat-nhap-khau/thong-bao-2928-tb-tchq-2022-ket-qua-xac-dinh-truoc-ma-so-ruou-choya-kokuto-294326-d6.html
2,613/TB-TCHQ,2022,12122119,Rong biển cuộn cơm Ock-Dong-Ja vị truyền thống. — Rong biển khô.. 100% rong biển.,ly_do,https://luatvietnam.vn/xuat-nhap-khau/thong-bao-613-tb-tchq-2022-rong-bien-cuon-com-ock-dong-ja-vi-truyen-thong-294624-d6.html
2,809/TB-TCHQ,2022,23080000,"Herb-All COCC-X. + Hoạt chất: vỏ cây Hol larhena antidysen t erica (Mai chỉ thiên), củ Aliumsatium (củ Tỏi). + Thức ăn c",ly_do,https://luatvietnam.vn/xuat-nhap-khau/thong-bao-809-tb-tchq-2022-ket-qua-xac-dinh-truoc-ma-so-doi-voi-herb-all-cocc-x-294605-d6.html
2,810/TB-TCHQ,2022,23080000,"Herb-All GUT. + Hoạt chất: vỏ cây Holorrhena antidysenterica (Mai chỉ thiên), vỏ cây Ficus relig i osa (Bồ đề).. + Thức ",ly_do,https://luatvietnam.vn/xuat-nhap-khau/thong-bao-810-tb-tchq-2022-ket-qua-xac-dinh-truoc-ma-so-doi-voi-herb-all-gut-294600-d6.html
2,3940/TB-TCHQ,2021,21069072,"Thực phẩm bảo vệ sức khỏe PIKABIOTIC dạng bột gói 2 g (hộp 30 gói): hỗn hợp 19 chủng lợi khuẩn (Bifidobacterium, Lactoba",ly_do,https://thuvienxuatnhapkhau.com/thong-bao-3940-tb-tchq-nam-2021-ve-ket-qua-xac-dinh-truoc-ma-so-doi-voi-thuc-pham-bao-ve-suc-khoe-pikabiotic.html
2,109/TB-TCHQ,2020,29359000,SODIUM N-CHLORO BENZENESULFONAMIDE - NaC6H5NClS O 2.2H2 O. Hóa chất công nghiệp dùng để xử lý nước thải và tẩy rửa công ,ly_do,https://luatvietnam.vn/xuat-nhap-khau/thong-bao-109-tb-tchq-2020-ket-qua-phan-loai-sodium-n-chlorodo-295932-d6.html
2,1208/TB-TCHQ,2020,39100090,"Miếng silicon để sản xuất vật liệu dẫn nhiệt bằng silicon dùng cho máy tính bảng — Silicon nguyên sinh, dạng khối hình h",ly_do,https://luatvietnam.vn/hai-quan/thong-bao-1208-tb-tchq-2020-ket-qua-phan-loai-mieng-silicon-de-sx-vl-dan-nhiet-294994-d6.html
2,1219/TB-TCHQ,2020,39100090,"Chất tạo màng cho màng film 7028 (500g/lọ) thành phần: Methylhydrogen Siloxane, Trimethylsiloxyterminated: 90- <100%; He",ly_do,https://luatvietnam.vn/hai-quan/thong-bao-1219-tb-tchq-2020-ket-qua-phan-loai-chat-tao-mang-cho-mang-film-7028-295001-d6.html
2,1338/TB-TCHQ,2020,39089000,"Hạt nhựa polyamide dạng nguyên sinh ARLEN A335MB — Polyamide 6 biến tính, nguyên sinh, dạng hạt",ly_do,https://luatvietnam.vn/hai-quan/thong-bao-1338-tb-tchq-2020-ket-qua-phan-loai-doi-voi-hang-hoa-xk-nk-294472-d6.html
2,1531/TB-TCHQ,2020,31049000,"Phân kali viên, kali mảnh - Ko rn Kali + B Ganular 40+ 0,248 dạng hạt mi ể ng, kích thước không đồng đều trung bình từ 1",ly_do,https://luatvietnam.vn/hai-quan/thong-bao-1531-tb-tchq-2020-ket-qua-phan-loai-doi-voi-hang-hoa-xk-nk-292995-d6.html
2,1601/TB-TCHQ,2020,38249999,Dung dịch làm cứng khuôn cát (POWDERED SILVER STRIPTER 3R): chế phẩm hóa học dạng lỏng gồm bột nhôm (aluminium paste 15–,ly_do,https://luatvietnam.vn/xuat-nhap-khau/thong-bao-1601-tb-tchq-2020-phan-loai-dung-dich-lam-cung-khuon-cat-294201-d6.html
2,2322/TB-TCHQ,2020,50050000,"Sợi bông có tỷ trọng 85% cotton, chưa đóng gói để bán lẻ, sợi xe từ xơ chải kỹ, từ mỗi sợi đơn có độ mảnh 80 decitex. do",ly_do,https://luatvietnam.vn/xuat-nhap-khau/thong-bao-2322-tb-tchq-2020-phan-loai-soi-bong-co-ty-trong-85-cotton-292895-d6.html
2,2481/TB-TCHQ,2020,31049000,"Phân bón lá Kali trung vi lượng Synux M; 30% K 2 O; 20.8% S; 10% MgO. Dạng bột, đóng gói: 25kgs/bao. Hàng phù hợp quyết ",ly_do,https://luatvietnam.vn/xuat-nhap-khau/thong-bao-2481-tb-tchq-2020-ket-qua-phan-loai-hang-hoa-xuat-khau-nhap-khau-292778-d6.html
2,2665/TB-TCHQ,2020,29420000,"Chế phẩm màu chứa Fluorphlogopite,Dioxit titan,hàm lượng dioxit titan nhỏ hơn 80% trọng lượng. WHITE CARBON(BCA-2020),2-",ly_do,https://luatvietnam.vn/xuat-nhap-khau/thong-bao-2665-tb-tchq-2020-phan-loai-che-pham-mau-294704-d6.html
2,6432/TB-TCHQ,2020,28333000,"BUDAL 2402 — Aluminum sodium sulfate. Thành phần, cấu tạo, công thức hóa học: Alumium sodium sulfate - số CAS: 10102-71-",ly_do,https://luatvietnam.vn/xuat-nhap-khau/thong-bao-6432-tb-tchq-2020-ket-qua-xac-dinh-truoc-ma-so-doi-voi-budal-2402-294300-d6.html
2,1095/TB-TCHQ,2019,28230000,"Chất phủ chống phản chiếu Ti 3 O 52-4MM. Mã CAS 12065-65-5 — Titan pentoxit, dạng mảnh",ly_do,https://luatvietnam.vn/xuat-nhap-khau/thong-bao-1095-tb-tchq-2019-phan-loai-chat-phu-chong-phan-chieu-297188-d6.html
2,1120/TB-TCHQ,2019,78011000,"Chì nấu (99.99%) — Chì (Pb) tinh luyện, chưa gia công",ly_do,https://luatvietnam.vn/xuat-nhap-khau/thong-bao-1120-tb-tchq-2019-phan-loai-chi-nau-297126-d6.html
2,1233/TB-TCHQ,2019,72299091,"Dây thép hợp kim (SUP11) dạng cuộn, chưa tráng phủ mạ hoặc sơn, mặt cắt ngang hình lục giác đều, khoảng cách hai cạnh đố",ly_do,https://luatvietnam.vn/xuat-nhap-khau/thong-bao-1233-tb-tchq-2019-phan-loai-day-thep-hop-kim-297059-d6.html
2,182/TB-TCHQ,2019,72230090,"Dây thép không gỉ SUS 304 WPB F1.2mm — Dây thép không gỉ, đường kính 1,2mm",ly_do,https://luatvietnam.vn/xuat-nhap-khau/thong-bao-182-tb-tchq-tong-cuc-hai-quan-298179-d6.html
2,21/TB-TCHQ,2019,28220000,"Nguyên liệu làm gốm sứ - Thuốc màu dạng bột (Coban oxit/CL928) — Coban oxide, dạng bột",ly_do,https://luatvietnam.vn/xuat-nhap-khau/thong-bao-21-tb-tchq-tong-cuc-hai-quan-298216-d6.html
2,3120/TB-TCHQ,2019,28322000,"ISONA K (ISK411)- Phụ gia thực phẩm, dùng trong ngành sản xuất bia, 20kg/ thùng — Kali disulphit",ly_do,https://luatvietnam.vn/xuat-nhap-khau/thong-bao-3120-tb-tchq-2019-phan-loai-isona-k-isk411-phu-gia-thuc-pham-296622-d6.html
2,3541/TB-TCHQ,2019,28341000,"Muối Natri Nitrit dùng để vệ sinh đầu thông sợi, trong công đoạn bắn sợi, mã CAS 7632-00-0 - SODIUM NITRITE - — Natri ni",ly_do,https://luatvietnam.vn/xuat-nhap-khau/thong-bao-3541-tb-tchq-tong-cuc-hai-quan-297501-d6.html
2,3938/TB-TCHQ,2019,70200090,"Tấm thủy tinh được tráng lớp phản chiếu tia UV (UV reflector), chiều dài 250mm. Tấm này được dùng trong máy in flexco hà",ly_do,https://luatvietnam.vn/xuat-nhap-khau/thong-bao-3938-tb-tchq-2019-tam-thuy-tinh-duoc-trang-lop-phan-chieu-tia-uv-297030-d6.html
2,3939/TB-TCHQ,2019,70200090,"Tấm thạch anh dùng để lọc tia hồng ngoại (IR Filter), chiều dài 550mm. Tấm này được dùng trong máy in flexco hàng GEW. M",ly_do,https://luatvietnam.vn/xuat-nhap-khau/thong-bao-3939-tb-tchq-2019-phan-loai-tam-thach-anh-dung-de-loc-tia-hong-ngoai-297054-d6.html
2,3940/TB-TCHQ,2019,70200090,"Tấm thủy tinh được tráng lớp phản chiếu tia UV (UV reflector), chiều dài 342mm. Tấm này được dùng trong máy in flexco hà",ly_do,https://luatvietnam.vn/xuat-nhap-khau/thong-bao-3940-tb-tchq-2019-tam-thuy-tinh-duoc-trang-lop-phan-chieu-tia-uv-297060-d6.html
2,3987/TB-TCHQ,2019,29011000,"Chất lầm mềm da ISOHEXADECANE - Mã CAS: 93685-80-4, dùng để sản xuất mỹ phẩm — Isohexadecan (hydrocarbon no, mạch hở)",ly_do,https://luatvietnam.vn/xuat-nhap-khau/thong-bao-3987-tb-tchq-2019-phan-loai-hang-hoa-chat-lam-mem-da-isohexadecane-296994-d6.html
2,4033/TB-TCHQ,2019,49089000,"Phim vân gỗ từ sợi lưu hóa của Plastic, code: 2503-09-L-186, dùng để tạo vân gỗ trên nhôm, dưới tác dụng nhiệt — Đề can ",ly_do,https://luatvietnam.vn/xuat-nhap-khau/thong-bao-4033-tb-tchq-2019-phan-loai-hang-hoa-phim-van-go-tu-soi-luu-hoa-296900-d6.html
2,554/TB-TCHQ,2019,69149000,"Viên đất sét siêu nhẹ, dùng để trồng cây — Vật liệu gốm, dạng hình cầu, đường kính khoảng 10mm, dùng để trồng cây",ly_do,https://luatvietnam.vn/xuat-nhap-khau/thong-bao-554-tb-tchq-tong-cuc-hai-quan-297867-d6.html
2,1146/TB-TCHQ,2018,38249999,"Bột đúc (mold powder) dùng để dễ tách phôi thép ra khỏi khuôn: chế phẩm hóa học chứa CaSiO3, CaF2 (10–25%), Na2CO3 (>10%",ly_do,https://luatvietnam.vn/xuat-nhap-khau/thong-bao-1146-tb-tchq-tong-cuc-hai-quan-299811-d6.html
2,1149/TB-TCHQ,2018,72029900,"Hợp kim Ferro Bo dùng để điều chỉnh thành phần BO trong thép lỏng, thành phần: B: 18.97%, C:0.347%, Si:0.54%, S:0.005% —",ly_do,https://luatvietnam.vn/xuat-nhap-khau/thong-bao-1149-tb-tchq-tong-cuc-hai-quan-299806-d6.html
2,1404/TB-TCHQ,2018,70080000,"Kính hộp dày 23.38mm (4mm kính trắng 0.38 PVB trong kính trắng 5mm low-E 9mm khí 5mm kính trắng cường lực), dùng trong x",ly_do,https://luatvietnam.vn/xuat-nhap-khau/thong-bao-1404-tb-tchq-tong-cuc-hai-quan-299308-d6.html
2,1760/TB-TCHQ,2018,70080000,"Kính cách ly (cách âm, cách nhiệt) nhiều lớp, dạng tấm, kích thước theo khai báo hải quan 600 x 600 x 21 mm (chiều dài-c",ly_do,https://luatvietnam.vn/xuat-nhap-khau/thong-bao-1760-tb-tchq-tong-cuc-hai-quan-299396-d6.html
2,1766/TB-TCHQ,2018,28321000,"Chế phẩm hóa học của ngành công nghiệp hóa chất dùng trong xử lý nồi hơi, dạng lỏng - NALCO 780 (25 Kg/Thùng) — Dung dịc",ly_do,https://luatvietnam.vn/xuat-nhap-khau/thong-bao-1766-tb-tchq-tong-cuc-hai-quan-299377-d6.html
2,1767/TB-TCHQ,2018,28321000,"Hóa chất chống muội oxy dùng trong xử lý nước NALCO 7408 (25 Kg/Thùng) — Dung dịch natri bisulfit trong môi trường nước,",ly_do,https://luatvietnam.vn/xuat-nhap-khau/thong-bao-1767-tb-tchq-tong-cuc-hai-quan-299378-d6.html
2,1791/TB-TCHQ,2018,70080000,Kính hộp dày 23.38mm (4mm kính tr ắng + 0.38mm PVB trong + kính tr ắng 5mm l ow-E + 9mm khí + 5mm kính trắng cường lực) ,ly_do,https://luatvietnam.vn/xuat-nhap-khau/thong-bao-1791-tb-tchq-tong-cuc-hai-quan-299388-d6.html
2,1792/TB-TCHQ,2018,70080000,Kính hộp dày 23.38mm (4mm kính trắng + 0.38mm PVB trong + kính tr ắng 5mm low-E + 9mm khí + 5mm kính trắng cường lực) có,ly_do,https://luatvietnam.vn/xuat-nhap-khau/thong-bao-1792-tb-tchq-tong-cuc-hai-quan-299381-d6.html
2,2450/TB-TCHQ,2018,29359000,Para Toluene sulfonamide (PTSA) (dùng trong ngành công nghiệp nhựa) — Para Toluene sulfonamit,ly_do,https://luatvietnam.vn/xuat-nhap-khau/thong-bao-2450-tb-tchq-tong-cuc-hai-quan-298766-d6.html
2,2452/TB-TCHQ,2018,28321000,"Chất trợ tẩy sử dụng trong quá trình sản xuất giấy, Liquid sodium bisulfite (SBS) — Dung dịch natri bisulfite",ly_do,https://luatvietnam.vn/xuat-nhap-khau/thong-bao-2452-tb-tchq-tong-cuc-hai-quan-298768-d6.html
2,2486/TB-TCHQ,2018,85444942,"Lead Wire — Cáp điện bọc cách điện bằng cao su silicon, nhiều lõi, chưa gắn đầu nối, không dùng cho viễn thông, điện áp ",ly_do,https://luatvietnam.vn/xuat-nhap-khau/thong-bao-2486-tb-tchq-nam-2018-ket-qua-xac-dinh-truoc-ma-so-lead-wire-162875-d6.html
2,295/TB-TCHQ,2018,76042190,"Aluminium Profile — Nhôm hợp kim, dạng hình rỗng, bề mặt đã được sơn phủ. Thanh nhôm hợp kim dạng hình, đã sơn, chưa gia",ly_do,https://luatvietnam.vn/xuat-nhap-khau/thong-bao-295-tb-tchq-tong-cuc-hai-quan-300111-d6.html
2,3029/TB-TCHQ,2018,85444941,"Lead Wire — Cáp điện bọc cách điện bằng nhựa PVC, nhiều lõi, chưa gắn đầu nối, không dùng cho viễn thông, điện áp 3 00V",ly_do,https://luatvietnam.vn/xuat-nhap-khau/thong-bao-3029-tb-tchq-tong-cuc-hai-quan-299144-d6.html
2,317/TB-TCHQ,2018,76042990,"Aluminium Profile — Nhôm hợp kim, dạng hình rỗng, bề mặt đã được sơn phủ. Thanh nhôm hợp kim dạng hình, đã sơn, chưa gia",ly_do,https://luatvietnam.vn/xuat-nhap-khau/thong-bao-317-tb-tchq-tong-cuc-hai-quan-300112-d6.html
2,318/TB-TCHQ,2018,76042990,"Aluminium Profile — Nhôm hợp kim, dạng hình rỗng, bề mặt đã được sơn phủ. Thanh nhôm hợp kim dạng hình, đã sơn, chưa gia",ly_do,https://luatvietnam.vn/xuat-nhap-khau/thong-bao-318-tb-tchq-tong-cuc-hai-quan-300108-d6.html
2,3220/TB-TCHQ,2018,29359000,Levosulpiride (nguyên liệu sx thuốc),ly_do,https://luatvietnam.vn/xuat-nhap-khau/thong-bao-3220-tb-tchq-tong-cuc-hai-quan-299000-d6.html
2,325/TB-TCHQ,2018,29011000,"Hóa chất ISOOCTANE FOR SPECTROSCOPY UVASOL - C8H18, dùng trong phòng thí nghiệm (04.2020, đóng gói 2,5 1lít/ chai.) - — ",ly_do,https://luatvietnam.vn/xuat-nhap-khau/thong-bao-325-tb-tchq-tong-cuc-hai-quan-300091-d6.html
2,3403/TB-TCHQ,2018,32089090,"Vật liệu phủ bề mặt sàn, tường (Flowprime Clear) trong suốt, 2 thành phần: thành phần A gồm nhựa epoxy bisphenol-A-(epic",ly_do,https://luatvietnam.vn/xuat-nhap-khau/thong-bao-3403-tb-tchq-tong-cuc-hai-quan-298877-d6.html
2,522/TB-TCHQ,2018,26080000,"01#&Quặng kẽm 28% (Hàm lượng kẽm chiếm 28% theo khối lượng) — Quặng kẽm carbonate, hàm lượng kẽm chiếm 28,32% theo trọng",ly_do,https://luatvietnam.vn/xuat-nhap-khau/thong-bao-522-tb-tchq-tong-cuc-hai-quan-300027-d6.html
2,556/TB-TCHQ,2018,85044090,"Sạc pin điện thoại di động và máy tính bảng. vỏ nhựa, bản mạch.",ly_do,https://luatvietnam.vn/xuat-nhap-khau/thong-bao-556-tb-tchq-tong-cuc-hai-quan-299908-d6.html
2,5606/TB-TCHQ,2018,28402000,"Nguyên liệu sản xuất phân bón NPK: Phân bón vi lượng ETIFERT - B2 O (Micronutrient Fertilizer). Hàm lượng: B20, 50%; Na2",ly_do,https://luatvietnam.vn/xuat-nhap-khau/thong-bao-5606-tb-tchq-tong-cuc-hai-quan-298629-d6.html
2,611/TB-TCHQ,2018,69149000,"Sản phẩm không đi từ bột hóa thạch silic, độ chịu lửa dưới 1500°C kích thước 590x540x30mm, đã tạo lỗ rỗng hình chữ nhật ",ly_do,https://luatvietnam.vn/xuat-nhap-khau/thong-bao-611-tb-tchq-tong-cuc-hai-quan-299879-d6.html
2,6764/TB-TCHQ,2018,29420000,"Hỗn hợp nguyên liệu dùng để sản xuất mỹ phẩm: Aluminum/Zirconium Trichlorohydrex-gly, USP - SUMMIT AAZG 7160, Exprixed: ",ly_do,https://luatvietnam.vn/xuat-nhap-khau/thong-bao-6764-tb-tchq-tong-cuc-hai-quan-297990-d6.html
2,7299/TB-TCHQ,2018,38249999,"Phụ gia làm bóng dùng trong xi mạ (TOP LUCINA HV-WA): chế phẩm hóa học dạng lỏng, thành phần gồm chất màu hữu cơ, ethyle",ly_do,https://luatvietnam.vn/xuat-nhap-khau/thong-bao-7299-tb-tchq-tong-cuc-hai-quan-297780-d6.html
2,7302/TB-TCHQ,2018,40030000,"Cao su tái sinh, dạng bột",ly_do,https://luatvietnam.vn/xuat-nhap-khau/thong-bao-7302-tb-tchq-tong-cuc-hai-quan-297770-d6.html
2,5924/TB-TCHQ,2017,73079910,"Vòng thép làm kín khít trong đường ống công nghiệp — Phụ kiện ghép nối choống và ống dẫn bằng thép hợp kim, hàm lượng Si",ly_do,https://luatvietnam.vn/xuat-nhap-khau/thong-bao-5924-tb-tchq-tong-cuc-hai-quan-117021-d6.html
2,7347/TB-TCHQ,2017,39100090,"Polydimethylsiloxane (Silicone), nguyên sinh, dạng lỏng — Polydimethylsiloxane, dạng lỏng, không tan trong nước",ly_do,https://luatvietnam.vn/xuat-nhap-khau/thong-bao-7347-tb-tchq-tong-cuc-hai-quan-118221-d6.html
2,7531/TB-TCHQ,2017,85416000,Linh kiện bằng sứ giúp xuất tín hiệu tần số ổn định,ly_do,https://luatvietnam.vn/xuat-nhap-khau/thong-bao-7531-tb-tchq-tong-cuc-hai-quan-118389-d6.html
2,8016/TB-TCHQ,2017,85176100,"MODEM Femto — Thiết bị thu phát sóng viễn thông (4G LTE Network Extender). Vỏ nhựa, bản mạch điện tử, tấm chắn sóng kim ",ly_do,https://luatvietnam.vn/xuat-nhap-khau/thong-bao-8016-tb-tchq-tong-cuc-hai-quan-300132-d6.html
2,8341/TB-TCHQ,2017,25041000,"Ground enhancement material # GEM-ST — Bột Graphit tự nhiên, dạng bột",ly_do,https://luatvietnam.vn/xuat-nhap-khau/thong-bao-8341-tb-tchq-tong-cuc-hai-quan-157072-d6.html
2,118/TB-TCHQ,2016,72254090,"Thép tấm cán phẳng hợp kim titan, cán nóng, chưa tráng phủ mạ, Q345B-Ti, kích thước 20 x 2000 x 12000 mm; Ti là nguyên t",ly_do,https://caselaw.vn/van-ban-phap-luat/31498-cong-van-118-tb-tchq-nam-2016-ve-ket-qua-phan-loai-doi-voi-hang-hoa-xuat-nhap-khau-la-thep-tam-can-phang-hop-kim-titan-can-nong-chua-trang-phu-ma-do-tong-cuc-hai-quan-ban-hanh
2,1256/TB-TCHQ,2016,72283010,"Thép hợp kim Ti dạng thanh tròn cán nóng, tiêu chuẩn S45Ti, hàm lượng Ti ~0,0674% (khai >= 0,05%), kích thước đường kính",ly_do,https://caselaw.vn/van-ban-phap-luat/2077-thong-bao-1256-tb-tchq-nam-2016-ve-ket-qua-phan-loai-doi-voi-hang-hoa-xuat-nhap-khau-la-thep-hop-kim-ti-do-tong-cuc-hai-quan-ban-hanh
2,2705/TB-TCHQ,2016,32082090,"Sơn chống ăn mòn KLIN WELD dùng sơn đường hàn: dung dịch copolyme acrylat trong dung môi toluene, xylene, methylethylben",ly_do,https://caselaw.vn/van-ban-phap-luat/1775-thong-bao-2705-tb-tchq-nam-2016-ve-ket-qua-phan-loai-doi-voi-hang-hoa-xuat-nhap-khau-la-son-chong-an-mon-do-tong-cuc-hai-quan-ban-hanh
2,2710/TB-TCHQ,2016,32041600,"Thuốc nhuộm hoạt tính (reactive dye) Solophenyl Blue FGLE 220%, màu xanh, dạng bột",ly_do,https://caselaw.vn/van-ban-phap-luat/1772-thong-bao-2710-tb-tchq-nam-2016-ve-ket-qua-phan-loai-hang-hoa-xuat-nhap-khau-la-thuoc-nhuom-hoat-tinh-solophenyl-blue-fgle-220-do-tong-cuc-hai-quan-ban-hanh
2,279/TB-TCHQ,2016,32089019,"Vecni cách điện FPU A1 50 dùng sản xuất điện tử: vecni từ polyurethane, chịu nhiệt trên 100°C, trong hỗn hợp dung môi hữ",ly_do,https://caselaw.vn/van-ban-phap-luat/2595-thong-bao-279-tb-tchq-nam-2016-ve-ket-qua-phan-loai-doi-voi-hang-hoa-xuat-nhap-khau-la-vecni-cach-dien-fpu-a1-50-do-tong-cuc-hai-quan-ban-hanh
2,315/TB-TCHQ,2016,32089090,Chất màu hữu cơ UC CHROME YELLOW 2S005 dùng trong sản xuất sơn: bán thành phẩm của sơn đi từ nhựa ure-aldehyt phân tán t,ly_do,https://caselaw.vn/van-ban-phap-luat/2567-thong-bao-so-315-tb-tchq-ngay-12-01-2016-ve-ket-qua-phan-loai-doi-voi-hang-hoa-xuat-nhap-khau-la-chat-mau-huu-co-dung-trong-san-xuat-son-tinh-trang-hieu-luc-khong-xac-dinh
2,3291/TB-TCHQ,2016,39269099,Miếng nhựa dùng để cố định dây cáp (cable tie mount) 2x2 cm: sản phẩm bằng plastic kích thước 25 x 25 x 5 mm có gắn lớp ,ly_do,https://caselaw.vn/van-ban-phap-luat/1640-thong-bao-3291-tb-tchq-nam-2016-ve-ket-qua-phan-loai-doi-voi-hang-hoa-xuat-nhap-khau-la-mieng-nhua-dung-de-co-dinh-day-cap-do-tong-cuc-hai-quan-ban-hanh
2,3323/TB-TCHQ,2016,32064990,Blue 3J Blue Organic Pigment (khai báo chất màu hữu cơ tổng hợp): phân tích là chất màu vô cơ Cobalt Aluminate Blue Spin,ly_do,https://caselaw.vn/van-ban-phap-luat/1629-thong-bao-3323-tb-tchq-nam-2016-ve-ket-qua-phan-loai-doi-voi-hang-hoa-xuat-nhap-khau-chat-mau-huu-co-tong-hop-blue-3j-blue-organic-pigment-do-tong-cuc-hai-quan-ban-hanh
2,376/TB-TCHQ,2016,29221200,N194#Chất additive CX93172 — Diethanolamin,ly_do,https://luatvietnam.vn/xuat-nhap-khau/thong-bao-376-tb-tchq-tong-cuc-hai-quan-102407-d6.html
2,387/TB-TCHQ,2016,72285090,"Thép làm khuôn dao, thìa, dĩa SKD11 (JIS G4404): thép hợp kim (Mo ~0,877%, V ~0,268%), dạng thanh, mặt cắt ngang hình ch",ly_do,https://caselaw.vn/van-ban-phap-luat/2542-thong-bao-387-tb-tchq-nam-2016-ve-ket-qua-phan-loai-doi-voi-hang-hoa-xuat-nhap-khau-la-thep-lam-khuon-dao-thia-dia-do-tong-cuc-hai-quan-ban-hanh
2,394/TB-TCHQ,2016,38241000,"Chất chống dính khuôn đúc Walpaint 655 dùng trong ngành đúc: chất gắn đã điều chế dùng cho khuôn đúc hoặc lõi đúc, thành",ly_do,https://caselaw.vn/van-ban-phap-luat/2540-thong-bao-394-tb-tchq-nam-2016-ve-ket-qua-phan-loai-doi-voi-hang-hoa-xuat-nhap-khau-la-chat-chong-dinh-khuon-duc-do-tong-cuc-hai-quan-ban-hanh
2,412/TB-TCHQ,2016,32061910,"Chất hoàn tất dùng trong ngành dệt ASUBLANCE-LY: chế phẩm thuốc màu vô cơ thành phần chính TiO2 ~77,3%, silic dioxit, nh",ly_do,https://caselaw.vn/van-ban-phap-luat/2525-thong-bao-412-tb-tchq-nam-2016-ve-ket-qua-phan-loai-doi-voi-hang-hoa-xuat-nhap-khau-la-chat-hoan-tat-dung-trong-nganh-det-do-tong-cuc-hai-quan-ban-hanh
2,435/TB-TCHQ,2016,82089000,"Nguyên liệu sản xuất dao chặt giầy: Thép hợp kim dạng… — Lưỡi cắt được làm bằng thép hợp kim (hàm lượng Cr ≈ 0,191% tính",ly_do,https://luatvietnam.vn/xuat-nhap-khau/thong-bao-435-tb-tchq-tong-cuc-hai-quan-102693-d6.html
2,458/TB-TCHQ,2016,32042000,"Chế phẩm hóa chất TOP LUCINA 2000MU có chứa chất tăng sáng huỳnh quang thioflavine, axit sulfuric, đồng sulfate, polyeth",ly_do,https://caselaw.vn/van-ban-phap-luat/2481-thong-bao-458-tb-tchq-nam-2016-ve-ket-qua-phan-loai-doi-voi-hang-hoa-xuat-nhap-khau-la-che-pham-hoa-chat-co-chua-chat-tang-sang-huynh-quang-top-lucina-2000mu-do-tong-cuc-hai-quan-ban-hanh
2,459/TB-TCHQ,2016,32042000,"Chế phẩm hóa chất TOP LUCINA 2000A có chứa tác nhân tăng sáng huỳnh quang thioflavine, cùng diethyl safranine, ethylene ",ly_do,https://caselaw.vn/van-ban-phap-luat/2480-thong-bao-459-tb-tchq-nam-2016-ve-ket-qua-phan-loai-doi-voi-hang-hoa-xuat-nhap-khau-la-che-pham-hoa-chat-co-chua-tac-nhan-tang-sang-huynh-quang-top-lucina-2000a-do-tong-cuc-hai-quan-ban-hanh
2,51/TB-TCHQ,2016,48114190,"Giấy tự dính AL-W-3002 (106 cm x 2000 m) dùng sản xuất nhãn: giấy tráng phủ một mặt bằng cao lanh, mặt sau có lớp keo dí",ly_do,https://caselaw.vn/van-ban-phap-luat/2692-thong-bao-so-51-tb-tchq-ngay-05-01-2016-ve-ket-qua-phan-loai-doi-voi-hang-hoa-xuat-nhap-khau-la-giay-tu-dinh-al-w-3002-tinh-trang-hieu-luc-khong-xac-dinh
2,554/TB-TCHQ,2016,32064990,Aluminium powder (bột nhôm): chất màu vô cơ có thành phần là bột nhôm,ly_do,https://caselaw.vn/van-ban-phap-luat/2418-thong-bao-554-tb-tchq-nam-2016-ve-ket-qua-phan-loai-doi-voi-hang-hoa-xuat-nhap-khau-la-aluminium-powder-do-tong-cuc-hai-quan-ban-hanh
2,658/TB-TCHQ,2016,11071000,"Malt đại mạch, dạng bột. Malt đại mạch, dạng bột.",ly_do,https://luatvietnam.vn/xuat-nhap-khau/thong-bao-658-tb-tchq-tong-cuc-hai-quan-301064-d6.html
2,687/TB-TCHQ,2016,32089090,"Polyurethane resin (nhựa PU): polyurethane trong dung môi methyl ethyl ketone và ethyl acetate, hàm lượng dung môi ~74,4",ly_do,https://caselaw.vn/van-ban-phap-luat/2308-thong-bao-687-tb-tchq-nam-2016-ve-ket-qua-phan-loai-doi-voi-hang-hoa-xuat-nhap-khau-la-polyurethane-resin-nhua-pu-do-tong-cuc-hai-quan-ban-hanh
2,702/TB-TCHQ,2016,39089000,"Mục 1- Hạt nhựa PA (PA resin). Dạng nguyên sinh-NPL sản xuất phụ tùng xe đạp — Polyamit nguyên sinh, dạng hạt",ly_do,https://luatvietnam.vn/xuat-nhap-khau/thong-bao-702-tb-tchq-tong-cuc-hai-quan-300971-d6.html
2,718/TB-TCHQ,2016,32041210,"Kombi Toner D Brown: chế phẩm màu dạng lỏng chứa hỗn hợp thuốc nhuộm axit (acid dye), butyl diglycol, butyl acetate, eth",ly_do,https://caselaw.vn/van-ban-phap-luat/2321-thong-bao-718-tb-tchq-nam-2016-ve-ket-qua-phan-loai-doi-voi-hang-hoa-xuat-nhap-khau-la-che-pham-mau-dang-long-do-tong-cuc-hai-quan-ban-hanh
2,720/TB-TCHQ,2016,32089090,"Sơn bóng từ polymer acrylic (BECKRY TOP): chất phủ từ epoxy acrylate, thành phần chính gồm epoxy acrylate, màu vô cơ, xy",ly_do,https://luatvietnam.vn/xuat-nhap-khau/thong-bao-720-tb-tchq-tong-cuc-hai-quan-301035-d6.html
2,746/TB-TCHQ,2016,29269000,Keo — Hợp chất Ethyl cyanoacrylate,ly_do,https://luatvietnam.vn/xuat-nhap-khau/thong-bao-746-tb-tchq-tong-cuc-hai-quan-300320-d6.html
2,753/TB-TCHQ,2016,26140090,"Quặng đuôi Titan (Tail of Titan ore), (36% >= TiO2 >=30%; 6% >= ZrO 2 >=4%) — Hỗn hợp quặng đuôi ilmenite, zircon, rutil",ly_do,https://luatvietnam.vn/xuat-nhap-khau/thong-bao-753-tb-tchq-tong-cuc-hai-quan-300294-d6.html
2,754/TB-TCHQ,2016,26140090,"Quặng đuôi Titan (Tail of Titan ore), (36% >= TiO2 >=34%; 6% >= ZrO 2 - >=5%) — Hỗn hợp quặng đuôi ilmenite, zircon, rut",ly_do,https://luatvietnam.vn/xuat-nhap-khau/thong-bao-754-tb-tchq-tong-cuc-hai-quan-300271-d6.html
2,816/TB-TCHQ,2016,32041900,Chế phẩm màu xanh RGL 220 HF dùng để pha xăng (petroleum dye): chế phẩm màu hữu cơ solvent dye từ dẫn xuất azo trong hỗn,ly_do,https://caselaw.vn/van-ban-phap-luat/2208-thong-bao-816-tb-tchq-nam-2016-ve-ket-qua-phan-loai-doi-voi-hang-hoa-xuat-nhap-khau-la-che-pham-mau-xanh-rgl-220-hf-dung-de-pha-xang-do-tong-cuc-hai-quan-ban-hanh
2,827/TB-TCHQ,2016,32064990,Black Masterbatch 9106-2 dùng sản xuất bao PP: hạt màu đen có thành phần chính là carbon black phân tán trong polyetylen,ly_do,https://caselaw.vn/van-ban-phap-luat/2218-thong-bao-827-tb-tchq-nam-2016-ve-ket-qua-phan-loai-doi-voi-hang-hoa-xuat-nhap-khau-la-thuoc-mau-dung-trong-san-xuat-bao-pp-do-tong-cuc-hai-quan-ban-hanh
2,828/TB-TCHQ,2016,32089090,"Dung dịch polymer CAT-EP8-VN: epoxy resin trong hỗn hợp dung môi isopropyl alcohol và 1-methoxy-2-propanol, trọng lượng ",ly_do,https://caselaw.vn/van-ban-phap-luat/2217-thong-bao-828-tb-tchq-nam-2016-ve-ket-qua-phan-loai-doi-voi-hang-hoa-xuat-nhap-khau-la-dung-dich-polymer-do-tong-cuc-hai-quan-ban-hanh
2,829/TB-TCHQ,2016,32082090,"Sơn từ polyme acrylic, thành phần gồm polyme acrylic, carbon black, butyl alcohol, xylene, toluene, dạng lỏng",ly_do,https://caselaw.vn/van-ban-phap-luat/2216-thong-bao-829-tb-tchq-nam-2016-ve-ket-qua-phan-loai-doi-voi-hang-hoa-xuat-nhap-khau-la-son-cac-loai-do-tong-cuc-hai-quan-ban-hanh
2,831/TB-TCHQ,2016,26140090,"Quặng đuôi Titan (Tail of Titan ore), (36% >= TiO2 >=30%; 6% >= ZrO 2 >=4%) — Hỗn hợp quặng đuôi ilmenite, zircon, rutil",ly_do,https://luatvietnam.vn/xuat-nhap-khau/thong-bao-831-tb-tchq-tong-cuc-hai-quan-300216-d6.html
2,837/TB-TCHQ,2016,72254090,"Thép tấm hợp kim Cr cán phẳng, rộng trên 600 mm, cán nóng, không phủ mạ tráng, mác SS400-Cr, hàm lượng C ~0,19%, Cr ~0,3",ly_do,https://caselaw.vn/van-ban-phap-luat/2240-thong-bao-837-tb-tchq-nam-2016-ve-ket-qua-phan-loai-doi-voi-hang-hoa-xuat-nhap-khau-la-thep-tam-hop-kim-cr-can-phang-rong-do-tong-cuc-hai-quan-ban-hanh
2,840/TB-TCHQ,2016,32110000,ZZ000-T4700 - TORKMEDEL (Chất làm khô đã điều chế dùng trong ngành sơn) — Chất làm khô đã điều chế có thành phần chính g,ly_do,https://luatvietnam.vn/xuat-nhap-khau/thong-bao-840-tb-tchq-tong-cuc-hai-quan-300245-d6.html
2,844/TB-TCHQ,2016,32041210,"Kombi Toner D Black: chế phẩm thuốc nhuộm axit (acid dye) phức crom, dạng lỏng, hàm lượng sau sấy 30,36%, thành phần chí",ly_do,https://caselaw.vn/van-ban-phap-luat/2233-thong-bao-844-tb-tchq-nam-2016-ve-ket-qua-phan-loai-doi-voi-hang-hoa-xuat-nhap-khau-la-thuoc-nhuom-axit-do-tong-cuc-hai-quan-ban-hanh
2,860/TB-TCHQ,2016,32041900,"Thuốc màu MCF18: chế phẩm màu hữu cơ màu đỏ tan trong dung môi 1-methoxy-2-propanol (solvent dye), dạng lỏng",ly_do,https://caselaw.vn/van-ban-phap-luat/2201-thong-bao-860-tb-tchq-nam-2016-ve-ket-qua-phan-loai-doi-voi-hang-hoa-xuat-nhap-khau-la-thuoc-mau-do-tong-cuc-hai-quan-ban-hanh
2,887/TB-TCHQ,2016,38244000,ETHACRYL G Polyether Polycarboxylate (khai báo polyete nguyên sinh dùng trong xây dựng): chế phẩm có thành phần chính po,ly_do,https://caselaw.vn/van-ban-phap-luat/2184-thong-bao-887-tb-tchq-nam-2016-ve-ket-qua-phan-loai-doi-voi-hang-hoa-xuat-nhap-khau-la-polyete-dang-nguyen-sinh-dung-trong-cong-nghiep-xay-dung-do-tong-cuc-hai-quan-ban-hanh
2,904/TB-TCHQ,2016,32062010,"Zinc Chromate ZTO: chế phẩm thuốc màu vô cơ màu vàng từ hợp chất crom, thành phần chính kẽm cromat oxit monohydrat, dạng",ly_do,https://caselaw.vn/van-ban-phap-luat/2179-thong-bao-904-tb-tchq-nam-2016-ve-ket-qua-phan-loai-doi-voi-hang-hoa-xuat-nhap-khau-la-che-pham-mau-vang-tu-hop-chat-crom-dung-lam-nguyen-lieu-trong-cong-nghiep-san-xuat-son-do-tong-cuc-hai-quan-ban-hanh
2,11322/TB-TCHQ,2015,32089019,"Vecni cách điện FPU A1 35 dùng sản xuất dây điện từ: vecni từ polyurethane, phenol, cresol, loại chịu nhiệt trên 100°C, ",ly_do,https://caselaw.vn/van-ban-phap-luat/2863-thong-bao-11322-tb-tchq-nam-2015-ve-ket-qua-phan-loai-doi-voi-hang-hoa-xuat-khau-nhap-khau-la-vecni-cach-dien-fpu-a1-35-do-tong-cuc-hai-quan-ban-hanh
2,11323/TB-TCHQ,2015,32089019,"Vecni cách điện FPU 50V dùng sản xuất dây điện từ: vecni từ polyurethane, phenol, cresol, loại chịu nhiệt trên 100°C, hò",ly_do,https://caselaw.vn/van-ban-phap-luat/2862-thong-bao-11323-tb-tchq-nam-2015-ve-ket-qua-phan-loai-doi-voi-hang-hoa-xuat-khau-nhap-khau-la-vecni-cach-dien-fpu-50v-do-tong-cuc-hai-quan-ban-hanh
2,1145/TB-TCHQ,2015,32061190,"Farsperse White PW-CFT: chế phẩm màu trắng từ dioxit titan phân tán trong môi trường chứa nước, hàm lượng TiO2 96,2% tín",ly_do,https://caselaw.vn/van-ban-phap-luat/5667-thong-bao-1145-tb-tchq-nam-2015-ve-ket-qua-phan-loai-doi-voi-hang-hoa-xuat-nhap-khau-che-pham-mau-mau-trang-farsperse-white-pw-cft-do-tong-cuc-hai-quan-ban-hanh
2,1524/TB-TCHQ,2015,32061110,"TR-92 Tioxide (titanium dioxide) nguyên liệu sản xuất sơn: thuốc màu từ dioxit titan đã xử lý bề mặt với nhôm, hàm lượng",ly_do,https://caselaw.vn/van-ban-phap-luat/5613-thong-bao-1524-tb-tchq-nam-2015-ve-ket-qua-phan-loai-doi-voi-hang-hoa-xuat-nhap-khau-la-thuoc-mau-tu-dioxit-titan-do-tong-cuc-hai-quan-ban-hanh
2,2118/TB-TCHQ,2015,32041300,"Basic Dyes Black CA (Cationic Black CA), khai báo thuốc nhuộm phân tán; phân tích: thuốc nhuộm bazơ, dạng bột, màu đen",ly_do,https://caselaw.vn/van-ban-phap-luat/5454-thong-bao-2118-tb-tchq-nam-2015-ve-ket-qua-phan-loai-doi-voi-hang-hoa-xuat-nhap-khau-la-thuoc-nhuom-phan-tan-do-tong-cuc-hai-quan-ban-hanh
2,2663/TB-TCHQ,2015,32042000,Thuốc màu và chế phẩm làm từ chất màu hữu cơ (theo khai báo); kết quả phân tích: chế phẩm màu hữu cơ tổng hợp dùng như t,ly_do,https://luatvietnam.vn/xuat-nhap-khau/thong-bao-2663-tb-tchq-tong-cuc-hai-quan-300923-d6.html
2,2703/TB-TCHQ,2015,32065010,Bột phát quang (magnetic particle) hiệu YAO TENG dùng cho máy soi kim loại kiểm tra vết nứt: chế phẩm vô cơ được dùng nh,ly_do,https://caselaw.vn/van-ban-phap-luat/5261-thong-bao-2703-tb-tchq-nam-2015-ve-ket-qua-phan-loai-doi-voi-hang-hoa-xuat-nhap-khau-la-bot-phat-quang-do-tong-cuc-hai-quan-ban-hanh
2,3099/TB-TCHQ,2015,32041300,"Phụ gia hóa chất xi mạ RS100A (additive electroplating): thuốc nhuộm bazơ, thành phần là hợp chất của amin",ly_do,https://caselaw.vn/van-ban-phap-luat/5151-thong-bao-3099-tb-tchq-nam-2015-ve-ket-qua-phan-loai-doi-voi-hang-hoa-xuat-nhap-khau-phu-gia-hoa-chat-xi-ma-do-tong-cuc-hai-quan-ban-hanh
2,3457/TB-TCHQ,2015,32061110,"Sachtleben RDE2 thuốc màu dùng sản xuất mực in: chất màu vô cơ từ dioxit titan xử lý bề mặt bởi Al2O3 và SiO2, hàm lượng",ly_do,https://caselaw.vn/van-ban-phap-luat/5055-thong-bao-3457-tb-tchq-nam-2015-ve-ket-qua-phan-loai-doi-voi-hang-hoa-xuat-nhap-khau-la-thuoc-mau-do-tong-cuc-hai-quan-ban-hanh
2,3701/TB-TCHQ,2015,32081019,Sơn bóng phủ bề mặt chống tia tử ngoại gốc polymer (acid resin): vecni đi từ nhựa alkyt hòa tan trong môi trường không c,ly_do,https://caselaw.vn/van-ban-phap-luat/5015-thong-bao-3701-tb-tchq-nam-2015-ve-ket-qua-phan-loai-doi-voi-hang-hoa-xuat-nhap-khau-la-son-bong-phu-be-mat-chong-tia-tu-ngoai-goc-polymer-do-tong-cuc-hai-quan-ban-hanh
2,3704/TB-TCHQ,2015,32061990,"IRIODIN 111 Rutile Fine Satin (pigment ngọc trai): chế phẩm màu vô cơ gồm TiO2 ~55%, SiO2 ~19%, Al2O3 ~16%, K2O ~6,5%, S",ly_do,https://caselaw.vn/van-ban-phap-luat/5012-thong-bao-3704-tb-tchq-nam-2015-ve-ket-qua-phan-loai-doi-voi-hang-hoa-xuat-nhap-khau-la-che-pham-mau-vo-co-do-tong-cuc-hai-quan-ban-hanh
2,4296/TB-TCHQ,2015,38244000,"Bột phụ gia chống thấm silane siloxane Dow Corning IE 6683 cho vật liệu xây dựng: phụ gia chống thấm dùng trong bê tông,",ly_do,https://caselaw.vn/van-ban-phap-luat/4759-thong-bao-4296-tb-tchq-nam-2015-ve-ket-qua-phan-loai-doi-voi-hang-hoa-xuat-nhap-khau-la-bot-phu-gia-chong-tham-silane-siloxane-cho-vat-lieu-xay-dung-do-tong-cuc-hai-quan-ban-hanh
2,4300/TB-TCHQ,2015,38244000,"Bột phụ gia chống thấm silane siloxane Dow Corning IE 6682 cho vật liệu xây dựng: phụ gia chống thấm dùng trong bê tông,",ly_do,https://caselaw.vn/van-ban-phap-luat/4769-thong-bao-4300-tb-tchq-nam-2015-ve-ket-qua-phan-loai-doi-voi-hang-hoa-xuat-nhap-khau-la-bot-phu-gia-chong-tham-silane-siloxane-cho-vat-lieu-xay-dung-do-tong-cuc-hai-quan-ban-hanh
2,4334/TB-TCHQ,2015,72269210,"Vòng thép anode (Anode Strip) G3141: thép hợp kim cán phẳng, chiều rộng dưới 600 mm, không gia công quá mức cán nguội, d",ly_do,https://caselaw.vn/van-ban-phap-luat/4734-thong-bao-4334-tb-tchq-nam-2015-ve-ket-qua-phan-loai-doi-voi-hang-hoa-xuat-nhap-khau-la-vong-thep-anode-anode-strip-do-tong-cuc-hai-quan-ban-hanh
2,4498/TB-TCHQ,2015,32041600,"Thuốc nhuộm hoạt tính Levafix Brilliant Yellow CA (reactive dyestuff), dạng bột",ly_do,https://caselaw.vn/van-ban-phap-luat/4660-thong-bao-4498-tb-tchq-nam-2015-ve-ket-qua-phan-loai-doi-voi-hang-hoa-xuat-nhap-khau-la-thuoc-nhuom-hoat-tinh-dang-bot-do-tong-cuc-hai-quan-ban-hanh
2,4500/TB-TCHQ,2015,32041600,"Thuốc nhuộm hoạt tính Levafix Blue CA (reactive dyestuff), màu xanh đen, dạng bột",ly_do,https://caselaw.vn/van-ban-phap-luat/4658-thong-bao-4500-tb-tchq-nam-2015-ve-ket-qua-phan-loai-doi-voi-hang-hoa-xuat-nhap-khau-la-thuoc-nhuom-hoat-tinh-dang-bot-do-tong-cuc-hai-quan-ban-hanh
2,4501/TB-TCHQ,2015,32061110,"Thuốc màu CR828 TiO2 (BYK-301) chứa dioxit titan trên 80%: thuốc màu từ dioxit titan đã xử lý bề mặt, hàm lượng TiO2 từ ",ly_do,https://caselaw.vn/van-ban-phap-luat/4657-thong-bao-4501-tb-tchq-nam-2015-ve-ket-qua-phan-loai-doi-voi-hang-hoa-xuat-nhap-khau-la-thuoc-mau-chua-ham-luong-dioxit-titan-80-do-tong-cuc-hai-quan-ban-hanh
2,4503/TB-TCHQ,2015,32062010,"Panax Yellow 8350 (khai báo muội carbon, nguyên liệu sản xuất sơn): chế phẩm thuốc màu vô cơ từ hợp chất crom, dạng bột ",ly_do,https://caselaw.vn/van-ban-phap-luat/4655-thong-bao-4503-tb-tchq-nam-2015-ve-ket-qua-phan-loai-doi-voi-hang-hoa-xuat-nhap-khau-la-muoi-carbon-nguyen-lieu-san-xuat-son-do-tong-cuc-hai-quan-ban-hanh
2,4511/TB-TCHQ,2015,32042000,"Màu nước hữu cơ TS-1699 Rubber White: chế phẩm màu hữu cơ màu xanh lá có đặc tính huỳnh quang, dạng lỏng",ly_do,https://caselaw.vn/van-ban-phap-luat/4647-thong-bao-4511-tb-tchq-nam-2015-ve-ket-qua-phan-loai-doi-voi-hang-hoa-xuat-nhap-khau-la-mau-nuoc-huu-co-do-tong-cuc-hai-quan-ban-hanh
2,4576/TB-TCHQ,2015,39075010,"Nguyên liệu sản xuất sơn: nhựa alkyd nguyên sinh (Taiwan Alkyd Resin A-1-1001-1), dạng lỏng, hàm lượng rắn 77,9%",ly_do,https://caselaw.vn/van-ban-phap-luat/4624-thong-bao-so-4576-tb-tchq-ngay-20-05-2015-ve-ket-qua-phan-loai-doi-voi-hang-hoa-xuat-nhap-khau-la-nguyen-lieu-san-xuat-son-tinh-trang-hieu-luc-khong-xac-dinh
2,4603/TB-TCHQ,2015,32061910,"Mực in SWS-60 Stitching Gauge Ink: thuốc màu từ TiO2 hàm lượng dưới 80% tính theo trọng lượng khô, thành phần TiO2, sili",ly_do,https://caselaw.vn/van-ban-phap-luat/4608-thong-bao-4603-tb-tchq-nam-2015-ve-ket-qua-phan-loai-doi-voi-hang-hoa-xuat-nhap-khau-la-muc-in-cac-loai-do-tong-cuc-hai-quan-ban-hanh
2,4730/TB-TCHQ,2015,32049000,"Thuốc màu Kiwadye Violet SX-69 dùng pha mực in lụa: chế phẩm màu hữu cơ tổng hợp có tăng sáng huỳnh quang, phân tán tron",ly_do,https://caselaw.vn/van-ban-phap-luat/4542-thong-bao-4730-tb-tchq-nam-2015-ve-ket-qua-phan-loai-hang-hoa-xuat-nhap-khau-la-thuoc-mau-dung-pha-muc-trong-in-lua-do-tong-cuc-hai-quan-ban-hanh
2,4731/TB-TCHQ,2015,32064990,"Thuốc màu Kiwadye Black KBB-02 dùng pha mực in lụa: thuốc màu vô cơ từ carbon black, dạng lỏng, hàm lượng rắn 52,17%, mà",ly_do,https://caselaw.vn/van-ban-phap-luat/4541-thong-bao-4731-tb-tchq-nam-2015-ve-ket-qua-phan-loai-hang-hoa-xuat-nhap-khau-la-thuoc-mau-dung-pha-muc-trong-in-lua-do-tong-cuc-hai-quan-ban-hanh
2,4732/TB-TCHQ,2015,32049000,"Thuốc màu Kiwadye Green SV-12 dùng pha mực in lụa: chế phẩm màu hữu cơ tổng hợp có tăng sáng huỳnh quang, phân tán trong",ly_do,https://caselaw.vn/van-ban-phap-luat/4540-thong-bao-4732-tb-tchq-nam-2015-ve-ket-qua-phan-loai-doi-voi-hang-hoa-xuat-nhap-khau-la-thuoc-mau-dung-pha-muc-trong-in-lua-do-tong-cuc-hai-quan-ban-hanh
2,4733/TB-TCHQ,2015,32049000,"Thuốc màu Kiwadye Pink SV-17 dùng pha mực in lụa: chế phẩm màu hữu cơ tổng hợp có tăng sáng huỳnh quang, phân tán trong ",ly_do,https://caselaw.vn/van-ban-phap-luat/4539-thong-bao-4733-tb-tchq-nam-2015-ve-ket-qua-phan-loai-doi-voi-hang-hoa-xuat-nhap-khau-la-thuoc-mau-dung-pha-muc-trong-in-lua-do-tong-cuc-hai-quan-ban-hanh
2,4735/TB-TCHQ,2015,32049000,"Thuốc màu Kiwadye Blue SV-18 dùng pha mực in lụa: chế phẩm màu hữu cơ tổng hợp có tăng sáng huỳnh quang, phân tán trong ",ly_do,https://caselaw.vn/van-ban-phap-luat/4561-thong-bao-4735-tb-tchq-nam-2015-ve-ket-qua-phan-loai-doi-voi-hang-hoa-xuat-nhap-khau-la-thuoc-mau-do-tong-cuc-hai-quan-ban-hanh
2,4736/TB-TCHQ,2015,32049000,"Thuốc màu Kiwadye Fravine SV-02 dùng pha mực in lụa: chế phẩm màu hữu cơ tổng hợp có tăng sáng huỳnh quang, phân tán tro",ly_do,https://caselaw.vn/van-ban-phap-luat/4560-thong-bao-4736-tb-tchq-nam-2015-ve-ket-qua-phan-loai-doi-voi-hang-hoa-xuat-nhap-khau-thuoc-mau-do-tong-cuc-hai-quan-ban-hanh
2,4888/TB-TCHQ,2015,32062010,"Gelb 1070 Inorganic Yellow Pigment: thuốc màu vô cơ từ lead chromate (PbCrO4) và lead sulphate, dạng bột, màu vàng, hàm ",ly_do,https://caselaw.vn/van-ban-phap-luat/4478-thong-bao-4888-tb-tchq-nam-2015-ve-ket-qua-phan-loai-doi-voi-hang-hoa-xuat-nhap-khau-che-pham-thuoc-mau-vo-co-do-tong-cuc-hai-quan-ban-hanh
2,5041/TB-TCHQ,2015,32042000,"Pigment (MDAC): chất hữu cơ tổng hợp 7-(diethylamino)-4-methylchromen-2-one dùng như tác nhân tăng sáng huỳnh quang, dạn",ly_do,https://caselaw.vn/van-ban-phap-luat/4401-thong-bao-5041-tb-tchq-nam-2015-ve-ket-qua-phan-loai-doi-voi-hang-hoa-xuat-nhap-khau-chat-mau-huu-co-tong-hop-do-tong-cuc-hai-quan-ban-hanh
2,5048/TB-TCHQ,2015,37013000,"Tấm bản in CTP (Computer-to-plate printing plate) bằng nhôm dạng phẳng, đã phủ lớp nhạy sáng, chưa phơi sáng, kích thước",ly_do,https://thuvienxuatnhapkhau.com/phan-tich-phan-loai-tam-ban-in-dung-trong-cong-nghiep-in-loai-ctp.html
2,5168/TB-TCHQ,2015,32062010,"MX-113 Chrome Yellow Pigment: chế phẩm màu từ lead chromate (PbCrO4), bari sulfate, bari lead sulfate, dạng bột",ly_do,https://caselaw.vn/van-ban-phap-luat/4361-thong-bao-5168-tb-tchq-nam-2015-ket-qua-phan-loai-doi-voi-hang-hoa-xuat-nhap-khau-la-che-pham-mau-do-tong-cuc-hai-quan-ban-hanh
2,5245/TB-TCHQ,2015,32041400,"Thuốc nhuộm trực tiếp Baygenal Black TD dùng để nhuộm da, dạng bột, màu xanh rêu",ly_do,https://caselaw.vn/van-ban-phap-luat/4347-thong-bao-5245-tb-tchq-nam-2015-ve-ket-qua-phan-loai-doi-voi-hang-hoa-xuat-nhap-khau-thuoc-nhuom-truc-tiep-dang-bot-dung-de-nhuom-da-do-tong-cuc-hai-quan-ban-hanh
2,5407/TB-TCHQ,2015,32061190,"WB White Paste 996: chế phẩm thuốc màu vô cơ từ dioxit titan và chất hoạt động bề mặt không ion, hàm lượng TiO2 trên 80%",ly_do,https://caselaw.vn/van-ban-phap-luat/4286-thong-bao-5407-tb-tchq-nam-2015-ve-ket-qua-phan-loai-hang-hoa-xuat-nhap-khau-la-che-pham-thuoc-mau-vo-co-do-tong-cuc-hai-quan-ban-hanh
2,5642/TB-TCHQ,2015,32041300,"JM Green 836-L: chế phẩm thuốc nhuộm bazơ (basic dye), dạng lỏng",ly_do,https://caselaw.vn/van-ban-phap-luat/4230-thong-bao-5642-tb-tchq-nam-2015-ve-ket-qua-phan-loai-doi-voi-hang-hoa-xuat-nhap-khau-la-che-pham-thuoc-nhuom-bazo-do-tong-cuc-hai-quan-ban-hanh
2,5812/TB-TCHQ,2015,39269099,"Gioăng nhựa (dải nhựa) plastic SP6.9*6.5-4P2L dùng để chèn cửa: sản phẩm đi từ polypropylen, dạng cuộn",ly_do,https://luatvietnam.vn/xuat-nhap-khau/thong-bao-5812-tb-tchq-tong-cuc-hai-quan-96113-d6.html
2,5987/TB-TCHQ,2015,32129019,"Fon TAN 10 PASTE (CK-F-P797060): thuốc màu từ kẽm ferrit phân tán trong môi trường không có nước, dạng lỏng, dùng sản xu",ly_do,https://caselaw.vn/van-ban-phap-luat/4124-thong-bao-so-5987-tb-tchq-ngay-01-07-2015-ve-ket-qua-phan-loai-doi-voi-hang-hoa-xuat-nhap-khau-la-thuoc-mau-tu-kem-ferrit-tinh-trang-hieu-luc-khong-xac-dinh
2,6004/TB-TCHQ,2015,32061110,"Titanium Dioxide (Kronos 1171) nguyên liệu sản xuất thuốc: titan dioxit đã xử lý bề mặt, hàm lượng TiO2 ~99%, dạng bột",ly_do,https://caselaw.vn/van-ban-phap-luat/4106-thong-bao-6004-tb-tchq-nam-2015-ve-ket-qua-phan-loai-doi-voi-hang-hoa-xuat-nhap-khau-la-nguyen-lieu-san-xuat-thuoc-do-tong-cuc-hai-quan-ban-hanh
2,6006/TB-TCHQ,2015,32061990,"Opadry White OY-C 7000A (bột làm tá dược bao phim): hỗn hợp methyl xenlulo, diethyl phthalat, titan dioxit dưới 80% tính",ly_do,https://caselaw.vn/van-ban-phap-luat/4104-thong-bao-6006-tb-tchq-nam-2015-ve-ket-qua-phan-loai-doi-voi-hang-hoa-xuat-nhap-khau-la-bot-lam-ta-duoc-do-tong-cuc-hai-quan-ban-hanh
2,6013/TB-TCHQ,2015,32041210,"Blue No.1 (Brilliant Blue FCF) nguyên liệu sản xuất thuốc: thuốc nhuộm axit, dạng bột mịn",ly_do,https://caselaw.vn/van-ban-phap-luat/4097-thong-bao-6013-tb-tchq-nam-2015-ve-ket-qua-phan-loai-doi-voi-hang-hoa-xuat-nhap-khau-la-thuoc-nhuom-axit-dang-bot-min-do-tong-cuc-hai-quan-ban-hanh
2,6621/TB-TCHQ,2015,32062010,"Chrome Green - Dark (khai báo dung môi để sản xuất hóa chất): chế phẩm màu vô cơ từ hợp chất crom, màu xanh crom",ly_do,https://caselaw.vn/van-ban-phap-luat/3978-thong-bao-6621-tb-tchq-nam-2015-ve-ket-qua-phan-loai-hang-hoa-xuat-nhap-khau-la-dung-moi-de-san-xuat-hoa-chat-do-tong-cuc-hai-quan-ban-hanh
2,6629/TB-TCHQ,2015,72082600,"Thép cán nóng không hợp kim, cán phẳng, dạng cuộn, đã ngâm tẩy gỉ (pickled), chưa sơn phủ mạ tráng, JIS G3131 SPHC-PO, k",ly_do,https://caselaw.vn/van-ban-phap-luat/3988-thong-bao-6629-tb-tchq-nam-2015-ve-ket-qua-phan-loai-hang-hoa-xuat-nhap-khau-la-thep-can-nong-khong-hop-kim-do-tong-cuc-hai-quan-ban-hanh
2,6856/TB-TCHQ,2015,38244000,"Powerflow WD-500 (khai báo etylene glycol dạng khác, hóa chất phân tán): chế phẩm chứa dẫn xuất phenoxypoly(ethylenoxy)e",ly_do,https://caselaw.vn/van-ban-phap-luat/3955-thong-bao-6856-tb-tchq-nam-2015-ve-ket-qua-phan-loai-doi-voi-hang-hoa-xuat-nhap-khau-la-etylene-glycol-dang-khac-do-tong-cuc-hai-quan-ban-hanh
2,6928/TB-TCHQ,2015,32041210,"Bột màu vàng Quinoline Yellow WS: thuốc nhuộm axit từ natri 2-(1,3-dioxoindan-2-yl)quinolinedisulfonate, dạng bột màu và",ly_do,https://caselaw.vn/van-ban-phap-luat/3937-thong-bao-6928-tb-tchq-nam-2015-ve-ket-qua-phan-loai-doi-voi-hang-hoa-xuat-nhap-khau-la-bot-mau-vang-do-tong-cuc-hai-quan-ban-hanh
2,6929/TB-TCHQ,2015,32041210,"Bột màu xanh Food Blue No.1 (Brilliant Blue FCF): thuốc nhuộm axit triarylmethane sulfonat, dạng bột",ly_do,https://caselaw.vn/van-ban-phap-luat/3936-thong-bao-6929-tb-tchq-nam-2015-ve-ket-qua-phan-loai-doi-voi-hang-hoa-xuat-nhap-khau-la-bot-mau-xanh-do-tong-cuc-hai-quan-ban-hanh
2,7003/TB-TCHQ,2015,32041400,"Thuốc nhuộm trực tiếp (direct dye) Solophenyl Yellow GLE dùng trong dệt nhuộm, dạng bột, màu vàng",ly_do,https://caselaw.vn/van-ban-phap-luat/3893-thong-bao-7003-tb-tchq-nam-2015-ve-ket-qua-phan-loai-hang-hoa-xuat-nhap-khau-la-thuoc-nhuom-dung-trong-cong-nghiep-det-do-tong-cuc-hai-quan-ban-hanh
2,7004/TB-TCHQ,2015,32042000,"UVITEX ERH: chế phẩm hữu cơ tổng hợp dùng làm tác nhân tăng sáng huỳnh quang (optical brightener) xử lý vật liệu dệt, dạ",ly_do,https://caselaw.vn/van-ban-phap-luat/3912-thong-bao-7004-tb-tchq-nam-2015-ve-ket-qua-phan-loai-hang-hoa-xuat-nhap-khau-la-che-pham-huu-co-tong-hop-dung-lam-tang-sang-huynh-quang-do-tong-cuc-hai-quan-ban-hanh
2,7010/TB-TCHQ,2015,32041190,"Thuốc nhuộm phân tán (disperse dye) Terasil Brown 2RFL 200% dùng trong dệt nhuộm, dạng bột, màu nâu, đi từ dẫn xuất azo",ly_do,https://caselaw.vn/van-ban-phap-luat/3906-thong-bao-7010-tb-tchq-nam-2015-ve-ket-qua-phan-loai-hang-hoa-xuat-nhap-khau-la-thuoc-nhuom-dung-trong-cong-nghiep-det-nhuom-do-tong-cuc-hai-quan-ban-hanh
2,7011/TB-TCHQ,2015,32041190,"Thuốc nhuộm phân tán (disperse dye) Terasil Blue 3RL-02 150% dùng trong dệt nhuộm, dạng bột, đi từ dẫn xuất anthraquinon",ly_do,https://caselaw.vn/van-ban-phap-luat/3905-thong-bao-7011-tb-tchq-nam-2015-ve-ket-qua-phan-loai-hang-hoa-xuat-nhap-khau-la-thuoc-nhuom-dung-trong-cong-nghiep-det-nhuom-do-tong-cuc-hai-quan-ban-hanh
2,7012/TB-TCHQ,2015,32041190,"Thuốc nhuộm phân tán (disperse dye) Terasil Red FBN Conc dùng trong dệt nhuộm, dạng bột, màu đỏ, đi từ dẫn xuất azo",ly_do,https://caselaw.vn/van-ban-phap-luat/3904-thong-bao-7012-tb-tchq-nam-2015-ve-ket-qua-phan-loai-hang-hoa-xuat-nhap-khau-la-thuoc-nhuom-dung-trong-cong-nghiep-det-nhuom-do-tong-cuc-hai-quan-ban-hanh
2,7013/TB-TCHQ,2015,32041190,"Thuốc nhuộm phân tán (disperse dye) Terasil Blue SD dùng trong dệt nhuộm, dạng bột, màu xanh, đi từ dẫn xuất azo",ly_do,https://caselaw.vn/van-ban-phap-luat/3903-thong-bao-7013-tb-tchq-nam-2015-ve-ket-qua-phan-loai-hang-hoa-xuat-nhap-khau-la-thuoc-nhuom-dung-trong-cong-nghiep-det-nhuom-do-tong-cuc-hai-quan-ban-hanh
2,7014/TB-TCHQ,2015,32041190,"Thuốc nhuộm phân tán (disperse dye) Terasil Rubine 2GFL dùng trong dệt nhuộm, dạng bột, đi từ dẫn xuất azo",ly_do,https://caselaw.vn/van-ban-phap-luat/3902-thong-bao-7014-tb-tchq-nam-2015-ve-ket-qua-phan-loai-hang-hoa-xuat-nhap-khau-la-thuoc-nhuom-dung-trong-cong-nghiep-det-nhuom-do-tong-cuc-hai-quan-ban-hanh
2,714/TB-TCHQ,2015,32041400,Phụ gia mạ có thành phần chứa basic dye 100% (COMP. 10522); phân tích: thuốc nhuộm trực tiếp,ly_do,https://caselaw.vn/van-ban-phap-luat/5811-thong-bao-714-tb-tchq-nam-2015-ve-ket-qua-phan-loai-doi-voi-hang-hoa-xuat-nhap-khau-la-phu-gia-ma-thanh-phan-co-chua-basic-dye-100-do-tong-cuc-hai-quan-ban-hanh
2,7255/TB-TCHQ,2015,32061110,"Chế phẩm thuốc màu từ dioxit titan (TiO2) đã xử lý bề mặt, hàm lượng TiO2 97,79% tính theo trọng lượng khô, dạng bột",ly_do,https://caselaw.vn/van-ban-phap-luat/3811-thong-bao-7255-tb-tchq-nam-2015-ve-ket-qua-phan-loai-doi-voi-hang-hoa-xuat-nhap-khau-la-che-pham-thuoc-mau-do-tong-cuc-hai-quan-ban-hanh
2,7439/TB-TCHQ,2015,72083600,"Thép tấm cán nóng cán phẳng dạng cuộn, không hợp kim, chưa tráng phủ mạ, mác SS400, JIS G3101, kích thước 11,8 mm x 1500",ly_do,https://caselaw.vn/van-ban-phap-luat/3719-thong-bao-7439-tb-tchq-nam-2015-ve-ket-qua-phan-loai-hang-hoa-xuat-nhap-khau-la-thep-tam-cuon-can-nong-phang-do-tong-cuc-hai-quan-ban-hanh
2,7609/TB-TCHQ,2015,32041110,"Thuốc nhuộm phân tán (disperse dye) Dianix Luminous Red 4B-E, dạng thô",ly_do,https://caselaw.vn/van-ban-phap-luat/3675-thong-bao-7609-tb-tchq-nam-2015-ve-ket-qua-phan-loai-doi-voi-hang-hoa-xuat-nhap-khau-la-thuoc-nhuom-do-tong-cuc-hai-quan-ban-hanh
2,7887/TB-TCHQ,2015,38241000,"Bentonite PNA-1235 dùng trong lò nung luyện kim: chế phẩm gồm bentonite và bụi than, dạng bột, dùng làm chất kết dính tạ",ly_do,https://caselaw.vn/van-ban-phap-luat/3613-thong-bao-7887-tb-tchq-nam-2015-ve-ket-qua-phan-loai-hang-hoa-xuat-nhap-khau-la-bentonite-dung-trong-lo-nung-luyen-kim-loai-do-tong-cuc-hai-quan-ban-hanh
2,7889/TB-TCHQ,2015,38241000,"Bentonite mixed soil / Ecosil P70 dùng trong lò nung luyện kim: chế phẩm gồm bentonite và bụi than, dạng bột, dùng làm c",ly_do,https://caselaw.vn/van-ban-phap-luat/3612-thong-bao-7889-tb-tchq-nam-2015-ve-ket-qua-phan-loai-hang-hoa-xuat-nhap-khau-la-bentonite-dung-trong-lo-nung-luyen-kim-loai-do-tong-cuc-hai-quan-ban-hanh
2,7895/TB-TCHQ,2015,32041600,"Thuốc nhuộm Yellow P-2RN Gr: chế phẩm thuốc nhuộm hoạt tính (reactive dye), dạng bột, màu vàng, đi từ dẫn xuất azo",ly_do,https://caselaw.vn/van-ban-phap-luat/3624-thong-bao-7895-tb-tchq-nam-2015-ve-ket-qua-phan-loai-hang-hoa-xuat-nhap-khau-la-thuoc-nhuom-yellow-p-2rn-gr-do-tong-cuc-hai-quan-ban-hanh
2,7896/TB-TCHQ,2015,32041600,"Thuốc nhuộm Red P-BN Gr: chế phẩm thuốc nhuộm hoạt tính (reactive dye), dạng bột, màu đỏ, đi từ dẫn xuất azo",ly_do,https://caselaw.vn/van-ban-phap-luat/3623-thong-bao-so-7896-tb-tchq-ngay-31-08-2015-ve-ket-qua-phan-loai-hang-hoa-xuat-nhap-khau-la-thuoc-nhuom-red-p-bn-gr-tinh-trang-hieu-luc-khong-xac-dinh
2,9802/TB-TCHQ,2015,32129019,Thuốc màu đã pha chế dùng sản xuất sơn CK-F-999940: thuốc màu vô cơ và polyeste phân tán trong hỗn hợp dung môi hữu cơ (,ly_do,https://caselaw.vn/van-ban-phap-luat/3082-thong-bao-so-9802-tb-tchq-ngay-22-10-2015-ve-ket-qua-phan-loai-hang-hoa-xuat-nhap-khau-la-thuoc-mau-da-pha-che-dung-san-xuat-son-tinh-trang-hieu-luc-khong-xac-dinh
2,11747/TB-TCHQ,2014,32064110,Pigment Blue N-3152 (khai báo chất màu hữu cơ tổng hợp): chế phẩm thuốc màu vô cơ ultramarine từ sodium alumino sulphosi,ly_do,https://caselaw.vn/van-ban-phap-luat/7178-thong-bao-11747-tb-tchq-nam-2014-ve-ket-qua-phan-loai-doi-voi-hang-hoa-xuat-nhap-khau-la-chat-mau-huu-co-tong-hop-pigment-blue-n-3152-do-tong-cuc-hai-quan-ban-hanh
2,11823/TB-TCHQ,2014,32065010,"Bột phát quang (luminous powder): chế phẩm vô cơ được dùng như chất phát quang, dạng bột, thành phần ZnS và CuCl2",ly_do,https://caselaw.vn/van-ban-phap-luat/7133-thong-bao-11823-tb-tchq-nam-2014-ve-ket-qua-phan-loai-doi-voi-bot-phat-quang-xuat-nhap-khau-do-tong-cuc-hai-quan-ban-hanh
2,11830/TB-TCHQ,2014,32061990,"Bright Brass Gold pigment: chế phẩm màu vô cơ óng ánh gồm mica, titan dioxit (64,9%) và sắt oxit, dạng bột, màu vàng nhạ",ly_do,https://caselaw.vn/van-ban-phap-luat/7122-thong-bao-11830-tb-tchq-nam-2014-ve-ket-qua-phan-loai-doi-voi-chat-mau-xuat-nhap-khau-do-tong-cuc-hai-quan-ban-hanh
2,11831/TB-TCHQ,2014,32061990,"Silver White pigment: chế phẩm màu vô cơ óng ánh gồm mica và titan dioxit (52,9%), dạng bột, màu trắng ngà",ly_do,https://caselaw.vn/van-ban-phap-luat/7128-thong-bao-11831-tb-tchq-nam-2014-ve-ket-qua-phan-loai-doi-voi-che-pham-mau-vo-co-xuat-nhap-khau-do-tong-cuc-hai-quan-ban-hanh
2,12001/TB-TCHQ,2014,32061990,"EMU White FX-4174: chế phẩm màu vô cơ dạng lỏng gồm titan dioxit (~61% tính theo trọng lượng khô), polyethylen glycol, n",ly_do,https://caselaw.vn/van-ban-phap-luat/7021-thong-bao-12001-tb-tchq-nam-2014-ve-ket-qua-phan-loai-doi-voi-hang-hoa-xuat-nhap-khau-la-emu-white-fx-4174-30kg-dm-che-pham-thuoc-mau-vo-co-do-tong-cuc-hai-quan-ban-hanh
2,12017/TB-TCHQ,2014,72281010,"Thép gió (high speed steel) dạng thanh tròn đặc, gia công kết thúc nguội, bề mặt trơn không phủ mạ tráng, S600 ISO 286/2",ly_do,https://caselaw.vn/van-ban-phap-luat/7060-thong-bao-12017-tb-tchq-nam-2014-ve-ket-qua-phan-loai-doi-voi-hang-hoa-xuat-nhap-khau-la-thep-gio-gia-cong-ket-thuc-nguoi-dang-thanh-mat-cat-ngang-hinh-tron-dac-mm-duong-kinh-steel-round-bar-s600-7-2mm-207pcs-iso-286-2-do-tong-cuc-hai-quan-ban-hanh
2,12550/TB-TCHQ,2014,72253090,"Thép cán nóng dạng cuộn khai báo không hợp kim nhưng có hàm lượng Bo từ 0,0008% trở lên, chưa phủ dát mạ tráng, chưa ngâ",ly_do,https://caselaw.vn/van-ban-phap-luat/6824-thong-bao-12550-tb-tchq-nam-2014-ve-ket-qua-phan-loai-doi-voi-hang-hoa-xuat-nhap-khau-thep-khong-hop-kim-do-tong-cuc-hai-quan-ban-hanh
2,12551/TB-TCHQ,2014,72253090,"Thép hợp kim cán nóng dạng cuộn (Alloy Hot Rolled Steel Coil), hàm lượng Bo trên 0,0008%, chưa phủ dát mạ tráng, chưa ng",ly_do,https://caselaw.vn/van-ban-phap-luat/6823-thong-bao-12551-tb-tchq-nam-2014-ve-ket-qua-phan-loai-doi-voi-hang-hoa-xuat-nhap-khau-thep-hop-kim-can-nong-do-tong-cuc-hai-quan-ban-hanh
2,14298/TB-TCHQ,2014,38245000,"Vữa chống thấm xi măng polymer Masterflow 880 (bao 25 kg): vữa không chịu lửa, thành phần chính Al2O3 3,18%, SiO2 21%, C",ly_do,https://caselaw.vn/van-ban-phap-luat/6272-thong-bao-14298-tb-tchq-nam-2014-ve-ket-qua-phan-loai-doi-voi-hang-hoa-xuat-nhap-khau-la-vua-chong-tham-xi-mang-polymer-do-tong-cuc-hai-quan-ban-hanh
2,14810/TB-TCHQ,2014,32041900,Chế phẩm màu hữu cơ VW-DS-4110Z dùng sản xuất sơn: phức crom của dẫn xuất pyrazolyl-azo-benzoat tan trong dung môi 2-but,ly_do,https://caselaw.vn/van-ban-phap-luat/6114-thong-bao-14810-tb-tchq-nam-2014-ve-ket-qua-phan-loai-doi-voi-hang-hoa-xuat-nhap-khau-la-che-pham-lam-tu-mau-huu-co-tong-hop-dung-de-san-xuat-son-do-tong-cuc-hai-quan-ban-hanh
2,14811/TB-TCHQ,2014,32041900,Chế phẩm làm từ màu hữu cơ tổng hợp VW-DS-RLHS dùng sản xuất sơn: hỗn hợp màu hữu cơ từ dẫn xuất azo tan trong dung môi ,ly_do,https://caselaw.vn/van-ban-phap-luat/6110-thong-bao-14811-tb-tchq-nam-2014-ve-ket-qua-phan-loai-doi-voi-hang-hoa-xuat-nhap-khau-la-che-pham-lam-tu-mau-huu-co-tong-hop-dung-de-san-xuat-son-do-tong-cuc-hai-quan-ban-hanh
2,14820/TB-TCHQ,2014,32041900,Thuốc màu hữu cơ VW-DS-RLHS phân tán trong môi trường không chứa nước dùng sản xuất sơn: chế phẩm màu hữu cơ solvent dye,ly_do,https://caselaw.vn/van-ban-phap-luat/6101-thong-bao-14820-tb-tchq-nam-2014-ve-ket-qua-phan-loai-doi-voi-hang-hoa-xuat-nhap-khau-la-thuoc-mau-huu-co-phan-tan-trong-moi-truong-khong-chua-nuoc-dung-de-san-xuat-son-do-tong-cuc-hai-quan-ban-hanh
2,415/TB-TCHQ,2014,72254090,"Thép tấm cán nóng hợp kim, không tráng phủ mạ sơn, tiêu chuẩn Q345B-B, kích thước 4,0 x 1500 x 6000 mm; hàm lượng B ~0,0",ly_do,https://caselaw.vn/van-ban-phap-luat/8424-thong-bao-415-tb-tchq-nam-2014-ve-ket-qua-phan-loai-doi-voi-hang-hoa-xuat-nhap-khau-do-tong-cuc-hai-quan-ban-hanh
2,426/TB-TCHQ,2014,72254090,"Thép tấm cán nóng hợp kim Bo, không tráng phủ sơn mạ, mác SS400B, kích thước (3,8–9,75) mm x 1500 mm x 6000 mm; Bo là ng",ly_do,https://caselaw.vn/van-ban-phap-luat/8413-thong-bao-426-tb-tchq-nam-2014-ket-qua-phan-loai-doi-voi-hang-hoa-xuat-nhap-khau-do-tong-cuc-hai-quan-ban-hanh
2,427/TB-TCHQ,2014,72254090,"Thép tấm cán nóng chống trơn (hot rolled checkered steel sheets) hợp kim Bo, mác SS400B, chưa tráng phủ mạ sơn, kích thư",ly_do,https://caselaw.vn/van-ban-phap-luat/8412-thong-bao-427-tb-tchq-nam-2014-ket-qua-phan-loai-doi-voi-hang-hoa-xuat-nhap-khau-do-tong-cuc-hai-quan-ban-hanh
2,4333/TB-TCHQ,2014,72253090,"Thép hợp kim cán phẳng dạng cuộn (Prime Hot Rolled Steel Coil), Bo là nguyên tố duy nhất quyết định thép hợp kim (B >= 0",ly_do,https://caselaw.vn/van-ban-phap-luat/7970-thong-bao-4333-tb-tchq-nam-2014-ket-qua-phan-loai-doi-voi-hang-hoa-xuat-nhap-khau-la-thep-hop-kim-ham-luong-bo-0-0008-do-tong-cuc-hai-quan-ban-hanh
2,4334/TB-TCHQ,2014,72253090,"Thép hợp kim cán phẳng dạng cuộn (Prime Hot Rolled Steel Coil), Bo là nguyên tố duy nhất quyết định thép hợp kim (B > 0,",ly_do,https://caselaw.vn/van-ban-phap-luat/7969-thong-bao-4334-tb-tchq-nam-2014-ket-qua-phan-loai-doi-voi-hang-hoa-xuat-nhap-khau-la-thep-hop-kim-ham-luong-bo-0-0008-do-tong-cuc-hai-quan-ban-hanh
2,436/TB-TCHQ,2014,82089000,"Nguyên liệu sản xuất dao chặt giày khai báo là thép hợp kim dạng cuộn cán nguội JIS G4051 S45C, rộng 32 mm, dày 2,5 mm; ",ly_do,https://caselaw.vn/van-ban-phap-luat/8399-thong-bao-so-436-tb-tchq-ngay-15-01-2014-ket-qua-phan-loai-doi-voi-hang-hoa-xuat-nhap-khau-tinh-trang-hieu-luc-khong-xac-dinh
2,579/TB-TCHQ,2014,38241000,Additrol CB64 1585: chất gắn đã điều chế dùng trong khuôn đúc,ly_do,https://caselaw.vn/van-ban-phap-luat/8380-thong-bao-579-tb-tchq-nam-2014-ket-qua-phan-loai-doi-voi-hang-hoa-xuat-nhap-khau-do-tong-cuc-hai-quan-ban-hanh
2,8140/TB-TCHQ,2013,32064210,Lithopone B301 G Brand dùng làm chất độn trong sản xuất sơn: chế phẩm màu litopon (ZnS/BaSO4),ly_do,https://caselaw.vn/van-ban-phap-luat/8606-thong-bao-8140-tb-tchq-nam-2013-ket-qua-phan-loai-doi-voi-hang-hoa-xuat-nhap-khau-do-tong-cuc-hai-quan-ban-hanh
2,1092/TB-TCHQ,,38249999,"Chế phẩm hóa học Zinc Carbonate PCC334, hàng không thuộc tiền chất, hóa chất nguy hiểm",ly_do+ngay,https://camnangxnk-logistics.net/1092-tb-tchq-ma-hs-che-pham-hoa-hoc-zinc-carbonate-pcc334-hang-khong-thuoc-tien-chat-hoa-chat-nguy-hiem-hs-3824-99-99/
2,1094/TB-TCHQ,,38249999,"Chất phụ gia C2 (Al2O3 >= 55%, SiO2 >= 35%, CaO >= 4,5%): chế phẩm hóa học chứa hỗn hợp canxi nhôm oxit, oxit silic và p",ly_do+ngay,https://camnangxnk-logistics.net/1094-tb-tchq-ma-hs-chat-phu-gia-c2-al2o3-55-sio2-35-cao-45-che-pham-hoa-hoc-co-chua-hon-hop-canxi-nhom-oxit-oxit-silic-va-phu-gia-dang-bot-hs-3824-9999/
2,1168/TB-TCHQ,,38249999,"Hạt độn MB 80% (calcium carbonate masterbatch filler) dùng để sản xuất bao bì nhựa: bột đá CaCO3 chiếm 80±1%, nhựa chiếm",ly_do+ngay,https://camnangxnk-logistics.net/1168-tb-tchq-ma-hs-hat-don-mb-80-cancium-carbonate-masterbatch-fillerdung-de-san-xuat-bao-bi-nhua-thanh-phan-bao-gom-bot-da-caco3-chiem-80-1-nhua-chiem-20-dong-goi-25kg-bao-hs-3824-99-99-90/
2,1189/TB-TCHQ,,32089090,"RE-1538 (WPA-2020N) bán thành phẩm của sơn đi từ copolymer methyl methacrylate (~45%), dạng lỏng, dung môi toluene 34,5%",ly_do+ngay,https://camnangxnk-logistics.net/1189-tb-tchq-ma-hs-re-1538wpa-2020n-la-ban-thanh-pham-cua-son-di-tu-copolymer-dang-long-tp-methyl-methacrylate-copolymer-w-45-toluene-34-5-iso-butyl-alcohol-13-7n-butyl-alcohol-3ethyl-ac/
2,1288/TB-TCHQ,,38249999,"Chế phẩm hút ẩm (desiccant) có thành phần chính là canxi oxit (CaO) và polyetylen, dạng hạt, dùng để hút ẩm không khí tr",ly_do+ngay,https://camnangxnk-logistics.net/1288-tb-tchq-ma-hs-che-pham-hut-am-co-ham-luong-chinh-la-canxi-oxit-va-polyetylen-dang-hat-dung-de-hut-am-khong-khi-trong-san-xuat-san-pham-nhua-hs-3824-9999/
2,1322/TB-TCHQ,,38249999,"Chất tạo bọt BK-201 có nguồn gốc từ dầu thông, công thức C10H17OH, nồng độ 70%, dạng lỏng, dùng trong tách chiết (tuyển ",ly_do+ngay,https://camnangxnk-logistics.net/1322-tb-tchq-ma-hs-chat-tao-bot-bk-201-co-nguon-goc-tu-dau-thong-cong-thuc-hoa-hoc-c10h17oh-nong-do-70-dang-long-175kg-thung-dung-trong-tach-chiet-kim-loai-dong-ra-khoi-quang-dong-hs-3824-99-99/
2,1332/TB-TCHQ,,72091690,"Thép không hợp kim cán phẳng, chưa gia công quá mức cán nguội, chưa dát phủ mạ tráng, dạng cuộn, tiêu chuẩn JIS G3141, m",ly_do+ngay,https://camnangxnk-logistics.net/1332-tb-tchq-ma-hs-thep-khong-hop-kim-can-phang-chua-gia-cong-qua-muc-can-nguoi-chua-dat-phu-ma-trang-dang-cuon-tieu-chuan-j1s-g3141-mac-thep-spcc-sd-kich-thuoc-1-2mm-x-1530mm-x-c-hs-7209-16-9/
2,1702/TB-TCHQ,,38249999,"Chế phẩm đóng rắn vecni (chất kết dính làm từ polyme TEC9652K) có thành phần chính gồm organic peroxide, xylene, aliphat",ly_do+ngay,https://camnangxnk-logistics.net/1702-tb-tchq-ma-hs-chat-ket-dinh-lam-tu-polyme-adhesive-tec9652kkyocera-chemical-tec96520-32kg-s-h-f0203-600-00-000-che-pham-dong-ran-vecni-co-thanh-phan-chinh-gom-organic-peroxide-xylene-alip/
2,1736/TB-TCHQ,,38249999,"Hạt phụ gia màu trắng dùng trong ngành sản xuất nhựa (DF PE 280): hỗn hợp gồm nhựa, CaCO3 và chất phụ gia, kích thước hạ",ly_do+ngay,https://camnangxnk-logistics.net/1736-tb-tchq-ma-hs-hat-phu-gia-mau-trang-dung-trong-nganh-san-xuat-nhua-ma-df-pe-280-hon-hop-gom-nhua-caco3-va-chat-phu-gia-kich-thuoc-3x3-mm-hs-3824-99-99/
2,1823/TB-TCHQ,,32089090,"Sơn chống ăn mòn dùng cho vỏ tàu biển Polyulac No.200 F-HB Choco Brown, đã phân tán trong môi trường không chứa nước, đó",ly_do+ngay,https://camnangxnk-logistics.net/1823-tb-tchq-ma-hs-polyulac-no-200-f-hb-choco-brown-b-h-son-chong-an-mon-dung-cho-son-vo-tau-bien-da-phan-tan-trong-moi-truong-khong-chua-nuoc-hang-moi-100-90-cap-x-3-3-kg-cap-hs-3208-90/
2,2045/TB-TCHQ,,38249999,"Isocyanate SP364 (polyisocyanate nguyên sinh, dạng lỏng) nguyên liệu sản xuất keo: chế phẩm hóa học có thành phần chính ",ly_do+ngay,https://camnangxnk-logistics.net/2045-tb-tchq-ma-hs-isocyanate-sp364-polyisocyanate-nguyen-sinh-dang-long-nguyen-lieu-san-xuat-keo-che-pham-hoa-hoc-co-thanh-phan-chinh-la-isophorone-diisocyanate-255-va-methyleyclohexane-b/
2,2122/TB-TCHQ,,32089090,"Sơn ZETTAR EP-2 (B) 17 lít/thùng: sơn epoxy giàu kẽm làm từ zinc dust, epoxy resin, xylene",ly_do+ngay,https://camnangxnk-logistics.net/2122-tb-tchq-ma-hs-son-zettar-ep-2-b-17lit-thung-lam-tu-zinc-ducst-epoxy-resin-xylene-chat-lam-cung-1-thanh-phan-cua-son-zettar-ep-2h-3ii9-ecan-lam-tu-aliphatic-polyamide-amine-resin/
2,2122/TB-TCHQ,,32089090,"Chất làm cứng ZETTAR EP-2 (H), một thành phần của sơn ZETTAR EP-2, làm từ aliphatic polyamide amine resin, xylene, ethyl",ly_do+ngay,https://camnangxnk-logistics.net/2122-tb-tchq-ma-hs-son-zettar-ep-2-b-17lit-thung-lam-tu-zinc-ducst-epoxy-resin-xylene-chat-lam-cung-1-thanh-phan-cua-son-zettar-ep-2h-3ii9-ecan-lam-tu-aliphatic-polyamide-amine-resin/
2,2238/TB-TCHQ,,72261990,"Thép hợp kim silic kỹ thuật điện (electrical silicon steel), cán phẳng, cán nguội, dạng cuộn, hạt không định hướng, chưa",ly_do+ngay,https://camnangxnk-logistics.net/2238-tb-tchq-ma-hs-thep-hop-kim-silic-ky-thuat-dien-can-phang-can-nguoi-dang-cuon-tphc-0-6/
2,2382/TB-CHQ,,21039019,Crab Extract F-11926 ( L-415282) — Nguyên liệu thực phẩm: Chiết xuất cua (Crab Extract F-11926 L-415282),ly_do+ngay,https://luatvietnam.vn/xuat-nhap-khau/thong-bao-2382-tb-chq-cua-cuc-hai-quan-ve-ket-qua-xac-dinh-truoc-ma-so-doi-voi-chiet-xuat-cua-crab-extract-f-11926-l-415282-399819-d6.html
2,2644/TB-TCHQ,,72254090,"Thép hợp kim dạng tấm, cán phẳng, cán nóng, chưa tráng phủ mạ, hàm lượng Bo >= 0,0008% (thép chống mài mòn EVERHARD, mác",ly_do+ngay,https://camnangxnk-logistics.net/2644-tb-tchq-ma-hs-thep-hop-kim-dang-tam-can-phang-can-nong-chua-trang-phu-ma-bo00008-everhard-mac-thep-jfe-eh-c500le-kich-thuoc-6-8mmx1500-2000nmx6000mm-hang-moi-100-muc-04-pltk-hs/
2,2658/TB-TCHQ,,32089019,"Vecni (F-60-696 / F-52-30 SHD / A-4001 SHD) đi từ nhựa acrylic, nhựa amino, loại chịu được nhiệt trên 100°C, dạng hòa ta",ly_do+ngay,https://camnangxnk-logistics.net/2658-tb-tchq-ma-hs-f-52-30-shd-5-vecni-muc-2-to-khai-hai-quan-vecni-di-tu-nhua-acrylic-nhua-amino-loai-chiu-duoc-nhiet-tren-100c-dang-hoa-tan-trong-dung-moi-huu-co-hs-3208-90-19/
2,2659/TB-TCHQ,,32089019,"Vecni (F-60-696 / F-52-30 SHD / A-4001 SHD) đi từ nhựa acrylic, nhựa amino, loại chịu được nhiệt trên 100°C, dạng hòa ta",ly_do+ngay,https://camnangxnk-logistics.net/2658-tb-tchq-ma-hs-f-52-30-shd-5-vecni-muc-2-to-khai-hai-quan-vecni-di-tu-nhua-acrylic-nhua-amino-loai-chiu-duoc-nhiet-tren-100c-dang-hoa-tan-trong-dung-moi-huu-co-hs-3208-90-19/
2,2660/TB-TCHQ,,32089019,"Vecni (F-60-696 / F-52-30 SHD / A-4001 SHD) đi từ nhựa acrylic, nhựa amino, loại chịu được nhiệt trên 100°C, dạng hòa ta",ly_do+ngay,https://camnangxnk-logistics.net/2658-tb-tchq-ma-hs-f-52-30-shd-5-vecni-muc-2-to-khai-hai-quan-vecni-di-tu-nhua-acrylic-nhua-amino-loai-chiu-duoc-nhiet-tren-100c-dang-hoa-tan-trong-dung-moi-huu-co-hs-3208-90-19/
2,4410/TB-TCHQ,,42029190,"Vỏ điện thoại kiểu dáng ví dẹt mỏng (Flat Wallet Cover Note 4, EF-WN910F): vỏ giả da của điện thoại di động gồm da trong",ly_do+ngay,https://caselaw.vn/van-ban-phap-luat/4721-thong-bao-4410-tb-tchq-nam-2015-ve-ket-qua-xac-dinh-truoc-ma-so-cua-vo-gia-da-cua-dien-thoai-di-dong-do-tong-cuc-hai-quan-ban-hanh
2,459/TB-TCHQ,,72091610,"Thép cuộn cán nguội, cán phẳng, không hợp kim, chưa tráng phủ mạ sơn, tiêu chuẩn JIS G3141, mác thép SPCC-SD, kích thước",ly_do+ngay,https://camnangxnk-logistics.net/459-tb-tchq-ma-hs-thep-cuon-can-nguoi-can-phang-khong-hop-kim-chua-trang-phu-ma-son-hang-moi-100-tieu-chuan-jis-g3141-mac-thep-spcc-sd-kich-thuoc-1-2mm-x-1219mm-x-cuon-hs-7209-16-10/
2,5110/TB-TCHQ,,39269099,"Thanh nẹp nhựa polycarbonate (dạng thanh), chưa gia cố, chưa gắn lớp mặt, chưa khoan lỗ, xẻ rãnh, dùng trong xây dựng, k",ly_do+ngay,https://camnangxnk-logistics.net/5110-tb-tchq-ma-hs-thanh-nep-nhua-polycarbonate-dang-thanh-chua-gia-co-chua-gan-lop-mat-chua-khoan-lo-xe-ranh-dung-trong-xay-dung-kt-rong-20-60mm-dai-6000mm-day-6-0-8-0mm-10kg-thanh/
2,6063/TB-TCHQ,,72083990,"Thép cuộn cán nóng không hợp kim, đã cán phẳng, chưa tráng phủ mạ sơn, dạng cuộn, dùng để làm ống thép hoặc tôn cán nguộ",ly_do+ngay,https://camnangxnk-logistics.net/6063-tb-tchq-ma-hs-thep-cuon-can-nong-khong-hop-kim-da-can-phang-chua-trang-phu-ma-son-o-dang-cuon-dung-de-lam-ong-thep-hoac-ton-can-nguoi-kich-thuoc-2-75-mm-x-630mm-mac-thep-q195-hang-moi-100/
2,6487/TB-TCHQ,,38249999,Chất xử lý nước thải chứa cặn dùng trong quá trình sản xuất giấy: Poly Aluminium Chloride (PAC),ly_do+ngay,https://camnangxnk-logistics.net/6487-tb-tchq-ma-hs-chat-xu-ly-nuoc-thai-chua-can-su-dung-trong-qua-trinh-san-xuat-giay-poly-aluminium-chloride-pac-hs-3824-99-99/
2,7281/TB-TCHQ,,32089090,"Chất nhuộm màu HPO RED (bán thành phẩm của sơn), có chứa toluene 60–79%",ly_do+ngay,https://camnangxnk-logistics.net/7281-tb-tchq-ma-hs-chat-nhuom-mau-hpo-red-ban-thanh-pham-cua-son-nhap-135kg-co-chua-toluene-60-79-hs-3208-90-90/
2,811/TB-TCHQ,,23080000,Herb-All COCC-X,ly_do+ngay,https://luatvietnam.vn/xuat-nhap-khau/thong-bao-811-tb-tchq-2022-ket-qua-xac-dinh-truoc-ma-so-doi-voi-herb-all-liver-294599-d6.html
3,1055/TB-TCHQ,,85044090,"Bộ chuyển nguồn điện và chặn dòng điện một chiều (DC-DC converter, từ 12V sang 48V) dùng trong trường hợp khẩn cấp cho x",ngay,https://camnangxnk-logistics.net/1054-tb-tchq-ma-hs-bo-chuyen-nguon-dien-va-chan-dong-dien-1-chieu-tu-12v-sang-48v-trong-truong-hop-khan-cap-cho-xe-tay-ga-part-adp-89-hang-moi-100-linh-kien-dung-cho-xe-may-honda-pcx-125cc-hs/
3,1138/TB-TCHQ,,853669,"Đầu nối dạng thanh (bar-type connector / plug-in jumper) có chức năng phích cắm và ổ cắm, dùng với cầu đấu nối (terminal",ngay,https://camnangxnk-logistics.net/6258-tchq-txnk-1138-tb-tchq-v-v-phan-loai-ma-hs-dau-noi-dang-thanh-tuy-co-truong-hop-co-the-su-dung-voi-cau-dau-noi-loai-bat-vit-tuc-la-phai-co-dinh-dau-noi-vao-vi-tri-tiep-xuc-dien-tai-cau-dau-noi/
3,1151/TB-CHQ,,85366992,"Power Strip - Ổcắm điện — Bộổ cắm điện sử dụng cho điện áp dưới 1000V, dòng điện dưới 16A, gồm dây dẫn điện dài 2 mét, m",ngay,https://luatvietnam.vn/xuat-nhap-khau/thong-bao-1151-tb-chq-cua-cuc-hai-quan-ve-ket-qua-xac-dinh-truoc-ma-so-doi-voi-power-strip-o-cam-dien-t411-397241-d6.html
3,1152/TB-CHQ,,85366992,"Power Strip - Ổcăm điện - T414. Sản phẩm gồm dây dẫn có 01 đầu được gắn phích cắm, đầu còn lại của dây dẫn gắn với 01 bộ",ngay,https://luatvietnam.vn/xuat-nhap-khau/thong-bao-1152-tb-chq-2025-ket-qua-xac-dinh-truoc-ma-so-power-strip-o-cam-dien-t414-397242-d6.html
3,13273/TB-CHQ,,63079090,Orthopedic Pack (Bộ toan áo phẫu thuật chỉnh hình cơ xương khớp chung) — Bộ toan áo phẫu thuật chỉnh hình cơ xương khớp ,ngay,https://luatvietnam.vn/xuat-nhap-khau/thong-bao-13273-tb-chq-2026-ket-qua-xac-dinh-ma-so-bo-toan-ao-phau-thuat-chinh-hinh-428462-d6.html
3,13274/TB-CHQ,,63079090,Universal Pack (Bộ toan áo phẫu thuật chung) — Bộ toan áo phẫu thuật chung.. Vải không dệt (thành phần chính polypropyle,ngay,https://luatvietnam.vn/xuat-nhap-khau/thong-bao-13274-tb-chq-2026-ket-qua-xac-dinh-ma-so-bo-toan-ao-phau-thuat-chung-428459-d6.html
3,13329/TB-CHQ,,85044090,"Bộ cấp nguồn của đèn LED. — Bộ cấp nguồn đèn LED. vỏ nhựa, dây điện, bản mạch, các linh kiện gắn trên bản mạch gồm: vỏ n",ngay,https://luatvietnam.vn/xuat-nhap-khau/thong-bao-13329-tb-chq-2026-ket-qua-xac-dinh-ma-so-bo-cap-nguon-den-led-427806-d6.html
3,1413/TB-CHQ,,35051010,Phụ gia thực phẩ m: NATURA WT 150 — Tinh bột sắn biến tính dùng trong thực phẩm. Tinh bột sắn biến tí nh vật lý (tinh bộ,ngay,https://luatvietnam.vn/xuat-nhap-khau/thong-bao-1413-tb-chq-2025-ket-qua-xac-dinh-truoc-ma-so-tinh-bot-san-bien-tinh-dung-trong-thuc-pham-397237-d6.html
3,1626/TB-TCHQ,,21012030,"Nước cốt trà sữa — Như mục 2. thành phần gồm 27% nước tinh khiết, 47% trà đặc (xuất xứ Myanmar/kem không sữa, 7% đường, ",ngay,https://luatvietnam.vn/xuat-nhap-khau/thong-bao-1626-tb-tchq-2022-ket-qua-xac-dinh-truoc-ma-so-nuoc-cot-tra-sua-294492-d6.html
3,1754/TB-TCHQ,,72092610,"Thép tấm cán nguội S45C, không hợp kim, cán phẳng, tiêu chuẩn JIS G4051-2005, hàm lượng carbon dưới 0,6%, chưa phủ mạ, k",ngay,https://camnangxnk-logistics.net/1754-tb-tchq-ma-hs-thep-tam-can-nguoi-s45c-khong-hop-kim-can-phang-tieu-chuan-jis-g405-1-2005-co-ham-luong-carbon/
3,1952/TB-TCHQ,,54076990,"Vải mộc dệt thoi 100% polyester chưa xử lý hoàn tất, mã 437F1 Grade C4, khổ 69 inch, định lượng 356 g/m2, sử dụng trong ",ngay,https://camnangxnk-logistics.net/1952-tb-tchq-ma-hs-vai-moc-chua-duoc-xu-ly-hoan-tat-100-polyester-437f1-grade-c4-kho-69-vai-det-thoi-dinh-luong-356g-m2-su-dung-trong-nganh-may-mac-hs-5407-69-90/
3,206/TB-TCHQ,,85369019,"Cầu nối nguồn điện / phụ kiện terminal block YS CT-10 AF (đầu nối dây điện dạng khối), điện áp dưới 1.000V, dùng lắp tro",ngay,https://camnangxnk-logistics.net/206-tb-tchq-ma-hs-cau-noi-nguon-dien-phu-kien-terminal-block-ys-ct-10-af-dien-ap-duoi-1000v-dung-nap-cho-tu-dien-nhan-hieu-yong-sung-hs-8536-90-19/
3,2470/TB-TCHQ,,39211391,"Vải dệt một mặt đã phủ polyurethan (PU), mặt còn lại ép với vải không dệt 100% polyester, mã 0103PU (tấm nhựa PU giả da ",ngay,https://camnangxnk-logistics.net/?s=3921
3,2492/TB-TCHQ,,85369094,"Nắp chụp bảo vệ tụ điện bằng nhựa (plastic protective cap for capacitor), mã linh kiện 1FC81966000080, linh kiện lắp ráp",ngay,https://camnangxnk-logistics.net/2492-tb-tchq-ma-hs-nap-chup-bao-ve-tu-dien-bang-nhua-1fc81966000080-linh-kien-lap-rap-bo-phan-dien-xe-may-vamaha-moi-100-hs-8536-90-94/
3,2524/TB-TCHQ,,82055900,Lưỡi dao cong thép không gỉ. Lưỡi dao làm bằng thép không gỉ SUS430; thành phần cấu tạo chính gồm 0.422%C; 0.14%Ni; 12.1,ngay,https://luatvietnam.vn/xuat-nhap-khau/thong-bao-2524-tb-tchq-2023-xac-dinh-ma-so-doi-voi-luoi-dao-cong-thep-khong-gi-293035-d6.html
3,2614/TB-TCHQ,,38249970,"Sub4salt F3000. Potassium ch l oride (CAS 7447-40-7) (≥ 10 - ≤ 30), Sodium ch l oride (CAS 7647-14-5) ((≥ 50 - ≤ 70), So",ngay,https://luatvietnam.vn/xuat-nhap-khau/thong-bao-2614-tb-tchq-2023-ket-qua-xac-dinh-truoc-ma-so-doi-voi-sub4salt-f3000-293031-d6.html
3,3025/TB-TCHQ,,84833090,"Bạc lót trục. — Bạc lót trục, dạng ô trượt (plain shaft bearing). Thông số kỹ thuật: Bạc lót trục làm từ vật liệu đàn hồ",ngay,https://luatvietnam.vn/xuat-nhap-khau/thong-bao-3025-tb-tchq-2022-xac-dinh-truoc-ma-so-bac-lot-truc-shaft-bearing-294089-d6.html
3,30872/TB-CHQ,,30051010,"Miến dán loại bỏ mụn cóc — Miếng dán loại bỏ mụn cóc Wart Remover Plaster. Miếng dán chứa sterculia urens gum, propylene",ngay,https://luatvietnam.vn/xuat-nhap-khau/thong-bao-30872-tb-chq-2025-ket-qua-xac-dinh-ma-so-mien-dan-loai-bo-mun-coc-416412-d6.html
3,3109/TB-TCHQ,,22087010,Rượu The Choya Ume From The BIO Farm. + Quả mơ hữu cơ Nhật Bản. Đồ uống chứa cồn. Đóng chai dung tích 750 ml,ngay,https://luatvietnam.vn/xuat-nhap-khau/thong-bao-3109-tb-tchq-2022-ruou-the-choya-ume-from-the-bio-farm-294075-d6.html
3,3328/TB-CHQ,,85182110,Thiết bị thông báo thanh toán chuyển khoản thành công. — thiết bị thông báo thanh toán. Thông báo số tiền chuyển khoản đ,ngay,https://luatvietnam.vn/xuat-nhap-khau/thong-bao-3328-tb-chq-cua-cuc-hai-quan-ve-ket-qua-xac-dinh-truoc-ma-so-doi-voi-thiet-bi-thong-bao-thanh-toan-chuyen-khoan-thanh-cong-tingee-6ls-399196-d6.html
3,350/TB-CHQ,,84715010,"Dell Precision 3680 Tower — Máy tính trạm (workstation), model Dell Precision 3680 Tower, là một máy tính mạnh mẽ sử dụn",ngay,https://luatvietnam.vn/xuat-nhap-khau/thong-bao-350-tb-chq-2025-ket-qua-xac-dinh-truoc-ma-so-doi-voi-precision-3680-tower-395222-d6.html
3,351/TB-CHQ,,84715090,Dell Precision 7960 Rack — Precision 7960 Rack. Kích thước khung: chiều caox chiều rộng x chiều sâu = 86.8mm (3.39 x 482,ngay,https://luatvietnam.vn/xuat-nhap-khau/thong-bao-351-tb-chq-2025-ket-qua-xac-dinh-truoc-ma-so-doi-voi-precision-7960-rack-395223-d6.html
3,354/TB-CHQ,,85444299,"Data link cable USB 2.0 TYPE C TO TYPE C. vỏ bọc nhựa, Lõi dây đồng (dây gồm 4 lõi, mỗi lõi đã được bọc cách điện bằng n",ngay,https://luatvietnam.vn/xuat-nhap-khau/thong-bao-354-tb-chq-2025-ket-qua-xac-dinh-truoc-ma-so-data-link-cable-usb-20-type-c-to-type-c-395428-d6.html
3,358/TB-CHQ,,90258000,Thẻ cảm biến nhiệt độ và độ ẩm — Thẻ cảm biến nhiệt độ và độ ẩm nhận thông tinở môi trường thông qua IC cảm biến sau đó ,ngay,https://luatvietnam.vn/xuat-nhap-khau/thong-bao-358-tb-chq-2025-ket-qua-xac-dinh-truoc-ma-so-doi-voi-the-cam-bien-nhiet-do-va-do-am-395437-d6.html
3,3629/TB-TCHQ,,48239099,"Tấm giấy kraft cách điện chưa tẩy trắng (insulating kraft paper sheet, DDP 025), một mặt tráng phủ lớp hữu cơ không tự d",ngay,https://camnangxnk-logistics.net/3629-tb-tchq-ma-hs-tam-giay-kraf-cach-dien-chua-tay-trang-mot-mat-trang-phu-lop-huu-co-khong-tu-dinh-mot-mat-dan-cac-thanh-giay-ep-day-8mm-rong-8mm-cach-nhau-35mm-ddp-025-vv-516mm-de-sx-may-bien-the-p/
3,3630/TB-TCHQ,,48239099,"Tấm giấy kraft cách điện chưa tẩy trắng (insulating kraft paper sheet, DDP 025), một mặt tráng phủ lớp hữu cơ không tự d",ngay,https://camnangxnk-logistics.net/3629-tb-tchq-ma-hs-tam-giay-kraf-cach-dien-chua-tay-trang-mot-mat-trang-phu-lop-huu-co-khong-tu-dinh-mot-mat-dan-cac-thanh-giay-ep-day-8mm-rong-8mm-cach-nhau-35mm-ddp-025-vv-516mm-de-sx-may-bien-the-p/
3,379/TB-CHQ,,84818099,"Họng ga xe máy Piaggio. Mặt hàng ""Họng ga kèm cảm biến vị trí bướm ga, không kèm van không tả i, không kèm ECU"" (""Họng g",ngay,https://luatvietnam.vn/xuat-nhap-khau/thong-bao-379-tb-chq-2025-ket-qua-xac-dinh-truoc-ma-so-doi-voi-hong-ga-xe-may-piaggio-395438-d6.html
3,381/TB-CHQ,,83021000,ASSY HINGE-L — Bản lề bằng kim loại.. + Trục: bằng thép hợp kim niken. Bản lề được dùng để liên kết giữa màn hình và bàn,ngay,https://luatvietnam.vn/xuat-nhap-khau/thong-bao-381-tb-chq-2025-ket-qua-xac-dinh-truoc-ma-so-ban-le-bang-kim-loai-assy-hinge-l-395441-d6.html
3,382/TB-CHQ,,94017100,Ghế thư giãn PsiO TRANS — Ghế thư giãn kèm hệ thống nghe nhạc (có thể gấp gọn),ngay,https://luatvietnam.vn/xuat-nhap-khau/thong-bao-382-tb-chq-cua-cuc-hai-quan-ve-ket-qua-xac-dinh-truoc-ma-so-doi-voi-ghe-thu-gian-psio-trans-395442-d6.html
3,4012/TB-TCHQ,,85365051,"Công tắc điện cơ bật nhanh (snap-action electromechanical switch) dùng cho đèn phanh xe máy, điện áp không quá 1.000V",ngay,https://camnangxnk-logistics.net/4012-tb-tchq-ma-hs-cong-tac-dien-co-bat-nhanh-dung-cho-den-phanh-xe-may-hs-8536-50-51/
3,4040/TB-TCHQ,,85371019,"Bảng mạch điều khiển (control circuit board / PCBA điều khiển) của thiết bị lọc không khí, điện áp không quá 1.000V",ngay,https://camnangxnk-logistics.net/4040-tb-tchq-ma-hs-bang-mach-dieu-khien-cua-thiet-bi-loc-khong-khi-hs-85371019/
3,4056/TB-TCHQ,,85437090,Máy tạo tần số thấp (low-frequency generator) trong thiết bị kích thích sự vận động của nhóm cơ bằng dòng điện (electric,ngay,https://camnangxnk-logistics.net/4056-tb-tchq-ma-hs-may-tao-tan-so-thap-trong-thiet-bi-kich-thich-su-van-dong-cua-nhom-co-bang-dong-dien-hs-85437090/
3,4411/TB-TCHQ,,42029190,"Vỏ nắp gập điện thoại có đèn LED (Flip Wallet Cover Note 4, EF-NN910B): vỏ giả da của điện thoại di động gồm da trong, d",ngay,https://caselaw.vn/van-ban-phap-luat/4720-thong-bao-4411-tb-tchq-nam-2015-ve-ket-qua-xac-dinh-truoc-ma-so-la-vo-gia-da-cua-dien-thoai-di-dong-do-tong-cuc-hai-quan-ban-hanh
3,4800/TB-TCHQ,,85371019,"Modul điều khiển tín hiệu chiếu sáng của đèn LED (LED lighting control module), ký hiệu LMU22BWN00_KGN, điện áp không qu",ngay,https://camnangxnk-logistics.net/4800-tb-tchq-ma-hs-modul-dieu-khien-tin-hieu-chieu-sang-cua-den-led-ky-hieu-lmu22bwn00_kgn-hs-8537-1019/
3,492/TB-TCHQ,,30049099,Flamigel ® RT — Flamigel RT - Gel bôi phòng ngừa và điều trị tổn thương da do xạ trị.. Hydrocolloid; Arginine; Nước tinh,ngay,https://luatvietnam.vn/xuat-nhap-khau/thong-bao-492-tb-tchq-2022-ket-qua-xac-dinh-truoc-ma-so-doi-voi-flamigelrt-294633-d6.html
3,7164/TB-TCHQ,,44187500,"Ván lót sàn (ván sàn gỗ kỹ thuật, engineered wood flooring) làm từ gỗ dán nhiều lớp, lớp mặt bằng gỗ sồi trắng, gỗ sồi đ",ngay,https://camnangxnk-logistics.net/7164-tb-tchq-ma-hs-van-lot-san-lam-tu-go-dan-go-soi-trang-go-soi-do-go-mai-chau-go-bach-dan-hs-4418-75-00/
3,7626/TB-TCHQ,,85049039,"Lõi của cuộn cảm dùng cho máy biến thế, hợp kim vô định hình Amorphous Alloy 1K101 (băng dày 0,025 mm x rộng 213 mm), dù",ngay,https://camnangxnk-logistics.net/7626-tb-tchq-ma-hs-loi-cua-cuon-cam-dung-cho-may-bien-the-amorphous-alloy-1k101-0025mm-x-213mm-xc-dung-duoc-cho-tat-ca-cac-may-co-cong-suat-khong-qua-10000k-va-hs-8504-90-39/
3,88/TB-CHQ,,58063290,"Lace Guide, BaseTX2, 15mm — PE 67.5%, PP 32.5%. Điều chỉnh hướng đi của dây giày.. Sản phẩm bằng vải đã hoàn thiện, kích",ngay,https://luatvietnam.vn/xuat-nhap-khau/thong-bao-88-tb-chq-2025-ket-qua-xac-dinh-truoc-ma-so-doi-voi-lace-guide-basetx2-15mm-394942-d6.html
3,89/TB-CHQ,,85176243,"Cổng kết nối truyền tín hiệu cho bảng giá điện tử ESL. vỏ nhựa, Ă ng-ten 2.4Ghz (4 cái), bản mạch PCB, các linh kiện điệ",ngay,https://luatvietnam.vn/xuat-nhap-khau/thong-bao-89-tb-chq-2025-ket-qua-xac-dinh-truoc-ma-so-doi-voi-cong-ket-noi-truyen-tin-hieu-cho-bang-gia-dien-tu-esl-394943-d6.html
