lo,hang_sheet,so_hieu,nam,url
1,2460,8412/TB-TCHQ,2017,https://thuvienphapluat.vn/van-ban/Xuat-nhap-khau/Thong-bao-8412-TB-TCHQ-2017-ket-qua-xac-dinh-truoc-ma-so-tui-xach-tay-370865.aspx
1,2465,7847/TB-TCHQ,2017,https://thuvienphapluat.vn/van-ban/Xuat-nhap-khau/Thong-bao-7847-TB-TCHQ-2017-ket-qua-xac-dinh-truoc-ma-so-mat-hang-Phe-lieu-368937.aspx
1,2473,7505/TB-TCHQ,2017,https://thuvienphapluat.vn/van-ban/Xuat-nhap-khau/Thong-bao-7505-TB-TCHQ-2017-dinh-chinh-Thong-bao-ket-qua-phan-loai-hang-hoa-xuat-nhap-khau-367723.aspx
1,2474,7507/TB-TCHQ,2017,https://thuvienphapluat.vn/van-ban/Xuat-nhap-khau/Thong-bao-7507-TB-TCHQ-2017-ket-qua-xac-dinh-truoc-ma-so-Mieng-dan-bao-ve-binh-xang-367724.aspx
1,2488,7080/TB-TCHQ,2017,https://thuvienphapluat.vn/van-ban/Xuat-nhap-khau/Thong-bao-7080-TB-TCHQ-2017-ket-qua-xac-dinh-truoc-ma-so-Thiet-bi-dong-bo-hoa-thoi-gian-366471.aspx
1,2489,7081/TB-TCHQ,2017,https://thuvienphapluat.vn/van-ban/Xuat-nhap-khau/Thong-bao-7081-TB-TCHQ-2017-ket-qua-xac-dinh-truoc-ma-so-Ban-mach-da-cam-linh-kien-366472.aspx
1,2490,7082/TB-TCHQ,2017,https://thuvienphapluat.vn/van-ban/Xuat-nhap-khau/Thong-bao-7082-TB-TCHQ-2017-ket-qua-xac-dinh-truoc-ma-so-Thanh-truyen-con-lan-nhua-366473.aspx
1,2492,6990/TB-TCHQ,2017,https://thuvienphapluat.vn/van-ban/Xuat-nhap-khau/Thong-bao-6990-TB-TCHQ-2017-ket-qua-xac-dinh-truoc-ma-so-366031.aspx
1,2495,6963/TB-TCHQ,2017,https://thuvienphapluat.vn/van-ban/Xuat-nhap-khau/Thong-bao-6963-TB-TCHQ-2017-ket-qua-xac-dinh-truoc-ma-so-mat-hang-Vong-dem-bang-thep-366073.aspx
1,2504,6694/TB-TCHQ,2017,https://thuvienphapluat.vn/van-ban/Xuat-nhap-khau/Thong-bao-6694-TB-TCHQ-2017-ket-qua-xac-dinh-truoc-ma-so-364537.aspx
1,2515,6489/TB-TCHQ,2017,https://thuvienphapluat.vn/van-ban/Xuat-nhap-khau/Thong-bao-6489-TB-TCHQ-2017-ket-qua-xac-dinh-truoc-ma-so-363559.aspx
1,2519,6378/TB-TCHQ,2017,https://thuvienphapluat.vn/van-ban/Xuat-nhap-khau/Thong-bao-6378-TB-TCHQ-2017-ket-qua-xac-dinh-truoc-ma-so-362719.aspx
1,2522,6251/TB-TCHQ,2017,https://thuvienphapluat.vn/van-ban/Xuat-nhap-khau/Thong-bao-6251-TB-TCHQ-2017-ket-qua-xac-dinh-truoc-ma-so-362615.aspx
1,2523,6252/TB-TCHQ,2017,https://thuvienphapluat.vn/van-ban/Xuat-nhap-khau/Thong-bao-6252-TB-TCHQ-2017-ve-ket-qua-xac-dinh-truoc-ma-so-362616.aspx
1,2533,4012/TB-TCHQ,2017,https://thuvienphapluat.vn/van-ban/Xuat-nhap-khau/Thong-bao-4012-TB-TCHQ-2017-ket-qua-xac-dinh-truoc-ma-so-Cong-tac-den-phanh-373284.aspx
1,2535,3965/TB-TCHQ,2017,https://thuvienphapluat.vn/van-ban/Xuat-nhap-khau/Thong-bao-3965-TB-TCHQ-2017-ket-qua-xac-dinh-truoc-ma-so-493933.aspx
1,2542,1274/TB-TCHQ,2017,https://thuvienphapluat.vn/van-ban/Xuat-nhap-khau/Thong-bao-1274-TB-TCHQ-ket-qua-xac-dinh-truoc-ma-so-2017-341534.aspx
1,2549,119/TB-TCHQ,2017,https://thuvienphapluat.vn/van-ban/Xuat-nhap-khau/Thong-bao-119-TB-TCHQ-2017-ket-qua-xac-dinh-truoc-ma-so-493794.aspx
1,2551,9790/TB-TCHQ,2016,https://thuvienphapluat.vn/van-ban/Xuat-nhap-khau/Thong-bao-9790-TB-TCHQ-ket-qua-xac-dinh-truoc-ma-so-2016-328542.aspx
1,2552,9789/TB-TCHQ,2016,https://thuvienphapluat.vn/van-ban/Xuat-nhap-khau/Thong-bao-9789-TB-TCHQ-ket-qua-xac-dinh-truoc-ma-so-2016-328541.aspx
1,2553,7820/TB-TCHQ,2016,https://thuvienphapluat.vn/van-ban/Xuat-nhap-khau/Thong-bao-7820-TB-TCHQ-phan-loai-hang-hoa-xuat-nhap-khau-Hoa-chat-vo-co-Sodium-Laury-Sulphate-2016-323205.aspx
1,2554,7818/TB-TCHQ,2016,https://thuvienphapluat.vn/van-ban/Xuat-nhap-khau/Thong-bao-7818-TB-TCHQ-ket-qua-phan-loai-hang-hoa-xuat-nhap-khau-Chat-giat-sau-nhuom-PE-2016-323203.aspx
1,2555,7819/TB-TCHQ,2016,https://thuvienphapluat.vn/van-ban/Xuat-nhap-khau/Thong-bao-7819-TB-TCHQ-ket-qua-phan-loai-hang-hoa-xuat-nhap-khau-chat-xu-ly-hoan-tat-vai-2016-323204.aspx
1,2556,7686/TB-TCHQ,2016,https://thuvienphapluat.vn/van-ban/Xuat-nhap-khau/Thong-bao-7686-TB-TCHQ-ket-qua-phan-loai-hang-hoa-xuat-nhap-khau-chat-phu-gia-tong-hop-Additive-2016-323200.aspx
1,2557,7693/TB-TCHQ,2016,https://thuvienphapluat.vn/van-ban/Xuat-nhap-khau/Thong-bao-7693-TB-TCHQ-ket-qua-phan-loai-hang-hoa-xuat-nhap-khau-Che-pham-lam-kho-da-dieu-che-2016-323201.aspx
2,2558,7704/TB-TCHQ,2016,https://thuvienphapluat.vn/van-ban/Xuat-nhap-khau/Thong-bao-7704-TB-TCHQ-ket-qua-phan-loai-hang-hoa-xuat-nhap-khau-Thep-tam-carbon-2016-323202.aspx
2,2559,7685/TB-TCHQ,2016,https://thuvienphapluat.vn/van-ban/Xuat-nhap-khau/Thong-bao-7685-TB-TCHQ-phan-loai-hang-hoa-xuat-nhap-khau-VORACOR-POLYOL-PAPI-Polymeric-2016-323199.aspx
2,2560,7681/TB-TCHQ,2016,https://thuvienphapluat.vn/van-ban/Xuat-nhap-khau/Thong-bao-7681-TB-TCHQ-ket-qua-phan-loai-hang-hoa-xuat-nhap-khau-Chat-hoa-deo-cho-nhua-2016-323195.aspx
2,2561,7682/TB-TCHQ,2016,https://thuvienphapluat.vn/van-ban/Xuat-nhap-khau/Thong-bao-7682-TB-TCHQ-ket-qua-phan-loai-hang-hoa-xuat-nhap-khau-Hat-nhua-mau-nguyen-sinh-PE-2016-323196.aspx
2,2562,7683/TB-TCHQ,2016,https://thuvienphapluat.vn/van-ban/Xuat-nhap-khau/Thong-bao-7683-TB-TCHQ-ket-qua-phan-loai-hang-hoa-xuat-nhap-khau-Hat-nhua-mau-nguyen-sinh-PE-2016-323197.aspx
2,2563,7684/TB-TCHQ,2016,https://thuvienphapluat.vn/van-ban/Xuat-nhap-khau/Thong-bao-7684-TB-TCHQ-ket-qua-phan-loai-hang-hoa-xuat-nhap-khau-Hat-nhua-mau-nguyen-sinh-PP-2016-323198.aspx
2,2564,7676/TB-TCHQ,2016,https://thuvienphapluat.vn/van-ban/Xuat-nhap-khau/Thong-bao-7676-TB-TCHQ-ket-qua-phan-loai-hang-hoa-xuat-nhap-khau-Day-thep-hop-kim-keo-nguoi-2016-323151.aspx
2,2565,7677/TB-TCHQ,2016,https://thuvienphapluat.vn/van-ban/Xuat-nhap-khau/Thong-bao-7677-TB-TCHQ-phan-loai-hang-hoa-xuat-nhap-khau-Thep-khong-gi-can-phang-dang-cuon-2016-323152.aspx
2,2566,7678/TB-TCHQ,2016,https://thuvienphapluat.vn/van-ban/Xuat-nhap-khau/Thong-bao-7678-TB-TCHQ-ket-qua-phan-loai-hang-hoa-xuat-nhap-khau-Long-nao-2016-323153.aspx
2,2567,7680/TB-TCHQ,2016,https://thuvienphapluat.vn/van-ban/Xuat-nhap-khau/Thong-bao-7680-TB-TCHQ-phan-loai-hang-hoa-xuat-nhap-khau-chat-ho-tro-che-bien-POLYGEL-BH-2016-323154.aspx
2,2568,7673/TB-TCHQ,2016,https://thuvienphapluat.vn/van-ban/Xuat-nhap-khau/Thong-bao-7673-TB-TCHQ-ket-qua-phan-loai-hang-hoa-xuat-nhap-khau-2016-323148.aspx
2,2569,7674/TB-TCHQ,2016,https://thuvienphapluat.vn/van-ban/Xuat-nhap-khau/Thong-bao-7674-TB-TCHQ-ket-qua-phan-loai-hang-hoa-xuat-nhap-khau-day-thep-hop-kim-keo-nguoi-2016-323149.aspx
2,2570,7675/TB-TCHQ,2016,https://thuvienphapluat.vn/van-ban/Xuat-nhap-khau/Thong-bao-7675-TB-TCHQ-ket-qua-phan-loai-hang-hoa-xuat-nhap-khau-day-thep-hop-kim-keo-nguoi-2016-323150.aspx
2,2571,7607/TB-TCHQ,2016,https://thuvienphapluat.vn/van-ban/Xuat-nhap-khau/Thong-bao-7607-TB-TCHQ-ket-qua-phan-loai-hang-hoa-xuat-nhap-khau-Vat-lieu-det-lam-lot-ung-2016-323208.aspx
2,2572,7608/TB-TCHQ,2016,https://thuvienphapluat.vn/van-ban/Xuat-nhap-khau/Thong-bao-7608-TB-TCHQ-ket-qua-phan-loai-hang-hoa-xuat-nhap-khau-Bang-dong-san-xuat-day-cap-dien-2016-323209.aspx
2,2573,7609/TB-TCHQ,2016,https://thuvienphapluat.vn/van-ban/Xuat-nhap-khau/Thong-bao-7609-TB-TCHQ-ket-qua-phan-loai-hang-hoa-xuat-nhap-khau-Dung-dich-Hydro-clorua-2016-323210.aspx
2,2574,7610/TB-TCHQ,2016,https://thuvienphapluat.vn/van-ban/Xuat-nhap-khau/Thong-bao-7610-TB-TCHQ-ket-qua-phan-loai-hang-hoa-xuat-nhap-khau-la-Chat-phu-gia-dung-2016-323211.aspx
2,2575,7619/TB-TCHQ,2016,https://thuvienphapluat.vn/van-ban/Xuat-nhap-khau/Thong-bao-7619-TB-TCHQ-ket-qua-phan-loai-hang-hoa-xuat-nhap-khau-la-Vai-loc-bui-chong-tinh-dien-2016-323212.aspx
2,2577,7620/TB-TCHQ,2016,https://thuvienphapluat.vn/van-ban/Xuat-nhap-khau/Thong-bao-7620-TB-TCHQ-ket-qua-phan-loai-hang-hoa-xuat-nhap-khau-la-Vai-loc-bui-thuong-PE500-2016-323213.aspx
2,2579,7621/TB-TCHQ,2016,https://thuvienphapluat.vn/van-ban/Xuat-nhap-khau/Thong-bao-7621-TB-TCHQ-ket-qua-phan-loai-hang-hoa-xuat-nhap-khau-Trisphenol-2016-323214.aspx
2,2580,7624/TB-TCHQ,2016,https://thuvienphapluat.vn/van-ban/Xuat-nhap-khau/Thong-bao-7624-TB-TCHQ-phan-loai-hang-hoa-xuat-nhap-khau-Che-pham-xu-ly-nuoc-thai-cong-nghiep-2016-323215.aspx
2,2582,7445/TB-TCHQ,2016,https://thuvienphapluat.vn/van-ban/Xuat-nhap-khau/Thong-bao-7445-TB-TCHQ-ket-qua-phan-loaihang-hoa-xuat-nhap-khau-thep-cuon-khong-hop-kim-2016-322976.aspx
2,2583,7446/TB-TCHQ,2016,https://thuvienphapluat.vn/van-ban/Xuat-nhap-khau/Thong-bao-7446-TB-TCHQ-ket-qua-phan-loai-doi-voi-hang-hoa-xuat-nhap-khau-huong-Chocolate-Malt-2016-322977.aspx
2,2584,7447/TB-TCHQ,2016,https://thuvienphapluat.vn/van-ban/Xuat-nhap-khau/Thong-bao-7447-TB-TCHQ-ket-qua-phan-loai-hang-hoa-xuat-nhap-khau-thep-thanh-S35C-khong-hop-kim-2016-322978.aspx
2,2585,7448/TB-TCHQ,2016,https://thuvienphapluat.vn/van-ban/Xuat-nhap-khau/Thong-bao-7448-TB-TCHQ-ket-qua-phan-loai-hang-hoa-xuat-nhap-khau-Dung-dich-an-mon-vo-hai-2016-323207.aspx
3,2586,7442/TB-TCHQ,2016,https://thuvienphapluat.vn/van-ban/Xuat-nhap-khau/Thong-bao-7442-TB-TCHQ-ket-qua-phan-loai-hang-hoa-xuat-nhap-khau-thep-can-nong-hop-kim-2016-322974.aspx
3,2587,7444/TB-TCHQ,2016,https://thuvienphapluat.vn/van-ban/Xuat-nhap-khau/Thong-bao-7444-TB-TCHQ-ket-qua-phan-loai-hang-hoa-xuat-nhap-khau-hat-nhua-phu-gia-2016-322975.aspx
3,2590,7357/TB-TCHQ,2016,https://thuvienphapluat.vn/van-ban/Xuat-nhap-khau/Thong-bao-7357-TB-TCHQ-ket-qua-phan-loai-hang-hoa-xuat-nhap-khau-chat-lam-dong-cung-keo-2016-324263.aspx
3,2591,7358/TB-TCHQ,2016,https://thuvienphapluat.vn/van-ban/Xuat-nhap-khau/Thong-bao-7358-TB-TCHQ-ket-qua-phan-loai-hang-hoa-xuat-nhap-khau-keo-dung-trong-san-xuat-cuc-sac-2016-324264.aspx
3,2594,7353/TB-TCHQ,2016,https://thuvienphapluat.vn/van-ban/Xuat-nhap-khau/Thong-bao-7353-TB-TCHQ-ket-qua-phan-loai-hang-hoa-xuat-nhap-khau-chat-tro-nhuom-2016-324259.aspx
3,2598,5971/TB-TCHQ,2016,https://thuvienphapluat.vn/van-ban/Xuat-nhap-khau/Thong-bao-5971-TB-TCHQ-dinh-chinh-thong-bao-ket-qua-phan-loai-hang-hoa-xuat-nhap-khau-2016-315961.aspx
3,2599,5752/TB-TCHQ,2016,https://thuvienphapluat.vn/van-ban/Xuat-nhap-khau/Thong-bao-5752-TB-TCHQ-ket-qua-phan-loai-hang-hoa-xuat-nhap-khau-thep-hop-kim-thanh-tron-tron-2016-322970.aspx
3,2600,5776/TB-TCHQ,2016,https://thuvienphapluat.vn/van-ban/Xuat-nhap-khau/Thong-bao-5776-TB-TCHQ-ket-qua-phan-loai-hang-hoa-xuat-nhap-khau-chat-giu-am-FreshBio-JCN-2016-322971.aspx
3,2601,5777/TB-TCHQ,2016,https://thuvienphapluat.vn/van-ban/Xuat-nhap-khau/Thong-bao-5777-TB-TCHQ-ket-qua-phan-loai-chat-chong-cau-can-cho-mang-loc-RO-xuat-nhap-khau-2016-322972.aspx
3,2602,5796/TB-TCHQ,2016,https://thuvienphapluat.vn/van-ban/Xuat-nhap-khau/Thong-bao-5796-TB-TCHQ-ket-qua-xac-dinh-truoc-ma-so-2016-322973.aspx
3,2609,5524/TB-TCHQ,2016,https://thuvienphapluat.vn/van-ban/Xuat-nhap-khau/Thong-bao-5524-TB-TCHQ-2016-thong-bao-ket-qua-phan-loai-hang-hoa-xuat-nhap-khau-444597.aspx
3,2610,5523/TB-TCHQ,2016,https://thuvienphapluat.vn/van-ban/Xuat-nhap-khau/Thong-bao-5523-TB-TCHQ-2016-ket-qua-phan-loai-hang-hoa-xuat-nhap-khau-444568.aspx
3,2611,5522/TB-TCHQ,2016,https://thuvienphapluat.vn/van-ban/Xuat-nhap-khau/Thong-bao-5522-TB-TCHQ-2016-thong-bao-ket-qua-phan-loai-hang-hoa-xuat-nhap-khau-444596.aspx
3,2613,5516/TB-TCHQ,2016,https://thuvienphapluat.vn/van-ban/Xuat-nhap-khau/Thong-bao-5516-TB-TCHQ-2016-ket-qua-phan-loai-hang-hoa-xuat-nhap-khau-444590.aspx
3,2615,5339/TB-TCHQ,2016,https://thuvienphapluat.vn/van-ban/Xuat-nhap-khau/Thong-bao-5339-TB-TCHQ-2016-dinh-chinh-Quyet-dinh-cuong-che-dung-lam-thu-tuc-hai-quan-352276.aspx
3,2620,3271/TB-TCHQ,2016,https://thuvienphapluat.vn/van-ban/Xuat-nhap-khau/Thong-bao-3271-TB-TCHQ-phan-loai-Phan-bon-DAP-xa-nguyen-lieu-san-xuat-phan-bon-NPK-2016-309889.aspx
3,2621,3269/TB-TCHQ,2016,https://thuvienphapluat.vn/van-ban/Xuat-nhap-khau/Thong-bao-3269-TB-TCHQ-phan-loai-hoa-chat-nganh-det-nhuom-chat-hoan-tat-2016-309902.aspx
3,2622,3270/TB-TCHQ,2016,https://thuvienphapluat.vn/van-ban/Xuat-nhap-khau/Thong-bao-3270-TB-TCHQ-ket-qua-phan-loai-Hoa-chat-nganh-det-nhuom-chat-hoan-tat-2016-309903.aspx
3,2623,3272/TB-TCHQ,2016,https://thuvienphapluat.vn/van-ban/Xuat-nhap-khau/Thong-bao-3272-TB-TCHQ-ket-qua-phan-loai-hang-hoa-xuat-nhap-khau-DLP04-chat-pha-mau-2016-309904.aspx
3,2624,3273/TB-TCHQ,2016,https://thuvienphapluat.vn/van-ban/Xuat-nhap-khau/Thong-bao-3273-TB-TCHQ-ket-qua-phan-loai-Banh-quy-ngot-Five-grain-energy-brown-rice-roll-2016-309905.aspx
3,2625,3266/TB-TCHQ,2016,https://thuvienphapluat.vn/van-ban/Xuat-nhap-khau/Thong-bao-3266-TB-TCHQ-ket-qua-phan-loai-vitamin-Caremom-Vitamin-che-bien-thuc-pham-2016-309899.aspx
3,2626,3267/TB-TCHQ,2016,https://thuvienphapluat.vn/van-ban/Xuat-nhap-khau/Thong-bao-3267-TB-TCHQ-phan-loai-vai-det-kim-thanh-phan-chu-yeu-xo-bong-da-in-nhuom-2016-309900.aspx
3,2627,3268/TB-TCHQ,2016,https://thuvienphapluat.vn/van-ban/Xuat-nhap-khau/Thong-bao-3268-TB-TCHQ-phan-loai-thep-tam-can-nong-khong-hop-kim-S50C-khong-trang-phu-ma-moi-2016-309901.aspx
3,2629,3263/TB-TCHQ,2016,https://thuvienphapluat.vn/van-ban/Xuat-nhap-khau/Thong-bao-3263-TB-TCHQ-ket-qua-phan-loai-Soi-Polyester-xuat-nhap-khau-2016-309700.aspx
3,2632,3257/TB-TCHQ,2016,https://thuvienphapluat.vn/van-ban/Xuat-nhap-khau/Thong-bao-3257-TB-TCHQ-ket-qua-phan-loai-ong-thep-han-ma-kem-nhung-nong-2016-309694.aspx
4,2633,3258/TB-TCHQ,2016,https://thuvienphapluat.vn/van-ban/Xuat-nhap-khau/Thong-bao-3258-TB-TCHQ-ket-qua-phan-loai-ong-thep-hop-kim-ma-kem-khong-han-gian-giao-2016-309695.aspx
4,2634,3259/TB-TCHQ,2016,https://thuvienphapluat.vn/van-ban/Xuat-nhap-khau/Thong-bao-3259-TB-TCHQ-ket-qua-phan-loai-thep-cuon-ma-kem-nhung-nong-can-phang-khong-hop-kim-2016-309696.aspx
4,2635,3260/TB-TCHQ,2016,https://thuvienphapluat.vn/van-ban/Xuat-nhap-khau/Thong-bao-3260-TB-TCHQ-ket-qua-phan-loai-Soi-100-polyester-xuat-nhap-khau-2016-309697.aspx
4,2636,3261/TB-TCHQ,2016,https://thuvienphapluat.vn/van-ban/Xuat-nhap-khau/Thong-bao-3261-TB-TCHQ-ket-qua-phan-loai-nuoc-Dong-trung-ha-thao-Dongchoonghacho-2016-309698.aspx
4,2637,3318/TB-TCHQ,2016,https://thuvienphapluat.vn/van-ban/Xuat-nhap-khau/Thong-bao-3318-TB-TCHQ-ket-qua-phan-loai-chat-de-hoan-tat-SS-8280-dung-trong-cong-nghiep-giay-2016-315369.aspx
4,2638,3304/TB-TCHQ,2016,https://thuvienphapluat.vn/van-ban/Xuat-nhap-khau/Thong-bao-3304-TB-TCHQ-ket-qua-phan-loai-hang-hoa-xuat-nhap-khau-coi-bao-dong-226-ma-2016-315387.aspx
4,2639,3305/TB-TCHQ,2016,https://thuvienphapluat.vn/van-ban/Xuat-nhap-khau/Thong-bao-3305-TB-TCHQ-ket-qua-phan-loai-hang-hoa-xuat-nhap-khau-soi-100-polyester-2016-315388.aspx
4,2640,3317/TB-TCHQ,2016,https://thuvienphapluat.vn/van-ban/Xuat-nhap-khau/Thong-bao-3317-TB-TCHQ-ket-qua-phan-loai-chat-lam-mem-xu-ly-nhuom-mau-soi-xuat-nhap-khau-2016-315389.aspx
4,2641,3302/TB-TCHQ,2016,https://thuvienphapluat.vn/van-ban/Xuat-nhap-khau/Thong-bao-3302-TB-TCHQ-ket-qua-phan-loai-hang-hoa-xuat-nhap-khau-2016-315385.aspx
4,2646,3289/TB-TCHQ,2016,https://thuvienphapluat.vn/van-ban/Xuat-nhap-khau/Thong-bao-3289-TB-TCHQ-ket-qua-phan-loai-hoa-chat-Fumisan-50-cong-nghiep-hoa-chat-2016-310552.aspx
4,2652,3303/TB-TCHQ,2016,https://thuvienphapluat.vn/van-ban/Xuat-nhap-khau/Thong-bao-3303-TB-TCHQ-ket-qua-phan-loai-hang-hoa-xuat-nhap-khau-2016-315386.aspx
4,2653,3299/TB-TCHQ,2016,https://thuvienphapluat.vn/van-ban/Xuat-nhap-khau/Thong-bao-3299-TB-TCHQ-ket-qua-phan-loai-che-pham-bo-sung-huong-lieu-dang-ong-hut-2016-315382.aspx
4,2654,3300/TB-TCHQ,2016,https://thuvienphapluat.vn/van-ban/Xuat-nhap-khau/Thong-bao-3300-TB-TCHQ-ket-qua-phan-loai-nuoc-tang-luc-Bacchus-khong-co-ga-xuat-nhap-khau-2016-315383.aspx
4,2655,3301/TB-TCHQ,2016,https://thuvienphapluat.vn/van-ban/Xuat-nhap-khau/Thong-bao-3301-TB-TCHQ-ket-qua-phan-loai-hang-hoa-xuat-nhap-khau-2016-315384.aspx
4,2656,3296/TB-TCHQ,2016,https://thuvienphapluat.vn/van-ban/Xuat-nhap-khau/Thong-bao-3296-TB-TCHQ-ket-qua-phan-loai-thuc-pham-bao-ve-suc-khoe-alcohol-doctor-2016-315379.aspx
4,2657,3297/TB-TCHQ,2016,https://thuvienphapluat.vn/van-ban/Xuat-nhap-khau/Thong-bao-3297-TB-TCHQ-ket-qua-phan-loai-Che-pham-bo-sung-huong-lieu-dang-ong-hut-Tubulars-2016-315380.aspx
4,2658,3298/TB-TCHQ,2016,https://thuvienphapluat.vn/van-ban/Xuat-nhap-khau/Thong-bao-3298-TB-TCHQ-ket-qua-phan-loai-che-pham-bo-sung-huong-lieu-dang-ong-hut-Tubulars-2016-315381.aspx
4,2659,3293/TB-TCHQ,2016,https://thuvienphapluat.vn/van-ban/Xuat-nhap-khau/Thong-bao-3293-TB-TCHQ-ket-quan-phan-loai-Polymer-polyol-nguyen-sinh-dang-long-2016-310555.aspx
4,2663,3279/TB-TCHQ,2016,https://thuvienphapluat.vn/van-ban/Xuat-nhap-khau/Thong-bao-3279-TB-TCHQ-phan-loai-hang-hoa-xuat-nhap-khau-la-Banh-quy-ngot-vi-trung-2016-310408.aspx
4,2664,3280/TB-TCHQ,2016,https://thuvienphapluat.vn/van-ban/Xuat-nhap-khau/Thong-bao-3280-TB-TCHQ-ket-qua-phan-loai-Banh-quy-ngot-vi-trung-Serena-Sesame-2016-310409.aspx
4,2666,3325/TB-TCHQ,2016,https://thuvienphapluat.vn/van-ban/Xuat-nhap-khau/Thong-bao-3325-TB-TCHQ-ket-qua-phan-loai-soi-carbon-donacarbo-s-247-carbon-fiber-xuat-nhap-khau-2016-315376.aspx
4,2667,3319/TB-TCHQ,2016,https://thuvienphapluat.vn/van-ban/Xuat-nhap-khau/Thong-bao-3319-TB-TCHQ-ket-qua-phan-loai-ruou-xeton-diacetone-alcohol-daa-diacetone-alcohol-2016-315370.aspx
4,2670,3320/TB-TCHQ,2016,https://thuvienphapluat.vn/van-ban/Xuat-nhap-khau/Thong-bao-3320-TB-TCHQ-ket-qua-phan-loai-tinh-mau-color-fine-blue-dung-trong-san-xuat-son-dang-long-2016-315371.aspx
4,2673,3292/TB-TCHQ,2016,https://thuvienphapluat.vn/van-ban/Xuat-nhap-khau/Thong-bao-3292-TB-TCHQ-ket-qua-phan-loai-de-cua-khuon-giu-chan-pin-o-vi-tri-co-dinh-2016-334471.aspx
4,2680,2701/TB-TCHQ,2016,https://thuvienphapluat.vn/van-ban/Xuat-nhap-khau/Thong-bao-2701-TB-TCHQ-phan-loai-che-pham-lam-ben-mau-sau-nhuom-Inorganic-magnesium-salt-ITRI-CU-2016-309951.aspx
5,2681,2698/TB-TCHQ,2016,https://thuvienphapluat.vn/van-ban/Xuat-nhap-khau/Thong-bao-2698-TB-TCHQ-ket-qua-phan-loai-thuoc-khu-trung-loai-khac-2016-309364.aspx
5,2682,2699/TB-TCHQ,2016,https://thuvienphapluat.vn/van-ban/Xuat-nhap-khau/Thong-bao-2699-TB-TCHQ-ket-qua-phan-loai-chat-hoat-dong-be-mat-Anionic-2016-309365.aspx
5,2684,2702/TB-TCHQ,2016,https://thuvienphapluat.vn/van-ban/Xuat-nhap-khau/Thong-bao-2702-TB-TCHQ-ket-qua-phan-loai-STPP-WA-22-xuat-nhap-khau-2016-309366.aspx
5,2687,2696/TB-TCHQ,2016,https://thuvienphapluat.vn/van-ban/Xuat-nhap-khau/Thong-bao-2696-TB-TCHQ-ket-qua-phan-loai-chat-hoat-dong-be-mat-Anionic-EMAL-10G-3-2016-309950.aspx
5,2688,2706/TB-TCHQ,2016,https://thuvienphapluat.vn/van-ban/Xuat-nhap-khau/Thong-bao-2706-TB-TCHQ-ket-qua-phan-loai-Chat-xu-ly-hoan-tat-cong-nghiep-thuoc-da-2016-309369.aspx
5,2690,2693/TB-TCHQ,2016,https://thuvienphapluat.vn/van-ban/Xuat-nhap-khau/Thong-bao-2693-TB-TCHQ-ket-qua-phan-loai-chat-hoat-dong-be-mat-Anionic-SEC-1222-2016-309362.aspx
5,2695,1881/TB-TCHQ,2016,https://thuvienphapluat.vn/van-ban/Xuat-nhap-khau/Thong-bao-1881-TB-TCHQ-ket-qua-xac-dinh-truoc-ma-so-2016-305834.aspx
5,2696,1644/TB-TCHQ,2016,https://thuvienphapluat.vn/van-ban/Xuat-nhap-khau/Thong-bao-1644-TB-TCHQ-phan-loai-hang-hoa-xuat-nhap-khau-la-Compound-of-surfactant-2016-310424.aspx
5,2697,1648/TB-TCHQ,2016,https://thuvienphapluat.vn/van-ban/Xuat-nhap-khau/Thong-bao-1648-TB-TCHQ-ket-qua-phan-loai-than-cui-dot-tu-go-rung-trong-2016-310405.aspx
5,2699,1651/TB-TCHQ,2016,https://thuvienphapluat.vn/van-ban/Xuat-nhap-khau/Thong-bao-1651-TB-TCHQ-ket-qua-phan-loai-Hat-nhua-Asakurin-xuat-nhap-khau-2016-309948.aspx
5,2700,1649/TB-TCHQ,2016,https://thuvienphapluat.vn/van-ban/Xuat-nhap-khau/Thong-bao-1649-TB-TCHQ-ket-qua-phan-loai-hat-nhua-RESIN-PC-GSN-2030KR-9001B-2016-309947.aspx
5,2701,1643/TB-TCHQ,2016,https://thuvienphapluat.vn/van-ban/Xuat-nhap-khau/Thong-bao-1643-TB-TCHQ-ket-qua-phan-loai-SAA-compound-of-surfactant-xuat-nhap-khau-2016-309945.aspx
5,2702,1645/TB-TCHQ,2016,https://thuvienphapluat.vn/van-ban/Xuat-nhap-khau/Thong-bao-1645-TB-TCHQ-ket-qua-phan-loai-than-cui-dot-tu-go-rung-trong-moi-2016-309946.aspx
5,2703,1646/TB-TCHQ,2016,https://thuvienphapluat.vn/van-ban/Xuat-nhap-khau/Thong-bao-1646-TB-TCHQ-phan-loai-hang-hoa-xuat-nhap-khau-la-Dat-set-cao-lanh-dang-bot-2016-310425.aspx
5,2704,1647/TB-TCHQ,2016,https://thuvienphapluat.vn/van-ban/Xuat-nhap-khau/Thong-bao-1647-TB-TCHQ-ket-qua-phan-loai-than-cui-dot-tu-go-rung-trong-2016-310404.aspx
5,2705,849/TB-TCHQ,2016,https://thuvienphapluat.vn/van-ban/Xuat-nhap-khau/Thong-bao-849-TB-TCHQ-phan-loai-hang-hoa-xuat-nhap-khau-chat-huu-co-hoat-dong-be-mat-2016-317908.aspx
5,2711,841/TB-TCHQ,2016,https://thuvienphapluat.vn/van-ban/Xuat-nhap-khau/Thong-bao-841-TB-TCHQ-ket-qua-phan-loai-che-pham-hoa-chat-sap-chat-hoat-dong-be-mat-dang-long-2016-317877.aspx
5,2715,825/TB-TCHQ,2016,https://thuvienphapluat.vn/van-ban/Xuat-nhap-khau/Thong-bao-825-TB-TCHQ-phan-loai-hang-hoa-xuat-nhap-khau-hop-chat-lam-on-dinh-plastic-2016-317922.aspx
5,2723,846/TB-TCHQ,2016,https://thuvienphapluat.vn/van-ban/Xuat-nhap-khau/Thong-bao-846-TB-TCHQ-phan-loai-hang-hoa-xuat-nhap-khau-chat-huu-co-hoat-dong-be-mat-2016-317905.aspx
5,2731,832/TB-TCHQ,2016,https://thuvienphapluat.vn/van-ban/Xuat-nhap-khau/Thong-bao-832-TB-TCHQ-phan-loai-hang-hoa-xuat-nhap-khau-trang-thach-co-nhieu-cong-dung-2016-317929.aspx
5,2742,843/TB-TCHQ,2016,https://thuvienphapluat.vn/van-ban/Xuat-nhap-khau/Thong-bao-843-TB-TCHQ-phan-loai-hang-hoa-xuat-nhap-khau-dat-set-hoat-tinh-2016-317879.aspx
5,2743,817/TB-TCHQ,2016,https://thuvienphapluat.vn/van-ban/Xuat-nhap-khau/Thong-bao-817-TB-TCHQ-ket-qua-phan-loai-polyme-silicone-nguyen-sinh-dang-phan-tan-2016-317936.aspx
5,2746,682/TB-TCHQ,2016,https://thuvienphapluat.vn/van-ban/Xuat-nhap-khau/Thong-bao-682-TB-TCHQ-ket-qua-phan-loai-chat-bo-sung-dung-de-pha-muoi-thiec-2016-317746.aspx
5,2749,681/TB-TCHQ,2016,https://thuvienphapluat.vn/van-ban/Xuat-nhap-khau/Thong-bao-681-TB-TCHQ-ket-qua-phan-loai-hoa-chat-cong-nghiep-ky-thuat-2016-317745.aspx
5,2750,689/TB-TCHQ,2016,https://thuvienphapluat.vn/van-ban/Xuat-nhap-khau/Thong-bao-689-TB-TCHQ-ket-qua-phan-loai-den-thap-2016-317753.aspx
6,2756,693/TB-TCHQ,2016,https://thuvienphapluat.vn/van-ban/Xuat-nhap-khau/Thong-bao-693-TB-TCHQ-ket-qua-phan-loai-bo-cam-bien-ap-suat-2016-317714.aspx
6,2757,686/TB-TCHQ,2016,https://thuvienphapluat.vn/van-ban/Xuat-nhap-khau/Thong-bao-686-TB-TCHQ-ket-qua-phan-loai-clay-bot-cao-lanh-2016-317750.aspx
6,2762,706/TB-TCHQ,2016,https://thuvienphapluat.vn/van-ban/Xuat-nhap-khau/Thong-bao-706-TB-TCHQ-ket-qua-phan-loai-son-bong-tu-polymer-Acrylic-2016-317725.aspx
6,2763,707/TB-TCHQ,2016,https://thuvienphapluat.vn/van-ban/Xuat-nhap-khau/Thong-bao-707-TB-TCHQ-ket-qua-phan-loai-thuoc-mau-phan-tan-de-san-xuat-son-2016-317726.aspx
6,2765,680/TB-TCHQ,2016,https://thuvienphapluat.vn/van-ban/Xuat-nhap-khau/Thong-bao-680-TB-TCHQ-ket-qua-phan-loai-chat-xuc-tac-ET-102-2016-317744.aspx
6,2766,678/TB-TCHQ,2016,https://thuvienphapluat.vn/van-ban/Xuat-nhap-khau/Thong-bao-678-TB-TCHQ-ket-qua-phan-loai-Ruou-Alcohol-Ethoxylate-2016-317740.aspx
6,2768,695/TB-TCHQ,2016,https://thuvienphapluat.vn/van-ban/Xuat-nhap-khau/Thong-bao-695-TB-TCHQ-ket-qua-phan-loai-bo-dieu-khien-nhiet-do-2016-317716.aspx
6,2769,679/TB-TCHQ,2016,https://thuvienphapluat.vn/van-ban/Xuat-nhap-khau/Thong-bao-679-TB-TCHQ-ket-qua-phan-loai-hoa-chat-dung-de-lam-xuc-tac-2016-317743.aspx
6,2772,700/TB-TCHQ,2016,https://thuvienphapluat.vn/van-ban/Xuat-nhap-khau/Thong-bao-700-TB-TCHQ-ket-qua-phan-loai-may-cham-cong-bang-nhan-dang-khuon-mat-the-tu-2016-317723.aspx
6,2779,645/TB-TCHQ,2016,https://thuvienphapluat.vn/van-ban/Xuat-nhap-khau/Thong-bao-645-TB-TCHQ-ket-qua-phan-loai-zz000-b0861-bindemedel-2016-317697.aspx
6,2780,648/TB-TCHQ,2016,https://thuvienphapluat.vn/van-ban/Xuat-nhap-khau/Thong-bao-648-TB-TCHQ-ket-qua-phan-loai-chat-ngam-da-2016-317700.aspx
6,2781,655/TB-TCHQ,2016,https://thuvienphapluat.vn/van-ban/Xuat-nhap-khau/Thong-bao-655-TB-TCHQ-ket-qua-phan-loai-che-pham-xuc-tac-chua-duoc-chi-tiet-hoac-ghi-o-noi-khac-2016-317668.aspx
6,2790,646/TB-TCHQ,2016,https://thuvienphapluat.vn/van-ban/Xuat-nhap-khau/Thong-bao-646-TB-TCHQ-ket-qua-phan-loai-foaming-agent-p91-nguyen-lieu-san-xuat-keo-2016-317698.aspx
6,2795,647/TB-TCHQ,2016,https://thuvienphapluat.vn/van-ban/Xuat-nhap-khau/Thong-bao-647-TB-TCHQ-ket-qua-phan-loai-giay-tu-dinh-2016-317699.aspx
6,2799,572/TB-TCHQ,2016,https://thuvienphapluat.vn/van-ban/Xuat-nhap-khau/Thong-bao-572-TB-TCHQ-phan-loai-hang-hoa-xuat-nhap-khau-chat-diet-khuan-dung-nganh-mia-duong-2016-317805.aspx
6,2800,577/TB-TCHQ,2016,https://thuvienphapluat.vn/van-ban/Xuat-nhap-khau/Thong-bao-577-TB-TCHQ-phan-loai-hang-hoa-xuat-nhap-khau-chi-nhua-reinweib-dang-cuon-2016-317810.aspx
6,2803,576/TB-TCHQ,2016,https://thuvienphapluat.vn/van-ban/Xuat-nhap-khau/Thong-bao-576-TB-TCHQ-phan-loai-hang-hoa-xuat-nhap-khau-chat-huu-co-hoat-dong-be-mat-ran-2016-317809.aspx
6,2809,566/TB-TCHQ,2016,https://thuvienphapluat.vn/van-ban/Xuat-nhap-khau/Thong-bao-566-TB-TCHQ-ket-qua-phan-loai-polyoxypropylene-methyl-Glucoside-2016-317799.aspx
6,2819,559/TB-TCHQ,2016,https://thuvienphapluat.vn/van-ban/Xuat-nhap-khau/Thong-bao-559-TB-TCHQ-phan-loai-chat-de-hoan-tat-printed-medium-2016-317591.aspx
6,2824,548/TB-TCHQ,2016,https://thuvienphapluat.vn/van-ban/Xuat-nhap-khau/Thong-bao-548-TB-TCHQ-phan-loai-hoa-chat-huu-co-2016-317600.aspx
6,2825,564/TB-TCHQ,2016,https://thuvienphapluat.vn/van-ban/Xuat-nhap-khau/Thong-bao-564-TB-TCHQ-phan-loai-bo-keo-kinh-che-mat-2016-317596.aspx
6,2826,560/TB-TCHQ,2016,https://thuvienphapluat.vn/van-ban/Xuat-nhap-khau/Thong-bao-560-TB-TCHQ-ket-qua-phan-loai-thuc-pham-chuc-nang-Pure-White-W-long-2016-317592.aspx
6,2828,522/TB-TCHQ,2016,https://thuvienphapluat.vn/van-ban/Xuat-nhap-khau/Thong-bao-522-TB-TCHQ-phan-loai-chat-tao-mang-phan-tu-cung-cap-do-am-tu-nhien-2016-317628.aspx
6,2834,547/TB-TCHQ,2016,https://thuvienphapluat.vn/van-ban/Xuat-nhap-khau/Thong-bao-547-TB-TCHQ-phan-loai-hon-hop-acid-huu-co-cai-thien-hieu-qua-dinh-duong-cho-vat-nuoi-2016-317599.aspx
6,2838,521/TB-TCHQ,2016,https://thuvienphapluat.vn/van-ban/Xuat-nhap-khau/Thong-bao-521-TB-TCHQ-phan-loai-doi-voi-than-go-bach-dan-2016-317627.aspx
7,2840,485/TB-TCHQ,2016,https://thuvienphapluat.vn/van-ban/Xuat-nhap-khau/Thong-bao-485-TB-TCHQ-phan-loai-bot-men-K200-lam-phu-gia-san-xuat-men-frit-2016-317498.aspx
7,2842,472/TB-TCHQ,2016,https://thuvienphapluat.vn/van-ban/Xuat-nhap-khau/Thong-bao-472-TB-TCHQ-phan-loai-dung-dich-hieu-chuan-dau-do-do-PH-2016-317507.aspx
7,2843,477/TB-TCHQ,2016,https://thuvienphapluat.vn/van-ban/Xuat-nhap-khau/Thong-bao-477-TB-TCHQ-phan-loai-phu-gia-chat-ket-dinh-UREA-2016-317512.aspx
7,2844,478/TB-TCHQ,2016,https://thuvienphapluat.vn/van-ban/Xuat-nhap-khau/Thong-bao-478-TB-TCHQ-phan-loai-nguyen-lieu-cho-chat-ket-dinh-PEGAR-1930-2016-317513.aspx
7,2848,479/TB-TCHQ,2016,https://thuvienphapluat.vn/van-ban/Xuat-nhap-khau/Thong-bao-479-TB-TCHQ-phan-loai-nguyen-lieu-cho-chat-ket-dinh-xuat-nhap-khau-2016-317514.aspx
7,2849,487/TB-TCHQ,2016,https://thuvienphapluat.vn/van-ban/Xuat-nhap-khau/Thong-bao-487-TB-TCHQ-phan-loai-vai-da-nhuom-100-Polyester-tu-soi-filament-tai-tao-2016-317500.aspx
7,2856,471/TB-TCHQ,2016,https://thuvienphapluat.vn/van-ban/Xuat-nhap-khau/Thong-bao-471-TB-TCHQ-phan-loai-phu-gia-thuc-pham-2016-317456.aspx
7,2858,475/TB-TCHQ,2016,https://thuvienphapluat.vn/van-ban/Xuat-nhap-khau/Thong-bao-475-TB-TCHQ-phan-loai-chat-phu-gia-chat-ket-dinh-YG-15-2016-317510.aspx
7,2867,473/TB-TCHQ,2016,https://thuvienphapluat.vn/van-ban/Xuat-nhap-khau/Thong-bao-473-TB-TCHQ-phan-loai-dung-dich-de-hieu-chuan-dau-do-do-PH-2016-317508.aspx
7,2868,464/TB-TCHQ,2016,https://thuvienphapluat.vn/van-ban/Xuat-nhap-khau/Thong-bao-464-TB-TCHQ-phan-loai-dan-xuat-benzen-mach-thang-axit-sunphonic-2016-317428.aspx
7,2870,482/TB-TCHQ,2016,https://thuvienphapluat.vn/van-ban/Xuat-nhap-khau/Thong-bao-482-TB-TCHQ-phan-loai-thep-day-hop-kim-can-nong-dang-cuon-2016-317459.aspx
7,2871,466/TB-TCHQ,2016,https://thuvienphapluat.vn/van-ban/Xuat-nhap-khau/Thong-bao-466-TB-TCHQ-phan-loai-chat-tro-nhuom-1-xuat-nhap-khau-2016-317492.aspx
7,2874,428/TB-TCHQ,2016,https://thuvienphapluat.vn/van-ban/Xuat-nhap-khau/Thong-bao-428-TB-TCHQ-ket-qua-phan-loai-hop-chat-huu-co-2016-306225.aspx
7,2875,429/TB-TCHQ,2016,https://thuvienphapluat.vn/van-ban/Xuat-nhap-khau/Thong-bao-429-TB-TCHQ-ket-qua-phan-loai-hop-chat-huu-co-xuat-nhap-khau-2016-306145.aspx
7,2876,430/TB-TCHQ,2016,https://thuvienphapluat.vn/van-ban/Xuat-nhap-khau/Thong-bao-430-TB-TCHQ-ket-qua-phan-loai-hop-chat-huu-co-xuat-nhap-khau-2016-306146.aspx
7,2881,427/TB-TCHQ,2016,https://thuvienphapluat.vn/van-ban/Xuat-nhap-khau/Thong-bao-427-TB-TCHQ-ket-qua-phan-loai-chat-tro-gia-cong-cho-nhua-xuat-nhap-khau-2016-306224.aspx
7,2885,414/TB-TCHQ,2016,https://thuvienphapluat.vn/van-ban/Xuat-nhap-khau/Thong-bao-414-TB-TCHQ-ket-qua-phan-loai-hoa-chat-cong-nghiep-Zinc-Stearate-2016-306308.aspx
7,2886,398/TB-TCHQ,2016,https://thuvienphapluat.vn/van-ban/Xuat-nhap-khau/Thong-bao-398-TB-TCHQ-ket-qua-phan-loai-che-pham-hoa-hoc-nganh-duc-2016-306304.aspx
7,2888,385/TB-TCHQ,2016,https://thuvienphapluat.vn/van-ban/Xuat-nhap-khau/Thong-bao-385-TB-TCHQ-ket-qua-phan-loai-thep-thanh-hop-kim-dang-cuon-2016-306501.aspx
7,2890,391/TB-TCHQ,2016,https://thuvienphapluat.vn/van-ban/Xuat-nhap-khau/Thong-bao-391-TB-TCHQ-ket-qua-phan-loai-mex-vai-khong-det-soi-Polyeste-2016-306502.aspx
7,2891,388/TB-TCHQ,2016,https://thuvienphapluat.vn/van-ban/Xuat-nhap-khau/Thong-bao-388-TB-TCHQ-ket-qua-phan-loai-que-thep-khong-hop-kim-2016-306351.aspx
7,2892,396/TB-TCHQ,2016,https://thuvienphapluat.vn/van-ban/Xuat-nhap-khau/Thong-bao-396-TB-TCHQ-ket-qua-phan-loai-che-pham-hoa-hoc-dung-trong-nganh-duc-2016-306354.aspx
7,2894,383/TB-TCHQ,2016,https://thuvienphapluat.vn/van-ban/Xuat-nhap-khau/Thong-bao-383-TB-TCHQ-ket-qua-phan-loai-huong-mang-cau-che-bien-thuc-pham-2016-306500.aspx
7,2896,400/TB-TCHQ,2016,https://thuvienphapluat.vn/van-ban/Xuat-nhap-khau/Thong-bao-400-TB-TCHQ-ket-qua-phan-loai-huong-sua-tuoi-dang-long-2016-306503.aspx
7,2897,393/TB-TCHQ,2016,https://thuvienphapluat.vn/van-ban/Xuat-nhap-khau/Thong-bao-393-TB-TCHQ-ket-qua-phan-loai-che-pham-hoa-hoc-nganh-duc-chat-danh-xi-Zinlux-2016-306899.aspx
8,2903,389/TB-TCHQ,2016,https://thuvienphapluat.vn/van-ban/Xuat-nhap-khau/Thong-bao-389-TB-TCHQ-ket-qua-phan-loai-goi-chau-bang-thep-2016-306352.aspx
8,2905,415/TB-TCHQ,2016,https://thuvienphapluat.vn/van-ban/Xuat-nhap-khau/Thong-bao-415-TB-TCHQ-ket-qua-phan-loai-chat-tao-ran-cho-nhua-poly-este-2016-306953.aspx
8,2907,392/TB-TCHQ,2016,https://thuvienphapluat.vn/van-ban/Xuat-nhap-khau/Thong-bao-392-TB-TCHQ-ket-qua-phan-loai-hoa-chat-huu-co-EB-Solvent-2016-306302.aspx
8,2909,399/TB-TCHQ,2016,https://thuvienphapluat.vn/van-ban/Xuat-nhap-khau/Thong-bao-399-TB-TCHQ-ket-qua-phan-loai-che-pham-hoa-hoc-nganh-duc-chat-danh-xi-alulux-111-bot-2016-306950.aspx
8,2911,401/TB-TCHQ,2016,https://thuvienphapluat.vn/van-ban/Xuat-nhap-khau/Thong-bao-401-TB-TCHQ-ket-qua-phan-loai-che-pham-hoa-hoc-nganh-duc-vien-duoi-khi-Alugas-2016-306504.aspx
8,2914,390/TB-TCHQ,2016,https://thuvienphapluat.vn/van-ban/Xuat-nhap-khau/Thong-bao-390-TB-TCHQ-ket-qua-phan-loai-cao-su-tong-hop-Butadiene-rubber-B-65HA-2016-306143.aspx
8,2915,386/TB-TCHQ,2016,https://thuvienphapluat.vn/van-ban/Xuat-nhap-khau/Thong-bao-386-TB-TCHQ-ket-qua-phan-loai-thep-dap-phe-lieu-2016-306350.aspx
8,2917,402/TB-TCHQ,2016,https://thuvienphapluat.vn/van-ban/Xuat-nhap-khau/Thong-bao-402-TB-TCHQ-ket-qua-phan-loai-chat-tay-rua-2016-306355.aspx
8,2918,395/TB-TCHQ,2016,https://thuvienphapluat.vn/van-ban/Xuat-nhap-khau/Thong-bao-395-TB-TCHQ-ket-qua-phan-loai-chat-danh-xi-RFF-106-2016-306353.aspx
8,2921,404/TB-TCHQ,2016,https://thuvienphapluat.vn/van-ban/Xuat-nhap-khau/Thong-bao-404-TB-TCHQ-ket-qua-phan-loai-hoa-chat-tro-nhuom-luoi-danh-ca-2016-306506.aspx
8,2922,397/TB-TCHQ,2016,https://thuvienphapluat.vn/van-ban/Xuat-nhap-khau/Thong-bao-397-TB-TCHQ-ket-qua-phan-loai-che-pham-hoa-hoc-nganh-duc-chat-danh-xi-Maglux-3-2016-306900.aspx
8,2925,403/TB-TCHQ,2016,https://thuvienphapluat.vn/van-ban/Xuat-nhap-khau/Thong-bao-403-TB-TCHQ-ket-qua-phan-loai-chat-xuc-tac-tao-be-mat-dinh-qua-trinh-ma-WPP01-2016-306505.aspx
8,2927,306/TB-TCHQ,2016,https://thuvienphapluat.vn/van-ban/Xuat-nhap-khau/Thong-bao-306-TB-TCHQ-ket-qua-phan-loai-hang-hoa-xuat-nhap-khau-chat-chong-tao-bot-2016-315494.aspx
8,2930,320/TB-TCHQ,2016,https://thuvienphapluat.vn/van-ban/Xuat-nhap-khau/Thong-bao-320-TB-TCHQ-ket-qua-phan-loai-hang-hoa-xuat-nhap-khau-sten-dong-2016-315507.aspx
8,2931,286/TB-TCHQ,2016,https://thuvienphapluat.vn/van-ban/Xuat-nhap-khau/Thong-bao-286-TB-TCHQ-ket-qua-phan-loai-hang-hoa-xuat-nhap-khau-Nhua-Polyester-2016-315335.aspx
8,2932,292/TB-TCHQ,2016,https://thuvienphapluat.vn/van-ban/Xuat-nhap-khau/Thong-bao-292-TB-TCHQ-ket-qua-phan-loai-hang-hoa-xuat-nhap-khau-polyol-nguyen-sinh-dang-long-2016-315340.aspx
8,2933,317/TB-TCHQ,2016,https://thuvienphapluat.vn/van-ban/Xuat-nhap-khau/Thong-bao-317-TB-TCHQ-ket-qua-phan-loai-hang-hoa-xuat-nhap-khau-chat-tao-mau-2016-315505.aspx
8,2934,323/TB-TCHQ,2016,https://thuvienphapluat.vn/van-ban/Xuat-nhap-khau/Thong-bao-323-TB-TCHQ-ket-qua-phan-loai-hang-hoa-xuat-nhap-khau-da-mai-gach-bang-kim-cuong-2016-315509.aspx
8,2935,304/TB-TCHQ,2016,https://thuvienphapluat.vn/van-ban/Xuat-nhap-khau/Thong-bao-304-TB-TCHQ-ket-qua-phan-loai-hang-hoa-xuat-nhap-khau-dung-dich-lam-dac-2016-315492.aspx
8,2937,282/TB-TCHQ,2016,https://thuvienphapluat.vn/van-ban/Xuat-nhap-khau/Thong-bao-282-TB-TCHQ-ket-qua-phan-loai-chat-tao-san-lam-nguyen-lieu-san-xuat-son-bot-tinh-dien-2016-310750.aspx
8,2939,319/TB-TCHQ,2016,https://thuvienphapluat.vn/van-ban/Xuat-nhap-khau/Thong-bao-319-TB-TCHQ-ket-qua-phan-loai-hang-hoa-xuat-nhap-khau-sten-dong-2016-315506.aspx
8,2941,269/TB-TCHQ,2016,https://thuvienphapluat.vn/van-ban/Xuat-nhap-khau/Thong-bao-269-TB-TCHQ-ket-qua-phan-loai-hang-hoa-xuat-nhap-khau-Sten-Dong-2016-315326.aspx
8,2942,302/TB-TCHQ,2016,https://thuvienphapluat.vn/van-ban/Xuat-nhap-khau/Thong-bao-302-TB-TCHQ-ket-qua-phan-loai-hang-hoa-xuat-nhap-khau-dung-dich-chong-oxi-hoa-2016-315490.aspx
8,2943,294/TB-TCHQ,2016,https://thuvienphapluat.vn/van-ban/Xuat-nhap-khau/Thong-bao-294-TB-TCHQ-ket-qua-phan-loai-hang-hoa-xuat-nhap-khau-2016-315341.aspx
8,2944,267/TB-TCHQ,2016,https://thuvienphapluat.vn/van-ban/Xuat-nhap-khau/Thong-bao-267-TB-TCHQ-ket-qua-phan-loai-hang-hoa-xuat-nhap-khau-Sten-Dong-2016-315324.aspx
9,2946,303/TB-TCHQ,2016,https://thuvienphapluat.vn/van-ban/Xuat-nhap-khau/Thong-bao-303-TB-TCHQ-ket-qua-phan-loai-hang-hoa-xuat-nhap-khau-dung-dich-chong-oxi-hoa-2016-315491.aspx
9,2947,322/TB-TCHQ,2016,https://thuvienphapluat.vn/van-ban/Xuat-nhap-khau/Thong-bao-322-TB-TCHQ-phan-loai-cao-su-nguyen-sinh-dang-long-san-xuat-keo-chat-pha-keo-2016-310550.aspx
9,2948,287/TB-TCHQ,2016,https://thuvienphapluat.vn/van-ban/Xuat-nhap-khau/Thong-bao-287-TB-TCHQ-ket-qua-phan-loai-hang-hoa-xuat-nhap-khau-Chat-lam-ben-vai-2016-315336.aspx
9,2949,283/TB-TCHQ,2016,https://thuvienphapluat.vn/van-ban/Xuat-nhap-khau/Thong-bao-283-TB-TCHQ-ket-qua-phan-loai-hang-hoa-xuat-nhap-khau-chat-tang-bong-2016-315331.aspx
9,2950,270/TB-TCHQ,2016,https://thuvienphapluat.vn/van-ban/Xuat-nhap-khau/Thong-bao-270-TB-TCHQ-ket-qua-phan-loai-hang-hoa-xuat-nhap-khau-sten-dong-2016-315327.aspx
9,2951,295/TB-TCHQ,2016,https://thuvienphapluat.vn/van-ban/Xuat-nhap-khau/Thong-bao-295-TB-TCHQ-ket-qua-phan-loai-hang-hoa-xuat-nhap-khau-chat-de-hoan-tat-vai-det-2016-315489.aspx
9,2952,311/TB-TCHQ,2016,https://thuvienphapluat.vn/van-ban/Xuat-nhap-khau/Thong-bao-311-TB-TCHQ-ket-qua-phan-loai-hang-hoa-xuat-nhap-khau-vai-cac-loai-2016-315499.aspx
9,2953,305/TB-TCHQ,2016,https://thuvienphapluat.vn/van-ban/Xuat-nhap-khau/Thong-bao-305-TB-TCHQ-ket-qua-phan-loai-hang-hoa-xuat-nhap-khau-chat-tao-ket-dinh-2016-315493.aspx
9,2954,293/TB-TCHQ,2016,https://thuvienphapluat.vn/van-ban/Xuat-nhap-khau/Thong-bao-293-TB-TCHQ-ket-qua-phan-loai-hop-chat-cong-nghiep-trang-phu-vai-det-xuat-nhap-khau-2016-315488.aspx
9,2956,308/TB-TCHQ,2016,https://thuvienphapluat.vn/van-ban/Xuat-nhap-khau/Thong-bao-308-TB-TCHQ-ket-qua-phan-loai-hang-hoa-xuat-nhap-khau-huong-lieu-2016-315496.aspx
9,2957,313/TB-TCHQ,2016,https://thuvienphapluat.vn/van-ban/Xuat-nhap-khau/Thong-bao-313-TB-TCHQ-ket-qua-phan-loai-hang-hoa-xuat-nhap-khau-Frasperse-Red-PR-1228-2016-315501.aspx
9,2958,314/TB-TCHQ,2016,https://thuvienphapluat.vn/van-ban/Xuat-nhap-khau/Thong-bao-314-TB-TCHQ-ket-qua-phan-loai-hang-hoa-xuat-nhap-khau-hat-nhua-chinh-pham-nguyen-sinh-2016-315502.aspx
9,2960,271/TB-TCHQ,2016,https://thuvienphapluat.vn/van-ban/Xuat-nhap-khau/Thong-bao-271-TB-TCHQ-ket-qua-phan-loai-hang-hoa-xuat-nhap-khau-Phu-tung-xe-may-2016-315328.aspx
9,2961,285/TB-TCHQ,2016,https://thuvienphapluat.vn/van-ban/Xuat-nhap-khau/Thong-bao-285-TB-TCHQ-ket-qua-phan-loai-hop-bao-ve-rep-quang-xuat-nhap-khau-2016-315334.aspx
9,2962,309/TB-TCHQ,2016,https://thuvienphapluat.vn/van-ban/Xuat-nhap-khau/Thong-bao-309-TB-TCHQ-ket-qua-phan-loai-hang-hoa-xuat-nhap-khau-Vai-det-kim-2016-315497.aspx
9,2963,316/TB-TCHQ,2016,https://thuvienphapluat.vn/van-ban/Xuat-nhap-khau/Thong-bao-316-TB-TCHQ-ket-qua-phan-loai-hang-hoa-xuat-nhap-khau-che-pham-xuc-tac-2016-315504.aspx
9,2964,296/TB-TCHQ,2016,https://thuvienphapluat.vn/van-ban/Xuat-nhap-khau/Thong-bao-296-TB-TCHQ-ket-qua-phan-loai-hang-hoa-xuat-nhap-khau-2016-315342.aspx
9,2965,321/TB-TCHQ,2016,https://thuvienphapluat.vn/van-ban/Xuat-nhap-khau/Thong-bao-321-TB-TCHQ-ket-qua-phan-loai-hang-hoa-xuat-nhap-khau-sten-dong-2016-315508.aspx
9,2967,289/TB-TCHQ,2016,https://thuvienphapluat.vn/van-ban/Xuat-nhap-khau/Thong-bao-289-TB-TCHQ-ket-qua-phan-loai-mang-plastic-2-lop-chua-hinh-da-in-chu-2016-306892.aspx
9,2968,318/TB-TCHQ,2016,https://thuvienphapluat.vn/van-ban/Xuat-nhap-khau/Thong-bao-318-TB-TCHQ-ket-qua-phan-loai-sten-dong-xuat-nhap-khau-2016-306898.aspx
9,2969,301/TB-TCHQ,2016,https://thuvienphapluat.vn/van-ban/Xuat-nhap-khau/Thong-bao-301-TB-TCHQ-ket-qua-phan-loai-nhua-tang-do-dinh-super-ester-kr1380-2016-306897.aspx
9,2970,280/TB-TCHQ,2016,https://thuvienphapluat.vn/van-ban/Xuat-nhap-khau/Thong-bao-280-TB-TCHQ-ket-qua-phan-loai-hat-nhua-trao-doi-ion-DIAON-HPA-516-2016-306891.aspx
9,2971,300/TB-TCHQ,2016,https://thuvienphapluat.vn/van-ban/Xuat-nhap-khau/Thong-bao-300-TB-TCHQ-ket-qua-phan-loai-bot-long-vu-nguyen-lieu-san-xuat-thuc-an-chan-nuoi-2016-306896.aspx
9,2972,299/TB-TCHQ,2016,https://thuvienphapluat.vn/van-ban/Xuat-nhap-khau/Thong-bao-299-TB-TCHQ-ket-qua-phan-loai-cap-xoan-cach-dien-bang-plastic-LFQ-1430-135-2016-306895.aspx
9,2974,290/TB-TCHQ,2016,https://thuvienphapluat.vn/van-ban/Xuat-nhap-khau/Thong-bao-290-TB-TCHQ-ket-qua-phan-loai-hang-hoa-xuat-nhap-khau-polyeste-no-dang-long-2016-315338.aspx
10,2975,291/TB-TCHQ,2016,https://thuvienphapluat.vn/van-ban/Xuat-nhap-khau/Thong-bao-291-TB-TCHQ-ket-qua-phan-loai-hang-hoa-xuat-nhap-khau-vai-cac-loai-2016-315339.aspx
10,2976,288/TB-TCHQ,2016,https://thuvienphapluat.vn/van-ban/Xuat-nhap-khau/Thong-bao-288-TB-TCHQ-ket-qua-phan-loai-hang-hoa-xuat-nhap-khau-Hat-nhua-2016-315337.aspx
10,2977,213/TB-TCHQ,2016,https://thuvienphapluat.vn/van-ban/Xuat-nhap-khau/Thong-bao-213-TB-TCHQ-phan-loai-chat-lam-ben-dung-trong-san-xuat-gang-tay-cao-su-y-te-Teric-320-2016-323005.aspx
10,2978,227/TB-TCHQ,2016,https://thuvienphapluat.vn/van-ban/Xuat-nhap-khau/Thong-bao-227-TB-TCHQ-ket-qua-phan-loai-hang-hoa-xuat-nhap-khau-Thuoc-nhuom-hoat-tinh-SK-1000-2016-306082.aspx
10,2979,221/TB-TCHQ,2016,https://thuvienphapluat.vn/van-ban/Xuat-nhap-khau/Thong-bao-221-TB-TCHQ-ket-qua-phan-loai-SSA-Sodium-sulfite-xuat-nhap-khau-2016-306071.aspx
10,2980,224/TB-TCHQ,2016,https://thuvienphapluat.vn/van-ban/Xuat-nhap-khau/Thong-bao-224-TB-TCHQ-ket-qua-phan-loai-chat-chong-lang-can-lam-sach-duong-ong-xuat-nhap-khau-2016-306080.aspx
10,2981,212/TB-TCHQ,2016,https://thuvienphapluat.vn/van-ban/Xuat-nhap-khau/Thong-bao-212-TB-TCHQ-ket-qua-phan-loai-tam-lot-bang-chat-lieu-PU-xuat-nhap-khau-2016-306078.aspx
10,2982,222/TB-TCHQ,2016,https://thuvienphapluat.vn/van-ban/Xuat-nhap-khau/Thong-bao-222-TB-TCHQ-ket-qua-phan-loai-LMG-textile-finishing-agent-xuat-nhap-khau-2016-306072.aspx
10,2983,220/TB-TCHQ,2016,https://thuvienphapluat.vn/van-ban/Xuat-nhap-khau/Thong-bao-220-TB-TCHQ-ket-qua-phan-loai-chat-tro-nhuom-6-xuat-nhap-khau-2016-306070.aspx
10,2984,214/TB-TCHQ,2016,https://thuvienphapluat.vn/van-ban/Xuat-nhap-khau/Thong-bao-214-TB-TCHQ-phan-loai-nhu-tuong-sap-chong-tao-khoi-dong-san-xuat-gang-tay-cao-su-y-te-2016-306064.aspx
10,2985,199/TB-TCHQ,2016,https://thuvienphapluat.vn/van-ban/Xuat-nhap-khau/Thong-bao-199-TB-TCHQ-ket-qua-phan-loai-xuat-nhap-khau-chat-Buthyacetate-2016-306096.aspx
10,2986,231/TB-TCHQ,2016,https://thuvienphapluat.vn/van-ban/Xuat-nhap-khau/Thong-bao-231-TB-TCHQ-ket-qua-phan-loai-che-pham-hoa-hoc-dung-trong-xi-ma-2016-306216.aspx
10,2987,197/TB-TCHQ,2016,https://thuvienphapluat.vn/van-ban/Xuat-nhap-khau/Thong-bao-197-TB-TCHQ-ket-qua-phan-loai-tham-trai-san-xuat-nhap-khau-Tham-trai-san-2016-306094.aspx
10,2988,207/TB-TCHQ,2016,https://thuvienphapluat.vn/van-ban/Xuat-nhap-khau/Thong-bao-207-TB-TCHQ-ket-qua-phan-loai-chat-hoat-hoa-vo-co-luu-hoa-cao-su-da-dieu-che-2016-306172.aspx
10,2989,208/TB-TCHQ,2016,https://thuvienphapluat.vn/van-ban/Xuat-nhap-khau/Thong-bao-208-TB-TCHQ-ket-qua-phan-loai-mieng-dan-lanh-dung-cho-tre-em-khong-tam-duoc-chat-2016-306074.aspx
10,2990,223/TB-TCHQ,2016,https://thuvienphapluat.vn/van-ban/Xuat-nhap-khau/Thong-bao-223-TB-TCHQ-ket-qua-phan-loai-Diethanolamine-DA-xuat-nhap-khau-2016-306079.aspx
10,2991,229/TB-TCHQ,2016,https://thuvienphapluat.vn/van-ban/Xuat-nhap-khau/Thong-bao-229-TB-TCHQ-ket-qua-phan-loai-thuoc-nhuom-hoat-tinh-SAMPOL-WT-2016-306214.aspx
10,2992,215/TB-TCHQ,2016,https://thuvienphapluat.vn/van-ban/Xuat-nhap-khau/Thong-bao-215-TB-TCHQ-ket-qua-phan-loai-ma-mau-nhuom-mau-san-xuat-gang-tay-cao-su-2016-306065.aspx
10,2993,203/TB-TCHQ,2016,https://thuvienphapluat.vn/van-ban/Xuat-nhap-khau/Thong-bao-203-TB-TCHQ-ket-qua-phan-loai-che-pham-chong-oxi-hoa-lam-on-dinh-cao-su-2016-306073.aspx
10,2994,201/TB-TCHQ,2016,https://thuvienphapluat.vn/van-ban/Xuat-nhap-khau/Thong-bao-201-TB-TCHQ-ket-qua-phan-loai-cam-bien-lui-xe-phia-sau-xuat-nhap-khau-2016-306103.aspx
10,2996,230/TB-TCHQ,2016,https://thuvienphapluat.vn/van-ban/Xuat-nhap-khau/Thong-bao-230-TB-TCHQ-ket-qua-phan-loai-che-pham-men-vi-sinh-xu-ly-chat-thai-cong-nghiep-2016-306215.aspx
10,2997,216/TB-TCHQ,2016,https://thuvienphapluat.vn/van-ban/Xuat-nhap-khau/Thong-bao-216-TB-TCHQ-ket-qua-phan-loai-xuc-tac-luu-hoa-cao-su-san-xuat-gang-tay-cao-su-y-te-2016-306066.aspx
10,2998,210/TB-TCHQ,2016,https://thuvienphapluat.vn/van-ban/Xuat-nhap-khau/Thong-bao-210-TB-TCHQ-ket-qua-phan-loai-tinh-bot-bien-tinh-loai-THERMTEX-50LBS-che-bien-sua-2016-306076.aspx
10,2999,206/TB-TCHQ,2016,https://thuvienphapluat.vn/van-ban/Xuat-nhap-khau/Thong-bao-206-TB-TCHQ-ket-qua-phan-loai-chat-tang-hoat-cho-qua-trinh-luu-hoa-nhanh-da-dieu-che-2016-306107.aspx
10,3000,226/TB-TCHQ,2016,https://thuvienphapluat.vn/van-ban/Xuat-nhap-khau/Thong-bao-226-TB-TCHQ-ket-qua-phan-loai-hang-xuat-nhap-khau-Phan-hoa-hoc-vo-co-hai-thanh-phan-2016-306081.aspx
11,3001,209/TB-TCHQ,2016,https://thuvienphapluat.vn/van-ban/Xuat-nhap-khau/Thong-bao-209-TB-TCHQ-ket-qua-phan-loai-dimethy-1-2-benzothiazole-sulphenamide-chat-on-dinh-cao-su-2016-306075.aspx
11,3002,219/TB-TCHQ,2016,https://thuvienphapluat.vn/van-ban/Xuat-nhap-khau/Thong-bao-219-TB-TCHQ-ket-qua-phan-loai-to-lam-dau-loc-thuoc-la-xuat-nhap-khau-2016-306069.aspx
11,3003,205/TB-TCHQ,2016,https://thuvienphapluat.vn/van-ban/Xuat-nhap-khau/Thong-bao-205-TB-TCHQ-ket-qua-phan-loai-xuc-tac-luu-hoa-cho-cao-su-da-dieu-che-2016-306106.aspx
11,3004,202/TB-TCHQ,2016,https://thuvienphapluat.vn/van-ban/Xuat-nhap-khau/Thong-bao-202-TB-TCHQ-ket-qua-phan-loai-soi-80-polyester-20-nylon-250D-96F-xuat-nhap-khau-2016-306104.aspx
11,3005,217/TB-TCHQ,2016,https://thuvienphapluat.vn/van-ban/Xuat-nhap-khau/Thong-bao-217-TB-TCHQ-ket-qua-phan-loai-chat-xuc-tac-luu-hoa-cao-su-da-dieu-che-2016-306067.aspx
11,3007,211/TB-TCHQ,2016,https://thuvienphapluat.vn/van-ban/Xuat-nhap-khau/Thong-bao-211-TB-TCHQ-ket-qua-phan-loai-sap-cong-nghe-che-bien-keo-xuat-nhap-khau-2016-306077.aspx
11,3008,228/TB-TCHQ,2016,https://thuvienphapluat.vn/van-ban/Xuat-nhap-khau/Thong-bao-228-TB-TCHQ-ket-qua-phan-loai-thuoc-nhuom-hoat-tinh-ECOTECH-2016-306098.aspx
11,3009,198/TB-TCHQ,2016,https://thuvienphapluat.vn/van-ban/Xuat-nhap-khau/Thong-bao-198-TB-TCHQ-ket-qua-phan-loai-Mada-Gel-nuoc-rua-tay-diet-khuan-y-te-xuat-nhap-khau-2016-306095.aspx
11,3013,87/TB-TCHQ,2016,https://thuvienphapluat.vn/van-ban/Xuat-nhap-khau/Thong-bao-87-TB-TCHQ-phan-loai-hang-hoa-xuat-nhap-khau-vai-thun-2016-317336.aspx
11,3014,103/TB-TCHQ,2016,https://thuvienphapluat.vn/van-ban/Xuat-nhap-khau/Thong-bao-103-TB-TCHQ-phan-loai-hang-hoa-xuat-nhap-khau-may-bien-dong-cho-thiet-bi-do-luong-2016-317398.aspx
11,3015,116/TB-TCHQ,2016,https://thuvienphapluat.vn/van-ban/Xuat-nhap-khau/Thong-bao-116-TB-TCHQ-phan-loai-MYCOSORB-A-san-xuat-thuc-an-gia-suc-2016-317399.aspx
11,3016,120/TB-TCHQ,2016,https://thuvienphapluat.vn/van-ban/Xuat-nhap-khau/Thong-bao-120-TB-TCHQ-phan-loai-hang-hoa-xuat-nhap-khau-Hoa-chat-xu-ly-cuoi-Hinol-100-2016-317404.aspx
11,3017,91/TB-TCHQ,2016,https://thuvienphapluat.vn/van-ban/Xuat-nhap-khau/Thong-bao-91-TB-TCHQ-phan-loai-phu-gia-dung-trong-xay-dung-dang-ma-tit-xuat-nhap-khau-2016-317340.aspx
11,3018,119/TB-TCHQ,2016,https://thuvienphapluat.vn/van-ban/Xuat-nhap-khau/Thong-bao-119-TB-TCHQ-phan-loai-hang-hoa-xuat-nhap-khau-Hoa-chat-xu-ly-cuoi-Urea-90-2016-317402.aspx
11,3019,95/TB-TCHQ,2016,https://thuvienphapluat.vn/van-ban/Xuat-nhap-khau/Thong-bao-95-TB-TCHQ-phan-loai-hang-hoa-xuat-nhap-khau-Quang-Zircon-2016-317344.aspx
11,3020,121/TB-TCHQ,2016,https://thuvienphapluat.vn/van-ban/Xuat-nhap-khau/Thong-bao-121-TB-TCHQ-phan-loai-hoa-chat-tro-giup-nhuom-Sera-Wet-C-AS-2016-317405.aspx
11,3021,89/TB-TCHQ,2016,https://thuvienphapluat.vn/van-ban/Xuat-nhap-khau/Thong-bao-89-TB-TCHQ-phan-loai-doi-voi-hang-hoa-xuat-nhap-khau-la-Hoa-chat-dang-vua-2016-317338.aspx
11,3022,98/TB-TCHQ,2016,https://thuvienphapluat.vn/van-ban/Xuat-nhap-khau/Thong-bao-98-TB-TCHQ-phan-loai-hang-hoa-xuat-nhap-khau-con-lan-han-tren-bang-thep-2016-317383.aspx
11,3023,96/TB-TCHQ,2016,https://thuvienphapluat.vn/van-ban/Xuat-nhap-khau/Thong-bao-96-TB-TCHQ-phan-loai-hang-hoa-xuat-nhap-khau-kem-tuoi-tiet-trung-Meggle-2016-317381.aspx
11,3024,86/TB-TCHQ,2016,https://thuvienphapluat.vn/van-ban/Xuat-nhap-khau/Thong-bao-86-TB-TCHQ-phan-loai-bot-sua-beo-BMP-xuat-nhap-khau-2016-317335.aspx
11,3025,90/TB-TCHQ,2016,https://thuvienphapluat.vn/van-ban/Xuat-nhap-khau/Thong-bao-90-TB-TCHQ-phan-loai-hang-hoa-xuat-nhap-khau-keo-tram-khe-va-vua-dan-2016-317339.aspx
11,3026,101/TB-TCHQ,2016,https://thuvienphapluat.vn/van-ban/Xuat-nhap-khau/Thong-bao-101-TB-TCHQ-phan-loai-hang-hoa-xuat-nhap-khau-con-lan-han-duoi-bang-thep-2016-317380.aspx
11,3027,97/TB-TCHQ,2016,https://thuvienphapluat.vn/van-ban/Xuat-nhap-khau/Thong-bao-97-TB-TCHQ-phan-loai-thep-thanh-hop-kim-dang-cuon-cuon-khong-deu-can-nong-khong-ma-2016-317382.aspx
11,3028,122/TB-TCHQ,2016,https://thuvienphapluat.vn/van-ban/Xuat-nhap-khau/Thong-bao-122-TB-TCHQ-phan-loai-thep-tam-can-phang-nong-hop-kim-titan-chua-phu-ma-nhap-khau-2016-317420.aspx
11,3029,117/TB-TCHQ,2016,https://thuvienphapluat.vn/van-ban/Xuat-nhap-khau/Thong-bao-117-TB-TCHQ-phan-loai-hang-hoa-xuat-nhap-khau-bot-Mangan-2016-317400.aspx
12,3030,102/TB-TCHQ,2016,https://thuvienphapluat.vn/van-ban/Xuat-nhap-khau/Thong-bao-102-TB-TCHQ-phan-loai-hang-hoa-xuat-nhap-khau-may-bien-dong-cho-thiet-bi-do-luong-2016-317397.aspx
12,3031,100/TB-TCHQ,2016,https://thuvienphapluat.vn/van-ban/Xuat-nhap-khau/Thong-bao-100-TB-TCHQ-phan-loai-con-lan-dan-huong-day-dong-xuat-nhap-khau-2016-317379.aspx
12,3032,99/TB-TCHQ,2016,https://thuvienphapluat.vn/van-ban/Xuat-nhap-khau/Thong-bao-99-TB-TCHQ-phan-loai-hang-hoa-xuat-nhap-khau-con-lan-dan-huong-lech-tam-bang-thep-2016-317384.aspx
12,3033,94/TB-TCHQ,2016,https://thuvienphapluat.vn/van-ban/Xuat-nhap-khau/Thong-bao-94-TB-TCHQ-phan-loai-may-bien-dien-ap-123kV-145kV-dien-moi-long-thiet-bi-do-luong-2016-317343.aspx
12,3034,93/TB-TCHQ,2016,https://thuvienphapluat.vn/van-ban/Xuat-nhap-khau/Thong-bao-93-TB-TCHQ-phan-loai-may-bien-dong-dien-123kV-145kV-dien-moi-long-thiet-bi-do-luong-2016-317342.aspx
12,3035,88/TB-TCHQ,2016,https://thuvienphapluat.vn/van-ban/Xuat-nhap-khau/Thong-bao-88-TB-TCHQ-phan-loai-phu-gia-dang-keo-ket-dinh-neo-thep-vao-lo-neo-tren-ket-cau-be-tong-2016-317337.aspx
12,3036,45/TB-TCHQ,2016,https://thuvienphapluat.vn/van-ban/Xuat-nhap-khau/Thong-bao-45-TB-TCHQ-phan-loai-hang-hoa-xuat-nhap-khau-2016-323007.aspx
12,3037,50/TB-TCHQ,2016,https://thuvienphapluat.vn/van-ban/Xuat-nhap-khau/Thong-bao-50-TB-TCHQ-phan-loai-hang-hoa-xuat-nhap-khau-giay-tu-dinh-HAL-WERM-HAL-SW-HT-2016-323012.aspx
12,3038,49/TB-TCHQ,2016,https://thuvienphapluat.vn/van-ban/Xuat-nhap-khau/Thong-bao-49-TB-TCHQ-ket-qua-phan-loai-phu-tung-dung-cho-dau-may-phat-dien-xuat-nhap-khau-2016-323011.aspx
12,3039,48/TB-TCHQ,2016,https://thuvienphapluat.vn/van-ban/Xuat-nhap-khau/Thong-bao-48-TB-TCHQ-ket-qua-phan-loai-hang-hoa-xuat-nhap-khau-vai-khong-det-bang-soi-polyester-2016-323010.aspx
12,3040,47/TB-TCHQ,2016,https://thuvienphapluat.vn/van-ban/Xuat-nhap-khau/Thong-bao-47-TB-TCHQ-phan-loai-vai-khong-det-bang-soi-polyester-mau-trang-xuat-nhap-khau-2016-323009.aspx
12,3041,55/TB-TCHQ,2016,https://thuvienphapluat.vn/van-ban/Xuat-nhap-khau/Thong-bao-55-TB-TCHQ-ket-qua-phan-loai-doi-voi-hang-hoa-xuat-nhap-khau-giay-tu-dinh-HPL-BL-2000-2016-323014.aspx
12,3043,44/TB-TCHQ,2016,https://thuvienphapluat.vn/van-ban/Xuat-nhap-khau/Thong-bao-44-TB-TCHQ-phan-loai-hang-hoa-xuat-nhap-khau-nhua-polyamide-dang-nguyen-sinh-2016-323006.aspx
12,3044,46/TB-TCHQ,2016,https://thuvienphapluat.vn/van-ban/Xuat-nhap-khau/Thong-bao-46-TB-TCHQ-phan-loai-hang-hoa-xuat-nhap-khau-2016-323008.aspx
12,3045,54/TB-TCHQ,2016,https://thuvienphapluat.vn/van-ban/Xuat-nhap-khau/Thong-bao-54-TB-TCHQ-ket-qua-phan-loai-hang-hoa-xuat-nhap-khau-la-Giay-tu-dinh-2016-306100.aspx
12,3046,53/TB-TCHQ,2016,https://thuvienphapluat.vn/van-ban/Xuat-nhap-khau/Thong-bao-53-TB-TCHQ-ket-qua-phan-loai-xuat-nhap-khau-giay-tu-dinh-AL-2002-2016-306099.aspx
12,3047,52/TB-TCHQ,2016,https://thuvienphapluat.vn/van-ban/Xuat-nhap-khau/Thong-bao-52-TB-TCHQ-ket-qua-phan-loai-hang-hoa-xuat-nhap-khau-Giay-tu-dinh-2016-306083.aspx
12,3048,21/TB-TCHQ,2016,https://thuvienphapluat.vn/van-ban/Xuat-nhap-khau/Thong-bao-21-TB-TCHQ-phan-loai-doi-voi-hang-hoa-xuat-nhap-khau-nguyen-lieu-san-xuat-banh-keo-2016-317327.aspx
12,3049,24/TB-TCHQ,2016,https://thuvienphapluat.vn/van-ban/Xuat-nhap-khau/Thong-bao-24-TB-TCHQ-phan-loai-hang-hoa-xuat-nhap-khau-san-pham-dinh-duong-y-hoc-2016-317332.aspx
12,3050,26/TB-TCHQ,2016,https://thuvienphapluat.vn/van-ban/Xuat-nhap-khau/Thong-bao-26-TB-TCHQ-ket-qua-phan-loai-San-pham-dinh-duong-y-hoc-dnguoi-bi-tieu-duong-nhap-khau-2016-317329.aspx
12,3051,18/TB-TCHQ,2016,https://thuvienphapluat.vn/van-ban/Xuat-nhap-khau/Thong-bao-18-TB-TCHQ-phan-loai-huong-dau-nguyen-lieu-san-xuat-banh-keo-2016-317301.aspx
12,3052,15/TB-TCHQ,2016,https://thuvienphapluat.vn/van-ban/Xuat-nhap-khau/Thong-bao-15-TB-TCHQ-phan-loai-giay-tu-dinh-cao-cap-xuat-nhap-khau-2016-317298.aspx
12,3053,22/TB-TCHQ,2016,https://thuvienphapluat.vn/van-ban/Xuat-nhap-khau/Thong-bao-22-TB-TCHQ-phan-loai-hang-hoa-xuat-nhap-khau-dau-bo-thay-the-san-xuat-banh-keo-2016-317328.aspx
12,3054,19/TB-TCHQ,2016,https://thuvienphapluat.vn/van-ban/Xuat-nhap-khau/Thong-bao-19-TB-TCHQ-phan-loai-huong-chanh-nguyen-lieu-san-xuat-banh-keo-2016-317302.aspx
12,3055,23/TB-TCHQ,2016,https://thuvienphapluat.vn/van-ban/Xuat-nhap-khau/Thong-bao-23-TB-TCHQ-phan-loai-hang-hoa-xuat-nhap-khau-gel-boi-tron-danh-cho-nam-2016-317331.aspx
13,3056,25/TB-TCHQ,2016,https://thuvienphapluat.vn/van-ban/Xuat-nhap-khau/Thong-bao-25-TB-TCHQ-phan-loai-hang-hoa-xuat-nhap-khau-san-pham-dinh-duong-y-hoc-2016-317333.aspx
13,3057,17/TB-TCHQ,2016,https://thuvienphapluat.vn/van-ban/Xuat-nhap-khau/Thong-bao-17-TB-TCHQ-phan-loai-hang-hoa-xuat-nhap-khau-nguyen-lieu-san-xuat-banh-keo-2016-317300.aspx
13,3058,20/TB-TCHQ,2016,https://thuvienphapluat.vn/van-ban/Xuat-nhap-khau/Thong-bao-20-TB-TCHQ-phan-loai-san-xuat-shortening-thuc-vat-khong-chua-chat-bao-quan-banh-keo-2016-317303.aspx
13,3059,16/TB-TCHQ,2016,https://thuvienphapluat.vn/van-ban/Xuat-nhap-khau/Thong-bao-16-TB-TCHQ-phan-loai-hang-hoa-xuat-nhap-khau-cao-su-latex-2016-317299.aspx
13,3161,9593/TB-TCHQ,2016,https://thuvienphapluat.vn/van-ban/Xuat-nhap-khau/Thong-bao-9593-TB-TCHQ-ket-qua-phan-loai-hang-hoa-xuat-nhap-khau-vecni-lam-tu-polymer-tong-hop-2016-324362.aspx
13,3193,9491/TB-TCHQ,2016,https://thuvienphapluat.vn/van-ban/Xuat-nhap-khau/Thong-bao-9491-TB-TCHQ-ket-qua-phan-loai-che-pham-tay-nhon-LH-xuat-nhap-khau-2016-308988.aspx
13,3241,9210/TB-TCHQ,2016,https://thuvienphapluat.vn/van-ban/Xuat-nhap-khau/Thong-bao-9210-TB-TCHQ-ket-qua-phan-loai-chat-phu-chong-tham-chong-nong-TS-Commercial-Grade-2016-308043.aspx
13,3242,9213/TB-TCHQ,2016,https://thuvienphapluat.vn/van-ban/Xuat-nhap-khau/Thong-bao-9213-TB-TCHQ-ket-qua-phan-loai-chat-rua-be-mat-tole-RustArrestor-2016-308046.aspx
13,3245,9214/TB-TCHQ,2016,https://thuvienphapluat.vn/van-ban/Xuat-nhap-khau/Thong-bao-9214-TB-TCHQ-ket-qua-phan-loai-chi-khau-xo-staple-tong-hop-chua-dong-goi-ban-le-2016-308019.aspx
13,2919,374/TB-TCHQ,2015,https://thuvienphapluat.vn/van-ban/Xuat-nhap-khau/Thong-bao-374-TB-TCHQ-ket-qua-phan-loai-dai-cao-su-luu-hoa-Hyperstop-DB-2015-306299.aspx
13,3061,11314/TB-TCHQ,2015,https://thuvienphapluat.vn/van-ban/Xuat-nhap-khau/Thong-bao-11314-TB-TCHQ-phan-loai-hang-hoa-xuat-nhap-khau-chat-chong-oxy-hoa-lam-on-dinh-cao-su-2015-323372.aspx
13,3062,11320/TB-TCHQ,2015,https://thuvienphapluat.vn/van-ban/Xuat-nhap-khau/Thong-bao-11320-TB-TCHQ-ket-qua-phan-loai-hang-hoa-xuat-nhap-khau-vecni-cach-dien-FOV-Z8LA-2015-323374.aspx
13,3063,11315/TB-TCHQ,2015,https://thuvienphapluat.vn/van-ban/Xuat-nhap-khau/Thong-bao-11315-TB-TCHQ-ket-qua-phan-loai-hang-hoa-xuat-nhap-khau-hop-chat-lam-on-dinh-plastic-2015-323373.aspx
13,3064,11321/TB-TCHQ,2015,https://thuvienphapluat.vn/van-ban/Xuat-nhap-khau/Thong-bao-11321-TB-TCHQ-ket-qua-phan-loai-hang-hoa-xuat-nhap-khau-vecni-cach-dien-FPU-A1-40-2015-323375.aspx
13,3066,11226/TB-TCHQ,2015,https://thuvienphapluat.vn/van-ban/Xuat-nhap-khau/Thong-bao-11226-TB-TCHQ-phan-loai-hang-hoa-xuat-nhap-khau-hoa-chat-long-tao-thanh-matit-2015-323370.aspx
13,3067,11250/TB-TCHQ,2015,https://thuvienphapluat.vn/van-ban/Xuat-nhap-khau/Thong-bao-11250-TB-TCHQ-ket-qua-phan-loai-hang-hoa-xuat-khau-nhap-khau-con-beo-2015-323371.aspx
13,3068,11184/TB-TCHQ,2015,https://thuvienphapluat.vn/van-ban/Xuat-nhap-khau/Thong-bao-11184-TB-TCHQ-phan-loai-hang-hoa-xuat-nhap-khau-hat-nhua-2015-323369.aspx
13,3069,11182/TB-TCHQ,2015,https://thuvienphapluat.vn/van-ban/Xuat-nhap-khau/Thong-bao-11182-TB-TCHQ-ket-qua-phan-loai-hang-hoa-xuat-khau-nhap-khau-giay-lot-cuon-thep-2015-323368.aspx
13,3070,11140/TB-TCHQ,2015,https://thuvienphapluat.vn/van-ban/Xuat-nhap-khau/Thong-bao-11140-TB-TCHQ-phan-loai-hang-hoa-xuat-nhap-khau-Polyme-acrylic-dang-nguyen-sinh-2015-323330.aspx
13,3071,11072/TB-TCHQ,2015,https://thuvienphapluat.vn/van-ban/Xuat-nhap-khau/Thong-bao-11072-TB-TCHQ-ket-qua-phan-loai-hang-hoa-xuat-khau-nhap-khau-soi-khoang-dang-tam-2015-323328.aspx
13,3072,11068/TB-TCHQ,2015,https://thuvienphapluat.vn/van-ban/Xuat-nhap-khau/Thong-bao-11068-TB-TCHQ-ket-qua-phan-loai-hang-hoa-xuat-khau-nhap-khau-chat-tay-2015-323327.aspx
13,3073,11098/TB-TCHQ,2015,https://thuvienphapluat.vn/van-ban/Xuat-nhap-khau/Thong-bao-11098-TB-TCHQ-ket-qua-phan-loai-hang-xuat-nhap-khau-nitrat-cua-crom-coban-trong-xi-ma-2015-320845.aspx
13,3074,11105/TB-TCHQ,2015,https://thuvienphapluat.vn/van-ban/Xuat-nhap-khau/Thong-bao-11105-TB-TCHQ-ket-qua-phan-loai-hang-hoa-xuat-khau-nhap-khau-chat-nhuom-2015-323329.aspx
13,3075,11101/TB-TCHQ,2015,https://thuvienphapluat.vn/van-ban/Xuat-nhap-khau/Thong-bao-11101-TB-TCHQ-ket-qua-phan-loai-muoi-nitrat-cua-crom-coban-dung-trong-xi-ma-2015-320848.aspx
13,3076,11099/TB-TCHQ,2015,https://thuvienphapluat.vn/van-ban/Xuat-nhap-khau/Thong-bao-11099-TB-TCHQ-phan-loai-hang-hoa-xuat-nhap-khau-nitrat-cua-crom-coban-xi-ma-2015-320846.aspx
14,3077,11100/TB-TCHQ,2015,https://thuvienphapluat.vn/van-ban/Xuat-nhap-khau/Thong-bao-11100-TB-TCHQ-phan-loai-hang-hoa-xuat-nhap-khau-nitrat-crom-coban-xi-ma-2015-320847.aspx
14,3078,10999/TB-TCHQ,2015,https://thuvienphapluat.vn/van-ban/Xuat-nhap-khau/Thong-bao-10999-TB-TCHQ-phan-loai-hang-hoa-xuat-nhap-khau-giay-khong-trang-dang-tam-CORE-A32-2015-323322.aspx
14,3079,10992/TB-TCHQ,2015,https://thuvienphapluat.vn/van-ban/Xuat-nhap-khau/Thong-bao-10992-TB-TCHQ-phan-loai-hang-hoa-xuat-nhap-khau-la-hop-chat-Biological-Ester-Plasticizer-2015-323320.aspx
14,3080,10981/TB-TCHQ,2015,https://thuvienphapluat.vn/van-ban/Xuat-nhap-khau/Thong-bao-10981-TB-TCHQ-ket-qua-phan-loai-hang-hoa-xuat-nhap-khau-hop-chat-2015-323319.aspx
14,3081,11007/TB-TCHQ,2015,https://thuvienphapluat.vn/van-ban/Xuat-nhap-khau/Thong-bao-11007-TB-TCHQ-phan-loai-hang-hoa-xuat-nhap-khau-giay-duplex-trang-mot-mat-2015-323325.aspx
14,3082,11000/TB-TCHQ,2015,https://thuvienphapluat.vn/van-ban/Xuat-nhap-khau/Thong-bao-11000-TB-TCHQ-phan-loai-hang-hoa-xuat-nhap-khau-giay-khong-trang-dang-tam-CORE-A31-2015-323323.aspx
14,3083,10998/TB-TCHQ,2015,https://thuvienphapluat.vn/van-ban/Xuat-nhap-khau/Thong-bao-10998-TB-TCHQ-phan-loai-hang-hoa-xuat-nhap-khau-giay-khong-trang-dang-tam-CORE-A42-2015-323321.aspx
14,3084,11001/TB-TCHQ,2015,https://thuvienphapluat.vn/van-ban/Xuat-nhap-khau/Thong-bao-11001-TB-TCHQ-ket-qua-phan-loai-hang-hoa-xuat-nhap-khau-huong-Savory-2015-323324.aspx
14,3085,11028/TB-TCHQ,2015,https://thuvienphapluat.vn/van-ban/Xuat-nhap-khau/Thong-bao-11028-TB-TCHQ-ket-qua-phan-loai-hang-hoa-xuat-khau-nhap-khau-Polyme-silicon-2015-323326.aspx
14,3086,10775/TB-TCHQ,2015,https://thuvienphapluat.vn/van-ban/Xuat-nhap-khau/Thong-bao-10775-TB-TCHQ-ket-qua-phan-loai-hang-hoa-xuat-nhap-khau-che-pham-hoa-hoc-2015-324422.aspx
14,3087,10801/TB-TCHQ,2015,https://thuvienphapluat.vn/van-ban/Xuat-nhap-khau/Thong-bao-10801-TB-TCHQ-ket-qua-phan-loai-thep-khong-hop-kim-dang-thanh-can-nong-2015-324423.aspx
14,3088,10802/TB-TCHQ,2015,https://thuvienphapluat.vn/van-ban/Xuat-nhap-khau/Thong-bao-10802-TB-TCHQ-phan-loai-hang-hoa-xuat-nhap-khau-matit-dung-de-lam-kin-be-mat-2015-324424.aspx
14,3089,10849/TB-TCHQ,2015,https://thuvienphapluat.vn/van-ban/Xuat-nhap-khau/Thong-bao-10849-TB-TCHQ-phan-loai-hang-hoa-xuat-nhap-khau-2015-324425.aspx
14,3090,10774/TB-TCHQ,2015,https://thuvienphapluat.vn/van-ban/Xuat-nhap-khau/Thong-bao-10774-TB-TCHQ-ket-qua-phan-loai-chong-tao-bot-trong-san-xuat-san-pham-cao-su-2015-324421.aspx
14,3091,10691/TB-TCHQ,2015,https://thuvienphapluat.vn/van-ban/Xuat-nhap-khau/Thong-bao-10691-TB-TCHQ-ket-qua-phan-loai-hang-hoa-xuat-nhap-khau-Superkleen-AC17-2015-320999.aspx
14,3092,10716/TB-TCHQ,2015,https://thuvienphapluat.vn/van-ban/Xuat-nhap-khau/Thong-bao-10716-TB-TCHQ-ket-qua-phan-loai-hang-hoa-xuat-nhap-khau-day-thep-ma-kem-2015-321004.aspx
14,3093,10700/TB-TCHQ,2015,https://thuvienphapluat.vn/van-ban/Xuat-nhap-khau/Thong-bao-10700-TB-TCHQ-ket-qua-phan-loai-hang-hoa-xuat-nhap-khau-soi-filament-tong-hop-2015-321000.aspx
14,3094,10753/TB-TCHQ,2015,https://thuvienphapluat.vn/van-ban/Xuat-nhap-khau/Thong-bao-10753-TB-TCHQ-ket-qua-phan-loai-hang-hoa-xuat-nhap-khau-phu-gia-chong-kho-muc-in-2015-321005.aspx
14,3095,10713/TB-TCHQ,2015,https://thuvienphapluat.vn/van-ban/Xuat-nhap-khau/Thong-bao-10713-TB-TCHQ-ket-qua-phan-loai-hang-hoa-xuat-nhap-khau-son-lam-tu-polymer-2015-321003.aspx
14,3096,10711/TB-TCHQ,2015,https://thuvienphapluat.vn/van-ban/Xuat-nhap-khau/Thong-bao-10711-TB-TCHQ-ket-qua-phan-loai-hang-hoa-xuat-nhap-khau-son-lam-tu-polymer-tong-hop-2015-321001.aspx
14,3097,10712/TB-TCHQ,2015,https://thuvienphapluat.vn/van-ban/Xuat-nhap-khau/Thong-bao-10712-TB-TCHQ-ket-qua-phan-loai-hang-hoa-xuat-nhap-khau-son-lam-tu-polymer-tong-hop-2015-321002.aspx
14,3098,10690/TB-TCHQ,2015,https://thuvienphapluat.vn/van-ban/Xuat-nhap-khau/Thong-bao-10690-TB-TCHQ-ket-qua-phan-loai-hang-hoa-xuat-nhap-khau-chat-xuc-tien-luu-hoa-cao-su-2015-320998.aspx
14,3099,10688/TB-TCHQ,2015,https://thuvienphapluat.vn/van-ban/Xuat-nhap-khau/Thong-bao-10688-TB-TCHQ-ket-qua-phan-loai-hang-hoa-xuat-nhap-khau-2015-320997.aspx
14,3100,10701/TB-TCHQ,2015,https://thuvienphapluat.vn/van-ban/Xuat-nhap-khau/Thong-bao-10701-TB-TCHQ-2015-ket-qua-phan-loai-Xe-dia-hinh-ATV-Utility-524119.aspx
14,3101,10151/TB-TCHQ,2015,https://thuvienphapluat.vn/van-ban/Xuat-nhap-khau/Thong-bao-10151-TB-TCHQ-ket-qua-phan-loai-hang-hoa-xuat-nhap-khau-ete-mach-ho-2015-320912.aspx
15,3102,10157/TB-TCHQ,2015,https://thuvienphapluat.vn/van-ban/Xuat-nhap-khau/Thong-bao-10157-TB-TCHQ-phan-loai-hang-hoa-xuat-nhap-khau-triallyl-isocyanurate-2015-320913.aspx
15,3103,10031/TB-TCHQ,2015,https://thuvienphapluat.vn/van-ban/Xuat-nhap-khau/Thong-bao-10031-TB-TCHQ-ket-qua-phan-loai-hang-xuat-nhap-khau-Vitamin-Mineral-Premix-for-Softgel-2015-324343.aspx
15,3104,10057/TB-TCHQ,2015,https://thuvienphapluat.vn/van-ban/Xuat-nhap-khau/Thong-bao-10057-TB-TCHQ-ket-qua-phan-loai-hang-hoa-xuat-nhap-khau-hanh-nhan-cat-soi-2015-324350.aspx
15,3105,10032/TB-TCHQ,2015,https://thuvienphapluat.vn/van-ban/Xuat-nhap-khau/Thong-bao-10032-TB-TCHQ-ket-qua-phan-loai-hang-hoa-xuat-nhap-khau-duong-Glucose-syrup-2015-324344.aspx
15,3106,10033/TB-TCHQ,2015,https://thuvienphapluat.vn/van-ban/Xuat-nhap-khau/Thong-bao-10033-TB-TCHQ-ket-qua-phan-loai-hang-xuat-nhap-khau-chat-hoa-tan-dich-dac-Panacet-810S-2015-324345.aspx
15,3107,10059/TB-TCHQ,2015,https://thuvienphapluat.vn/van-ban/Xuat-nhap-khau/Thong-bao-10059-TB-TCHQ-ket-qua-phan-loai-hang-hoa-xuat-nhap-khau-hat-phi-2015-324418.aspx
15,3108,10061/TB-TCHQ,2015,https://thuvienphapluat.vn/van-ban/Xuat-nhap-khau/Thong-bao-10061-TB-TCHQ-ket-qua-phan-loai-hang-hoa-xuat-nhap-khau-qua-nam-viet-quat-say-kho-2015-324420.aspx
15,3109,10055/TB-TCHQ,2015,https://thuvienphapluat.vn/van-ban/Xuat-nhap-khau/Thong-bao-10055-TB-TCHQ-ket-qua-phan-loai-hang-xuat-nhap-khau-son-lot-urethane-sporthane-primer-2015-324348.aspx
15,3110,10034/TB-TCHQ,2015,https://thuvienphapluat.vn/van-ban/Xuat-nhap-khau/Thong-bao-10034-TB-TCHQ-ket-qua-phan-loai-hang-hoa-xuat-nhap-khau-cuon-cao-su-Sentica-2015-324346.aspx
15,3111,10056/TB-TCHQ,2015,https://thuvienphapluat.vn/van-ban/Xuat-nhap-khau/Thong-bao-10056-TB-TCHQ-ket-qua-phan-loai-hang-hoa-xuat-nhap-khau-may-bom-khong-khi-2015-324349.aspx
15,3112,10030/TB-TCHQ,2015,https://thuvienphapluat.vn/van-ban/Xuat-nhap-khau/Thong-bao-10030-TB-TCHQ-phan-loai-hang-xuat-nhap-khau-dau-truyen-nhiet-2015-324342.aspx
15,3113,10058/TB-TCHQ,2015,https://thuvienphapluat.vn/van-ban/Xuat-nhap-khau/Thong-bao-10058-TB-TCHQ-ket-qua-phan-loai-hang-hoa-xuat-nhap-khau-Hanh-nhan-nguyen-hat-2015-324417.aspx
15,3114,10060/TB-TCHQ,2015,https://thuvienphapluat.vn/van-ban/Xuat-nhap-khau/Thong-bao-10060-TB-TCHQ-ket-qua-phan-loai-hang-hoa-xuat-nhap-khau-hat-macadamias-2015-324419.aspx
15,3115,10054/TB-TCHQ,2015,https://thuvienphapluat.vn/van-ban/Xuat-nhap-khau/Thong-bao-10054-TB-TCHQ-ket-qua-phan-loai-hang-hoa-xuat-nhap-khau-qua-man-kho-2015-324347.aspx
15,3116,10010/TB-TCHQ,2015,https://thuvienphapluat.vn/van-ban/Xuat-nhap-khau/Thong-bao-10010-TB-TCHQ-ket-qua-phan-loai-hang-hoa-xuat-nhap-khau-Chat-nhuom-da-Blue-2015-308756.aspx
15,3117,10011/TB-TCHQ,2015,https://thuvienphapluat.vn/van-ban/Xuat-nhap-khau/Thong-bao-10011-TB-TCHQ-ket-qua-phan-loai-hang-hoa-xuat-nhap-khau-chat-nhuom-da-Red-2015-308757.aspx
15,3118,10007/TB-TCHQ,2015,https://thuvienphapluat.vn/van-ban/Xuat-nhap-khau/Thong-bao-10007-TB-TCHQ-phan-loai-hang-xuat-nhap-khau-nguyen-phu-lieu-san-xuat-bo-mach-dien-tu-2015-308753.aspx
15,3119,10008/TB-TCHQ,2015,https://thuvienphapluat.vn/van-ban/Xuat-nhap-khau/Thong-bao-10008-TB-TCHQ-phan-loai-hang-hoa-xuat-nhap-khau-nguyen-phu-lieu-san-xuat-bo-mach-dien-tu-2015-308754.aspx
15,3120,10009/TB-TCHQ,2015,https://thuvienphapluat.vn/van-ban/Xuat-nhap-khau/Thong-bao-10009-TB-TCHQ-phan-loai-nguyen-phu-lieu-xuat-nhap-khau-san-xuat-bo-mach-la-thuoc-tim-2015-308755.aspx
15,3121,9946/TB-TCHQ,2015,https://thuvienphapluat.vn/van-ban/Xuat-nhap-khau/Thong-bao-9946-TB-TCHQ-ket-qua-phan-loai-Huong-sua-Milk-flavor-A1286242-xuat-nhap-khau-2015-309128.aspx
15,3122,9945/TB-TCHQ,2015,https://thuvienphapluat.vn/van-ban/Xuat-nhap-khau/Thong-bao-9945-TB-TCHQ-ket-qua-phan-loai-chat-danh-khi-dang-banh-Flux%23N-200-xuat-nhap-khau-2015-309127.aspx
15,3123,9949/TB-TCHQ,2015,https://thuvienphapluat.vn/van-ban/Xuat-nhap-khau/Thong-bao-9949-TB-TCHQ-ket-qua-phan-loai-hang-hoa-xuat-nhap-khau-Khoai-tay-cat-lat-dong-lanh-2015-309131.aspx
15,3124,9950/TB-TCHQ,2015,https://thuvienphapluat.vn/van-ban/Xuat-nhap-khau/Thong-bao-9950-TB-TCHQ-ket-qua-phan-loai-hang-hoa-xuat-nhap-khau-Soi-filament-tong-hop-2015-309132.aspx
15,3125,9948/TB-TCHQ,2015,https://thuvienphapluat.vn/van-ban/Xuat-nhap-khau/Thong-bao-9948-TB-TCHQ-ket-qua-phan-loai-hang-hoa-xuat-nhap-khau-Bot-talc-2015-309130.aspx
15,3126,9955/TB-TCHQ,2015,https://thuvienphapluat.vn/van-ban/Xuat-nhap-khau/Thong-bao-9955-TB-TCHQ-phan-loai-05-Cardanol-san-xuat-chat-pha-loang-xuat-nhap-khau-2015-309135.aspx
16,3127,9951/TB-TCHQ,2015,https://thuvienphapluat.vn/van-ban/Xuat-nhap-khau/Thong-bao-9951-TB-TCHQ-ket-qua-phan-loai-hang-hoa-xuat-nhap-khau-Soi-filament-tong-hop-2015-309133.aspx
16,3128,9953/TB-TCHQ,2015,https://thuvienphapluat.vn/van-ban/Xuat-nhap-khau/Thong-bao-9953-TB-TCHQ-ket-qua-phan-loai-Sap-nhan-tao-DPG-xuat-nhap-khau-2015-309134.aspx
16,3129,9947/TB-TCHQ,2015,https://thuvienphapluat.vn/van-ban/Xuat-nhap-khau/Thong-bao-9947-TB-TCHQ-ket-qua-phan-loai-hang-xuat-nhap-khau-Huong-kem-Cream-flavor-A1287988-2015-309129.aspx
16,3130,9944/TB-TCHQ,2015,https://thuvienphapluat.vn/van-ban/Xuat-nhap-khau/Thong-bao-9944-TB-TCHQ-ket-qua-phan-loai-hang-hoa-xuat-nhap-khau-Chat-phu-gia-than-long-2015-309126.aspx
16,3131,9859/TB-TCHQ,2015,https://thuvienphapluat.vn/van-ban/Xuat-nhap-khau/Thong-bao-9859-TB-TCHQ-ket-qua-phan-loai-Thit-vun-trau-dong-lanh-xuat-nhap-khau-2015-309137.aspx
16,3132,9860/TB-TCHQ,2015,https://thuvienphapluat.vn/van-ban/Xuat-nhap-khau/Thong-bao-9860-TB-TCHQ-ket-qua-phan-loai-keo-tao-mau-RP-Pigment-285-xuat-nhap-khau-2015-309138.aspx
16,3133,9863/TB-TCHQ,2015,https://thuvienphapluat.vn/van-ban/Xuat-nhap-khau/Thong-bao-9863-TB-TCHQ-ket-qua-phan-loai-Keo-tao-mau-RP-Pigment-117-xuat-nhap-khau-2015-309141.aspx
16,3134,9869/TB-TCHQ,2015,https://thuvienphapluat.vn/van-ban/Xuat-nhap-khau/Thong-bao-9869-TB-TCHQ-ket-qua-phan-loai-hang-hoa-xuat-nhap-khau-Keo-tao-mau-RP-Pigment-5032N-2015-309124.aspx
16,3135,9865/TB-TCHQ,2015,https://thuvienphapluat.vn/van-ban/Xuat-nhap-khau/Thong-bao-9865-TB-TCHQ-ket-qua-phan-loai-Keo-tao-mau-RP-Pigment-114-xuat-nhap-khau-2015-309143.aspx
16,3136,9858/TB-TCHQ,2015,https://thuvienphapluat.vn/van-ban/Xuat-nhap-khau/Thong-bao-9858-TB-TCHQ-ket-qua-phan-loai-Thuoc-nhuom-dung-trong-ho-tron-xuat-nhap-khau-2015-309136.aspx
16,3137,9866/TB-TCHQ,2015,https://thuvienphapluat.vn/van-ban/Xuat-nhap-khau/Thong-bao-9866-TB-TCHQ-ket-qua-phan-loai-Keo-tao-mau-RP-Pigment-214-xuat-nhap-khau-2015-309144.aspx
16,3138,9861/TB-TCHQ,2015,https://thuvienphapluat.vn/van-ban/Xuat-nhap-khau/Thong-bao-9861-TB-TCHQ-ket-qua-phan-loai-Keo-tao-mau-RP-Pigment-250-xuat-nhap-khau-2015-309139.aspx
16,3140,9867/TB-TCHQ,2015,https://thuvienphapluat.vn/van-ban/Xuat-nhap-khau/Thong-bao-9867-TB-TCHQ-ket-qua-phan-loai-Keo-tao-mau-RP-Pigment-101-xuat-nhap-khau-2015-309145.aspx
16,3141,9870/TB-TCHQ,2015,https://thuvienphapluat.vn/van-ban/Xuat-nhap-khau/Thong-bao-9870-TB-TCHQ-ket-qua-phan-loai-hang-hoa-xuat-nhap-khau-Keo-tao-mau-RP-Pigment-506-2015-309125.aspx
16,3142,9868/TB-TCHQ,2015,https://thuvienphapluat.vn/van-ban/Xuat-nhap-khau/Thong-bao-9868-TB-TCHQ-ket-qua-phan-loai-Keo-tao-mau-RP-Pigment-014-xuat-nhap-khau-2015-309146.aspx
16,3143,9864/TB-TCHQ,2015,https://thuvienphapluat.vn/van-ban/Xuat-nhap-khau/Thong-bao-9864-TB-TCHQ-ket-qua-phan-loai-Keo-tao-mau-RP-Pigment-703-xuat-nhap-khau-2015-309142.aspx
16,3144,9812/TB-TCHQ,2015,https://thuvienphapluat.vn/van-ban/Xuat-nhap-khau/Thong-bao-9812-TB-TCHQ-ket-qua-phan-loai-Phan-bon-NPK-xuat-nhap-khau-2015-309093.aspx
16,3146,9808/TB-TCHQ,2015,https://thuvienphapluat.vn/van-ban/Xuat-nhap-khau/Thong-bao-9808-TB-TCHQ-ket-qua-phan-loai-chat-xuc-tien-luu-hoa-cao-su-gang-tay-y-te-2015-309090.aspx
16,3147,9807/TB-TCHQ,2015,https://thuvienphapluat.vn/van-ban/Xuat-nhap-khau/Thong-bao-9807-TB-TCHQ-ket-qua-phan-loai-nhua-Polyete-xuat-nhap-khau-2015-309089.aspx
16,3148,9804/TB-TCHQ,2015,https://thuvienphapluat.vn/van-ban/Xuat-nhap-khau/Thong-bao-9804-TB-TCHQ-ket-qua-phan-loai-keo-tao-nep-vai-xuat-nhap-khau-2015-309086.aspx
16,3149,9803/TB-TCHQ,2015,https://thuvienphapluat.vn/van-ban/Xuat-nhap-khau/Thong-bao-9803-TB-TCHQ-ket-qua-phan-loai-chat-phu-gia-tong-hop-xuat-nhap-khau-2015-309085.aspx
16,3150,9811/TB-TCHQ,2015,https://thuvienphapluat.vn/van-ban/Xuat-nhap-khau/Thong-bao-9811-TB-TCHQ-ket-qua-phan-loai-phan-bon-goc-huu-co-xuat-nhap-khau-2015-309092.aspx
16,3151,9801/TB-TCHQ,2015,https://thuvienphapluat.vn/van-ban/Xuat-nhap-khau/Thong-bao-9801-TB-TCHQ-ket-qua-phan-loai-Chat-phu-gia-tong-hop-xuat-nhap-khau-2015-309083.aspx
16,3152,9809/TB-TCHQ,2015,https://thuvienphapluat.vn/van-ban/Xuat-nhap-khau/Thong-bao-9809-TB-TCHQ-ket-qua-phan-loai-chat-xuc-tien-luu-hoa-cao-su-gang-tay-y-te-2015-309091.aspx
16,3153,9813/TB-TCHQ,2015,https://thuvienphapluat.vn/van-ban/Xuat-nhap-khau/Thong-bao-9813-TB-TCHQ-ket-qua-phan-loai-chat-de-hoan-tat-Accelerator-CH-01-2015-309094.aspx
17,3154,9806/TB-TCHQ,2015,https://thuvienphapluat.vn/van-ban/Xuat-nhap-khau/Thong-bao-9806-TB-TCHQ-ket-qua-phan-loai-Polyurethane-dang-long-xuat-nhap-khau-2015-309088.aspx
17,3155,9805/TB-TCHQ,2015,https://thuvienphapluat.vn/van-ban/Xuat-nhap-khau/Thong-bao-9805-TB-TCHQ-ket-qua-phan-loai-Polyurethane-dang-long-xuat-nhap-khau-2015-309087.aspx
17,3156,9778/TB-TCHQ,2015,https://thuvienphapluat.vn/van-ban/Xuat-nhap-khau/Thong-bao-9778-TB-TCHQ-ket-qua-phan-loai-Thep-cuon-can-nong-dang-bang-xuat-nhap-khau-2015-309082.aspx
17,3157,9688/TB-TCHQ,2015,https://thuvienphapluat.vn/van-ban/Xuat-nhap-khau/Thong-bao-9688-TB-TCHQ-dinh-chinh-ket-qua-phan-loai-hang-hoa-xuat-nhap-khau-2015-324365.aspx
17,3158,9699/TB-TCHQ,2015,https://thuvienphapluat.vn/van-ban/Xuat-nhap-khau/Thong-bao-9699-TB-TCHQ-ket-qua-phan-loai-hang-hoa-xuat-nhap-khau-dung-moi-S-9700-2015-324367.aspx
17,3159,9698/TB-TCHQ,2015,https://thuvienphapluat.vn/van-ban/Xuat-nhap-khau/Thong-bao-9698-TB-TCHQ-ket-qua-phan-loai-chat-khang-bot-dung-trong-nganh-det-may-xuat-nhap-khau-2015-324366.aspx
17,3160,9700/TB-TCHQ,2015,https://thuvienphapluat.vn/van-ban/Xuat-nhap-khau/Thong-bao-9700-TB-TCHQ-ket-qua-phan-loai-hang-hoa-xuat-nhap-khau-hoa-chat-tro-giup-nhuom-2015-324368.aspx
17,3162,9594/TB-TCHQ,2015,https://thuvienphapluat.vn/van-ban/Xuat-nhap-khau/Thong-bao-9594-TB-TCHQ-ket-qua-phan-loai-hang-hoa-xuat-nhap-khau-vecni-lam-tu-polymer-tong-hop-2015-324363.aspx
17,3163,9595/TB-TCHQ,2015,https://thuvienphapluat.vn/van-ban/Xuat-nhap-khau/Thong-bao-9595-TB-TCHQ-phan-loai-hang-hoa-xuat-nhap-khau-vo-bao-ve-bang-nhua-co-ban-phim-2015-324364.aspx
17,3164,9557/TB-TCHQ,2015,https://thuvienphapluat.vn/van-ban/Thuong-mai/Thong-bao-9557-TB-TCHQ-phan-loai-hang-hoa-xuat-nhap-khau-Thep-hop-kim-can-phang-can-nguoi-2015-295422.aspx
17,3165,9526/TB-TCHQ,2015,https://thuvienphapluat.vn/van-ban/Xuat-nhap-khau/Thong-bao-9526-TB-TCHQ-ket-qua-phan-loai-nhua-Melaxnin-formaldehyde-xuat-nhap-khau-2015-308994.aspx
17,3166,9566/TB-TCHQ,2015,https://thuvienphapluat.vn/van-ban/Xuat-nhap-khau/Thong-bao-9566-TB-TCHQ-ket-qua-phan-loai-nguyen-lieu-san-xuat-de-giay-xuat-nhap-khau-2015-308998.aspx
17,3167,9527/TB-TCHQ,2015,https://thuvienphapluat.vn/van-ban/Xuat-nhap-khau/Thong-bao-9527-TB-TCHQ-ket-qua-phan-loai-vua-Bdex-chiu-nhiet-trong-lo-nung-xuat-nhap-khau-2015-308995.aspx
17,3168,9574/TB-TCHQ,2015,https://thuvienphapluat.vn/van-ban/Xuat-nhap-khau/Thong-bao-9574-TB-TCHQ-ket-qua-phan-loai-thep-khong-gi-dang-tam-can-nguoi-xuat-nhap-khau-2015-309002.aspx
17,3169,9572/TB-TCHQ,2015,https://thuvienphapluat.vn/van-ban/Xuat-nhap-khau/Thong-bao-9572-TB-TCHQ-ket-qua-phan-loai-nhua-Polyme-Acrylic-san-xuat-son-xuat-nhap-khau-2015-309000.aspx
17,3170,9528/TB-TCHQ,2015,https://thuvienphapluat.vn/van-ban/Xuat-nhap-khau/Thong-bao-9528-TB-TCHQ-ket-qua-phan-loai-thuoc-thu-y-khang-sinh-amoxicillin-xuat-nhap-khau-2015-308996.aspx
17,3171,9571/TB-TCHQ,2015,https://thuvienphapluat.vn/van-ban/Xuat-nhap-khau/Thong-bao-9571-TB-TCHQ-ket-qua-phan-loai-Lenovol-WX-lam-nguyen-lieu-san-xuat-keo-2015-308999.aspx
17,3172,9525/TB-TCHQ,2015,https://thuvienphapluat.vn/van-ban/Xuat-nhap-khau/Thong-bao-9525-TB-TCHQ-ket-qua-phan-loai-phan-bon-NPK-xuat-nhap-khau-2015-308993.aspx
17,3173,9573/TB-TCHQ,2015,https://thuvienphapluat.vn/van-ban/Xuat-nhap-khau/Thong-bao-9573-TB-TCHQ-ket-qua-phan-loai-thep-khong-gi-dang-tam-can-nguoi-xuat-nhap-khau-2015-309001.aspx
17,3174,9563/TB-TCHQ,2015,https://thuvienphapluat.vn/van-ban/Xuat-nhap-khau/Thong-bao-9563-TB-TCHQ-ket-qua-phan-loai-SF01-Aminoplastene-CPW-3-nguyen-lieu-san-xuat-de-giay-2015-308983.aspx
17,3175,9564/TB-TCHQ,2015,https://thuvienphapluat.vn/van-ban/Xuat-nhap-khau/Thong-bao-9564-TB-TCHQ-phan-loai-nguyen-lieu-san-xuat-de-giay-Emulsion-sanh-chong-dinh-2015-308984.aspx
17,3176,9529/TB-TCHQ,2015,https://thuvienphapluat.vn/van-ban/Xuat-nhap-khau/Thong-bao-9529-TB-TCHQ-ket-qua-phan-loai-soi-filament-tong-hop-tru-chi-khau-2015-308981.aspx
17,3177,9530/TB-TCHQ,2015,https://thuvienphapluat.vn/van-ban/Xuat-nhap-khau/Thong-bao-9530-TB-TCHQ-ket-qua-phan-loai-Lubrizol-2062-che-pham-hoa-hoc-nganh-son-2015-308982.aspx
17,3178,9565/TB-TCHQ,2015,https://thuvienphapluat.vn/van-ban/Xuat-nhap-khau/Thong-bao-9565-TB-TCHQ-ket-qua-phan-loai-SF20-Enetrans-CPW-46-Xtra-san-xuat-de-giay-2015-308997.aspx
17,3180,9555/TB-TCHQ,2015,https://thuvienphapluat.vn/van-ban/Thuong-mai/Thong-bao-9555-TB-TCHQ-ket-qua-phan-loai-hang-hoa-xuat-nhap-khau-2015-295420.aspx
18,3181,9560/TB-TCHQ,2015,https://thuvienphapluat.vn/van-ban/Thuong-mai/Thong-bao-9560-TB-TCHQ-phan-loai-hang-hoa-xuat-nhap-khau-den-phau-thuat-treo-tran-anh-sang-LED-2015-295348.aspx
18,3184,9556/TB-TCHQ,2015,https://thuvienphapluat.vn/van-ban/Thuong-mai/Thong-bao-9556-TB-TCHQ-phan-loai-hang-hoa-xuat-nhap-khau-thep-khong-gi-dang-tam-can-phang-2015-295421.aspx
18,3185,9561/TB-TCHQ,2015,https://thuvienphapluat.vn/van-ban/Thuong-mai/Thong-bao-9561-TB-TCHQ-ket-qua-phan-loai-hang-hoa-xuat-nhap-khau-nguyen-lieu-san-xuat-de-giay-2015-295349.aspx
18,3186,9562/TB-TCHQ,2015,https://thuvienphapluat.vn/van-ban/Thuong-mai/Thong-bao-9562-TB-TCHQ-ket-qua-phan-loai-hang-hoa-xuat-nhap-khau-nguyen-lieu-san-xuat-de-giay-SF06-2015-295350.aspx
18,3187,9570/TB-TCHQ,2015,https://thuvienphapluat.vn/van-ban/Thuong-mai/Thong-bao-9570-TB-TCHQ-ket-qua-phan-loai-hang-xuat-nhap-khau-nguyen-lieu-san-xuat-keo-FK-900-2015-295354.aspx
18,3188,9567/TB-TCHQ,2015,https://thuvienphapluat.vn/van-ban/Thuong-mai/Thong-bao-9567-TB-TCHQ-ket-qua-phan-loai-hang-hoa-xuat-nhap-khau-nguyen-lieu-san-xuat-de-giay-SF14-2015-295351.aspx
18,3189,9558/TB-TCHQ,2015,https://thuvienphapluat.vn/van-ban/Thuong-mai/Thong-bao-9558-TB-TCHQ-phan-loai-hang-hoa-xuat-nhap-khau-Thep-thanh-SEA1215MS-2015-295423.aspx
18,3190,9412/TB-TCHQ,2015,https://thuvienphapluat.vn/van-ban/Xuat-nhap-khau/Thong-bao-9412-TB-TCHQ-ket-qua-phan-loai-hang-hoa-xuat-nhap-khau-2015-314770.aspx
18,3191,9502/TB-TCHQ,2015,https://thuvienphapluat.vn/van-ban/Xuat-nhap-khau/Thong-bao-9502-TB-TCHQ-ket-qua-phan-loai-che-pham-lam-bong-da-long-thu-xuat-nhap-khau-2015-308991.aspx
18,3192,9499/TB-TCHQ,2015,https://thuvienphapluat.vn/van-ban/Xuat-nhap-khau/Thong-bao-9499-TB-TCHQ-ket-qua-phan-loai-Simethicone-nguyen-sinh-dang-phan-tan-2015-308978.aspx
18,3194,9484/TB-TCHQ,2015,https://thuvienphapluat.vn/van-ban/Xuat-nhap-khau/Thong-bao-9484-TB-TCHQ-ket-qua-phan-loai-chat-tao-bong-phu-be-mat-giay-xuat-nhap-khau-2015-308971.aspx
18,3195,9492/TB-TCHQ,2015,https://thuvienphapluat.vn/van-ban/Xuat-nhap-khau/Thong-bao-9492-TB-TCHQ-ket-qua-phan-loai-che-pham-ngam-da-WS-xuat-nhap-khau-2015-308989.aspx
18,3196,9490/TB-TCHQ,2015,https://thuvienphapluat.vn/van-ban/Xuat-nhap-khau/Thong-bao-9490-TB-TCHQ-ket-qua-phan-loai-che-pham-tao-do-am-cho-da-TH-xuat-nhap-khau-2015-308987.aspx
18,3197,9486/TB-TCHQ,2015,https://thuvienphapluat.vn/van-ban/Xuat-nhap-khau/Thong-bao-9486-TB-TCHQ-ket-qua-phan-loai-che-pham-khu-dau-qua-trinh-thuoc-da-AK-2015-308973.aspx
18,3198,9497/TB-TCHQ,2015,https://thuvienphapluat.vn/van-ban/Xuat-nhap-khau/Thong-bao-9497-TB-TCHQ-ket-qua-phan-loai-Simvastatin-dang-bot-nguyen-lieu-san-xuat-thuoc-2015-308976.aspx
18,3200,9487/TB-TCHQ,2015,https://thuvienphapluat.vn/van-ban/Xuat-nhap-khau/Thong-bao-9487-TB-TCHQ-ket-qua-phan-loai-che-pham-lam-cang-da-xuat-nhap-khau-2015-308974.aspx
18,3201,9494/TB-TCHQ,2015,https://thuvienphapluat.vn/van-ban/Xuat-nhap-khau/Thong-bao-9494-TB-TCHQ-ket-qua-phan-loai-Amoni-nhom-sulphat-dang-bot-xuat-nhap-khau-2015-308975.aspx
18,3202,9488/TB-TCHQ,2015,https://thuvienphapluat.vn/van-ban/Xuat-nhap-khau/Thong-bao-9488-TB-TCHQ-ket-qua-phan-loai-che-pham-lam-min-da-BE-xuat-nhap-khau-2015-308985.aspx
18,3203,9503/TB-TCHQ,2015,https://thuvienphapluat.vn/van-ban/Xuat-nhap-khau/Thong-bao-9503-TB-TCHQ-ket-qua-phan-loai-chat-mau-Hoover-san-xuat-son-phu-go-xuat-nhap-khau-2015-308992.aspx
18,3204,9498/TB-TCHQ,2015,https://thuvienphapluat.vn/van-ban/Xuat-nhap-khau/Thong-bao-9498-TB-TCHQ-ket-qua-phan-loai-Nicotinamide-Vitamin-PP-nguyen-lieu-san-xuat-thuoc-2015-308977.aspx
18,3205,9500/TB-TCHQ,2015,https://thuvienphapluat.vn/van-ban/Xuat-nhap-khau/Thong-bao-9500-TB-TCHQ-ket-qua-phan-loai-Snotex-P-300A-lam-chat-phu-tro-nganh-det-2015-308979.aspx
18,3206,9501/TB-TCHQ,2015,https://thuvienphapluat.vn/van-ban/Xuat-nhap-khau/Thong-bao-9501-TB-TCHQ-ket-qua-phan-loai-NEOTEX-PD-460-nganh-det-xuat-nhap-khau-2015-308980.aspx
18,3207,9489/TB-TCHQ,2015,https://thuvienphapluat.vn/van-ban/Xuat-nhap-khau/Thong-bao-9489-TB-TCHQ-ket-qua-phan-loai-che-pham-lam-mem-da-KB-xuat-nhap-khau-2015-308986.aspx
18,3208,9493/TB-TCHQ,2015,https://thuvienphapluat.vn/van-ban/Xuat-nhap-khau/Thong-bao-9493-TB-TCHQ-ket-qua-phan-loai-nhom-triformat-dang-bot-thuoc-da-xuat-nhap-khau-2015-308990.aspx
18,3209,9317/TB-TCHQ,2015,https://thuvienphapluat.vn/van-ban/Xuat-nhap-khau/Thong-bao-9317-TB-TCHQ-ket-qua-phan-loai-hang-hoa-xuat-nhap-khau-chat-tinh-luyen-nhom-2015-320920.aspx
19,3210,9314/TB-TCHQ,2015,https://thuvienphapluat.vn/van-ban/Xuat-nhap-khau/Thong-bao-9314-TB-TCHQ-ket-qua-phan-loai-polyamit-dang-nguyen-sinh-long-dung-san-xuat-son-2015-320919.aspx
19,3211,9316/TB-TCHQ,2015,https://thuvienphapluat.vn/van-ban/Xuat-nhap-khau/Thong-bao-9316-TB-TCHQ-ket-qua-phan-loai-chat-tinh-luyen-khu-xi-dong-xuat-nhap-khau-2015-308864.aspx
19,3212,9311/TB-TCHQ,2015,https://thuvienphapluat.vn/van-ban/Xuat-nhap-khau/Thong-bao-9311-TB-TCHQ-phan-loai-chat-ket-dinh-di-tu-Polyvinylpyrrolidone-2015-308860.aspx
19,3213,9313/TB-TCHQ,2015,https://thuvienphapluat.vn/van-ban/Xuat-nhap-khau/Thong-bao-9313-TB-TCHQ-ket-qua-phan-loai-hang-hoa-xuat-nhap-khau-mang-film-2015-308862.aspx
19,3214,9315/TB-TCHQ,2015,https://thuvienphapluat.vn/van-ban/Xuat-nhap-khau/Thong-bao-9315-TB-TCHQ-phan-loai-chat-tinh-luyen-khu-Magie-trong-nhom-nau-luyen-nhom-2015-308863.aspx
19,3215,9312/TB-TCHQ,2015,https://thuvienphapluat.vn/van-ban/Xuat-nhap-khau/Thong-bao-9312-TB-TCHQ-phan-loai-bot-Aceclofenac-nguyen-lieu-san-xuat-thuoc-2015-308861.aspx
19,3216,9285/TB-TCHQ,2015,https://thuvienphapluat.vn/van-ban/Xuat-nhap-khau/Thong-bao-9285-TB-TCHQ-ket-qua-phan-loai-nano-cal-V-T663-da-tam-axit-beo-cong-nghiep-nhua-2015-320914.aspx
19,3217,9286/TB-TCHQ,2015,https://thuvienphapluat.vn/van-ban/Xuat-nhap-khau/Thong-bao-9286-TB-TCHQ-ket-qua-phan-loai-hang-hoa-xuat-nhap-khau-pho-mai-Cheddar-2015-320915.aspx
19,3218,9288/TB-TCHQ,2015,https://thuvienphapluat.vn/van-ban/Xuat-nhap-khau/Thong-bao-9288-TB-TCHQ-ket-qua-phan-loai-bot-nephelin-dung-de-san-xuat-gom-su-2015-320916.aspx
19,3219,9289/TB-TCHQ,2015,https://thuvienphapluat.vn/van-ban/Xuat-nhap-khau/Thong-bao-9289-TB-TCHQ-ket-qua-phan-loai-cap-thep-dung-buoc-tau-loai-xoan-xuoi-moi-2015-320917.aspx
19,3220,9290/TB-TCHQ,2015,https://thuvienphapluat.vn/van-ban/Xuat-nhap-khau/Thong-bao-9290-TB-TCHQ-ket-qua-phan-loai-polyuretan-nguyen-sinh-dang-long-dung-trong-san-xuat-son-2015-320918.aspx
19,3221,9287/TB-TCHQ,2015,https://thuvienphapluat.vn/van-ban/Xuat-nhap-khau/Thong-bao-9287-TB-TCHQ-ket-qua-phan-loai-che-pham-nganh-det-nhuom-xuat-nhap-khau-2015-308855.aspx
19,3222,9296/TB-TCHQ,2015,https://thuvienphapluat.vn/van-ban/Xuat-nhap-khau/Thong-bao-9296-TB-TCHQ-phan-loai-chat-don-Calcium-carbonate-nganh-nhua-2015-308859.aspx
19,3223,9293/TB-TCHQ,2015,https://thuvienphapluat.vn/van-ban/Xuat-nhap-khau/Thong-bao-9293-TB-TCHQ-phan-loai-dung-moi-pha-son-san-xuat-gom-su-thuy-tinh-xuat-nhap-khau-2015-308856.aspx
19,3224,9294/TB-TCHQ,2015,https://thuvienphapluat.vn/van-ban/Xuat-nhap-khau/Thong-bao-9294-TB-TCHQ-phan-loai-hang-dung-moi-pha-son-san-xuat-gom-su-thuy-tinh-2015-308857.aspx
19,3225,9295/TB-TCHQ,2015,https://thuvienphapluat.vn/van-ban/Xuat-nhap-khau/Thong-bao-9295-TB-TCHQ-ket-qua-phan-loai-chat-chong-am-xuat-nhap-khau-2015-308858.aspx
19,3234,9203/TB-TCHQ,2015,https://thuvienphapluat.vn/van-ban/Xuat-nhap-khau/Thong-bao-9203-TB-TCHQ-ket-qua-phan-loai-chat-phu-chong-tham-chong-nong-Topps-Seal-Excel-2015-308036.aspx
19,3235,9204/TB-TCHQ,2015,https://thuvienphapluat.vn/van-ban/Xuat-nhap-khau/Thong-bao-9204-TB-TCHQ-ket-qua-phan-loai-hop-dung-file-chua-tuy-dung-cu-tram-rang-2015-308037.aspx
19,3236,9212/TB-TCHQ,2015,https://thuvienphapluat.vn/van-ban/Xuat-nhap-khau/Thong-bao-9212-TB-TCHQ-ket-qua-phan-loai-chat-phu-chong-tham-dau-vit-Seam-RiverGuard-2015-308045.aspx
19,3237,9202/TB-TCHQ,2015,https://thuvienphapluat.vn/van-ban/Xuat-nhap-khau/Thong-bao-9202-TB-TCHQ-ket-qua-phan-loai-tam-soi-thuy-tinh-dung-lam-thiet-bi-loc-khi-Hepa-cuon-2015-308035.aspx
19,3238,9206/TB-TCHQ,2015,https://thuvienphapluat.vn/van-ban/Xuat-nhap-khau/Thong-bao-9206-TB-TCHQ-ket-qua-phan-loai-chat-phu-chong-tham-chong-nong-Topps-Seal-Base-Coat-2015-308039.aspx
19,3239,9211/TB-TCHQ,2015,https://thuvienphapluat.vn/van-ban/Xuat-nhap-khau/Thong-bao-9211-TB-TCHQ-ket-qua-phan-loai-mang-luoi-gia-cuong-chong-tham-PolyCore-2015-308044.aspx
19,3240,9215/TB-TCHQ,2015,https://thuvienphapluat.vn/van-ban/Xuat-nhap-khau/Thong-bao-9215-TB-TCHQ-ket-qua-phan-loai-chat-ket-dinh-lam-tu-Polyme-dan-go-2015-308020.aspx
19,3243,9201/TB-TCHQ,2015,https://thuvienphapluat.vn/van-ban/Xuat-nhap-khau/Thong-bao-9201-TB-TCHQ-ket-qua-phan-loai-giay-trang-lang-hai-mat-2015-308034.aspx
19,3244,9207/TB-TCHQ,2015,https://thuvienphapluat.vn/van-ban/Xuat-nhap-khau/Thong-bao-9207-TB-TCHQ-ket-qua-phan-loai-chat-phu-chong-tham-chong-nong-Topps-Seal-2015-308040.aspx
20,3246,9208/TB-TCHQ,2015,https://thuvienphapluat.vn/van-ban/Xuat-nhap-khau/Thong-bao-9208-TB-TCHQ-ket-qua-phan-loai-chat-phu-chong-tham-chong-nong-ts-commercial-base-coat-2015-308041.aspx
20,3247,9209/TB-TCHQ,2015,https://thuvienphapluat.vn/van-ban/Xuat-nhap-khau/Thong-bao-9209-TB-TCHQ-ket-qua-phan-loai-chat-phu-chong-tham-chong-nong-len-tole-lay-sang-Skycoat-2015-308042.aspx
20,3248,9205/TB-TCHQ,2015,https://thuvienphapluat.vn/van-ban/Xuat-nhap-khau/Thong-bao-9205-TB-TCHQ-ket-qua-phan-loai-hop-kim-fero-silicon-mangan-2015-308038.aspx
20,3256,9101/TB-TCHQ,2015,https://thuvienphapluat.vn/van-ban/Xuat-nhap-khau/Thong-bao-9101-TB-TCHQ-ket-qua-phan-loai-vai-trang-phu-cao-su-tong-hop-xuat-nhap-khau-2015-308852.aspx
20,3257,9098/TB-TCHQ,2015,https://thuvienphapluat.vn/van-ban/Xuat-nhap-khau/Thong-bao-9098-TB-TCHQ-ket-qua-phan-loai-thuoc-mau-da-pha-che-san-xuat-son-xuat-nhap-khau-2015-308879.aspx
20,3258,9103/TB-TCHQ,2015,https://thuvienphapluat.vn/van-ban/Xuat-nhap-khau/Thong-bao-9103-TB-TCHQ-ket-qua-phan-loai-vai-trang-phu-cao-su-tong-hop-xuat-nhap-khau-2015-308853.aspx
20,3259,9099/TB-TCHQ,2015,https://thuvienphapluat.vn/van-ban/Xuat-nhap-khau/Thong-bao-9099-TB-TCHQ-ket-qua-phan-loai-vai-trang-phu-cao-su-tong-hop-xuat-nhap-khau-2015-308880.aspx
20,3260,9100/TB-TCHQ,2015,https://thuvienphapluat.vn/van-ban/Xuat-nhap-khau/Thong-bao-9100-TB-TCHQ-phan-loai-hang-xuat-nhap-khau-Polyme-acrylic-nguyen-sinh-dang-long-2015-308881.aspx
20,3261,9088/TB-TCHQ,2015,https://thuvienphapluat.vn/van-ban/Xuat-nhap-khau/Thong-bao-9088-TB-TCHQ-ket-qua-phan-loai-chat-ma-dong-xuat-nhap-khau-2015-308871.aspx
20,3262,9092/TB-TCHQ,2015,https://thuvienphapluat.vn/van-ban/Xuat-nhap-khau/Thong-bao-9092-TB-TCHQ-ket-qua-phan-loai-hang-hoa-xuat-nhap-khau-la-chat-ma-dong-2015-308874.aspx
20,3263,9086/TB-TCHQ,2015,https://thuvienphapluat.vn/van-ban/Xuat-nhap-khau/Thong-bao-9086-TB-TCHQ-phan-loai-dau-noi-day-dien-dung-san-xuat-may-giat-xuat-nhap-khau-2015-308869.aspx
20,3264,9104/TB-TCHQ,2015,https://thuvienphapluat.vn/van-ban/Xuat-nhap-khau/Thong-bao-9104-TB-TCHQ-ket-qua-phan-loai-vai-trang-phu-cao-su-tong-hop-xuat-nhap-khau-2015-308854.aspx
20,3265,9089/TB-TCHQ,2015,https://thuvienphapluat.vn/van-ban/Xuat-nhap-khau/Thong-bao-9089-TB-TCHQ-ket-qua-phan-loai-chat-khu-ma-dong-xuat-nhap-khau-2015-308872.aspx
20,3266,9097/TB-TCHQ,2015,https://thuvienphapluat.vn/van-ban/Xuat-nhap-khau/Thong-bao-9097-TB-TCHQ-ket-qua-phan-loai-vai-det-kim-tu-xo-nhan-tao-xuat-nhap-khau-2015-308878.aspx
20,3267,9095/TB-TCHQ,2015,https://thuvienphapluat.vn/van-ban/Xuat-nhap-khau/Thong-bao-9095-TB-TCHQ-ket-qua-phan-loai-nuoc-chong-dinh-xuat-nhap-khau-2015-308876.aspx
20,3268,9094/TB-TCHQ,2015,https://thuvienphapluat.vn/van-ban/Xuat-nhap-khau/Thong-bao-9094-TB-TCHQ-ket-qua-phan-loai-dau-chong-dinh-xuat-nhap-khau-2015-308875.aspx
20,3269,9090/TB-TCHQ,2015,https://thuvienphapluat.vn/van-ban/Xuat-nhap-khau/Thong-bao-9090-TB-TCHQ-ket-qua-phan-loai-hang-hoa-xuat-nhap-khau-la-chat-ma-dong-2015-308873.aspx
20,3270,9096/TB-TCHQ,2015,https://thuvienphapluat.vn/van-ban/Xuat-nhap-khau/Thong-bao-9096-TB-TCHQ-phan-loai-pin-sac-polymer-cell-tich-dien-du-phong-xuat-nhap-khau-2015-308877.aspx
20,3271,9087/TB-TCHQ,2015,https://thuvienphapluat.vn/van-ban/Xuat-nhap-khau/Thong-bao-9087-TB-TCHQ-ket-qua-phan-loai-chat-ma-Niken-xuat-nhap-khau-2015-308870.aspx
20,3274,9030/TB-TCHQ,2015,https://thuvienphapluat.vn/van-ban/Xuat-nhap-khau/Thong-bao-9030-TB-TCHQ-ket-qua-phan-loai-vai-det-thoi-tu-soi-polyester-pha-len-2015-308775.aspx
20,3275,9024/TB-TCHQ,2015,https://thuvienphapluat.vn/van-ban/Xuat-nhap-khau/Thong-bao-9024-TB-TCHQ-ket-qua-phan-loai-hang-hoa-xuat-nhap-khau-Sua-rua-mat-chong-lao-hoa-da-2015-308769.aspx
20,3276,9029/TB-TCHQ,2015,https://thuvienphapluat.vn/van-ban/Xuat-nhap-khau/Thong-bao-9029-TB-TCHQ-ket-qua-phan-loai-dung-moi-de-pha-keo-sua-2015-308774.aspx
20,3277,9028/TB-TCHQ,2015,https://thuvienphapluat.vn/van-ban/Xuat-nhap-khau/Thong-bao-9028-TB-TCHQ-ket-qua-phan-loai-bong-cuon-xuat-nhap-khau-2015-308773.aspx
20,3278,9025/TB-TCHQ,2015,https://thuvienphapluat.vn/van-ban/Xuat-nhap-khau/Thong-bao-9025-TB-TCHQ-ket-qua-phan-loai-hang-hoa-xuat-nhap-khau-Gel-lau-rua-da-sinh-ly-2015-308770.aspx
20,3279,9026/TB-TCHQ,2015,https://thuvienphapluat.vn/van-ban/Xuat-nhap-khau/Thong-bao-9026-TB-TCHQ-ket-qua-phan-loai-hang-hoa-xuat-nhap-khau-Chat-xu-ly-2015-308771.aspx
21,3280,9020/TB-TCHQ,2015,https://thuvienphapluat.vn/van-ban/Xuat-nhap-khau/Thong-bao-9020-TB-TCHQ-ket-qua-phan-loai-hang-hoa-xuat-nhap-khau-phan-bon-la-2015-308767.aspx
21,3281,9021/TB-TCHQ,2015,https://thuvienphapluat.vn/van-ban/Xuat-nhap-khau/Thong-bao-9021-TB-TCHQ-ket-qua-phan-loai-hang-hoa-xuat-nhap-khau-Gel-rua-mat-dung-cho-da-dau-2015-308768.aspx
21,3282,9027/TB-TCHQ,2015,https://thuvienphapluat.vn/van-ban/Xuat-nhap-khau/Thong-bao-9027-TB-TCHQ-ket-qua-phan-loai-chat-dong-cung-ICELLIT-xuat-nhap-khau-2015-308772.aspx
21,3283,8992/TB-TCHQ,2015,https://thuvienphapluat.vn/van-ban/Xuat-nhap-khau/Thong-bao-8992-TB-TCHQ-phan-loai-Antarox-724P-chat-hoat-dong-be-mat-huu-co-san-xuat-thuoc-2015-292218.aspx
21,3284,8998/TB-TCHQ,2015,https://thuvienphapluat.vn/van-ban/Xuat-nhap-khau/Thong-bao-8998-TB-TCHQ-ket-qua-phan-loai-hang-hoa-xuat-nhap-khau-dung-dich-chong-gi-set-kim-loai-2015-308766.aspx
21,3285,8995/TB-TCHQ,2015,https://thuvienphapluat.vn/van-ban/Xuat-nhap-khau/Thong-bao-8995-TB-TCHQ-phan-loai-hang-xuat-nhap-khau-Thuoc-nhuom-dang-long-may-san-xuat-giay-2015-308764.aspx
21,3286,8993/TB-TCHQ,2015,https://thuvienphapluat.vn/van-ban/Xuat-nhap-khau/Thong-bao-8993-TB-TCHQ-phan-loai-hang-xuat-nhap-khau-cap-xoan-truyen-tin-hieu-ket-noi-internet-2015-308763.aspx
21,3287,8990/TB-TCHQ,2015,https://thuvienphapluat.vn/van-ban/Xuat-nhap-khau/Thong-bao-8990-TB-TCHQ-phan-loai-hang-xuat-nhap-khau-chat-hoat-dong-be-mat-san-xuat-my-pham-2015-308761.aspx
21,3288,8997/TB-TCHQ,2015,https://thuvienphapluat.vn/van-ban/Xuat-nhap-khau/Thong-bao-8997-TB-TCHQ-ket-qua-phan-loai-hang-hoa-xuat-nhap-khau-la-ong-thep-hop-kim-han-2015-308765.aspx
21,3289,8976/TB-TCHQ,2015,https://thuvienphapluat.vn/van-ban/Xuat-nhap-khau/Thong-bao-8976-TB-TCHQ-ket-qua-phan-loai-hang-xuat-nhap-khau-chat-on-dinh-Gelatine-bot-che-bien-sua-2015-308758.aspx
21,3290,8988/TB-TCHQ,2015,https://thuvienphapluat.vn/van-ban/Xuat-nhap-khau/Thong-bao-8988-TB-TCHQ-phan-loai-hang-xuat-nhap-khau-che-pham-dau-chong-gi-xu-ly-be-mat-kim-loai-2015-308759.aspx
21,3291,8991/TB-TCHQ,2015,https://thuvienphapluat.vn/van-ban/Xuat-nhap-khau/Thong-bao-8991-TB-TCHQ-phan-loai-hang-hoa-xuat-nhap-khau-la-nhua-nguyen-sinh-polyether-polyols-2015-308762.aspx
21,3292,8977/TB-TCHQ,2015,https://thuvienphapluat.vn/van-ban/Xuat-nhap-khau/Thong-bao-8977-TB-TCHQ-phan-loai-chat-xu-ly-LOCTITE-BONDACE-2003TF-V-2015-292217.aspx
21,3293,8996/TB-TCHQ,2015,https://thuvienphapluat.vn/van-ban/Xuat-nhap-khau/Thong-bao-8996-TB-TCHQ-phan-loai-thep-cuon-can-nong-khong-hop-kim-khong-phu-ma-trang-2015-292219.aspx
21,3295,8904/TB-TCHQ,2015,https://thuvienphapluat.vn/van-ban/Thuong-mai/Thong-bao-8904-TB-TCHQ-phan-loai-giay-trang-dang-tam-da-trang-1-mat-mo-dung-san-xuat-tem-nhan-2015-295108.aspx
21,3296,8924/TB-TCHQ,2015,https://thuvienphapluat.vn/van-ban/Thuong-mai/Thong-bao-8924-TB-TCHQ-phan-loai-LG-35-nguyen-lieu-dung-cho-san-xuat-chat-on-dinh-cua-nhua-2015-295321.aspx
21,3297,8902/TB-TCHQ,2015,https://thuvienphapluat.vn/van-ban/Thuong-mai/Thong-bao-8902-TB-TCHQ-phan-loai-tuong-dau-DOEN-JANG-2015-295106.aspx
21,3298,8884/TB-TCHQ,2015,https://thuvienphapluat.vn/van-ban/Xuat-nhap-khau/Thong-bao-8884-TB-TCHQ-phan-loai-che-pham-hoa-hoc-nganh-cong-nghiep-hoa-chat-A-620-A2-2015-292163.aspx
21,3299,8873/TB-TCHQ,2015,https://thuvienphapluat.vn/van-ban/Xuat-nhap-khau/Thong-bao-8873-TB-TCHQ-phan-loai-polyurethan-JT-H-2015-292127.aspx
21,3300,8889/TB-TCHQ,2015,https://thuvienphapluat.vn/van-ban/Xuat-nhap-khau/Thong-bao-8889-TB-TCHQ-phan-loai-che-pham-hoan-tat-dung-trong-nganh-det-Arkofix-NZK-ID-liq-2015-292128.aspx
21,3301,8901/TB-TCHQ,2015,https://thuvienphapluat.vn/van-ban/Xuat-nhap-khau/Thong-bao-8901-TB-TCHQ-phan-loai-nguyen-lieu-che-bien-thuc-an-gia-suc-dau-ca-SARDINE-CRUDE-2015-292169.aspx
21,3302,8886/TB-TCHQ,2015,https://thuvienphapluat.vn/van-ban/Thuong-mai/Thong-bao-8886-TB-TCHQ-phan-loai-thuoc-nhuom-FLAVINE-7G-2015-295018.aspx
21,3303,8880/TB-TCHQ,2015,https://thuvienphapluat.vn/van-ban/Xuat-nhap-khau/Thong-bao-8880-TB-TCHQ-phan-loai-hat-nhua-PC-Plastic-2015-292158.aspx
21,3304,8888/TB-TCHQ,2015,https://thuvienphapluat.vn/van-ban/Xuat-nhap-khau/Thong-bao-8888-TB-TCHQ-phan-loai-Polyme-tu-olefin-dang-nguyen-sinh-JSR-EP-33-2015-292165.aspx
21,3305,8890/TB-TCHQ,2015,https://thuvienphapluat.vn/van-ban/Xuat-nhap-khau/Thong-bao-8890-TB-TCHQ-phan-loai-thuoc-nhuom-axit-dang-bot-Nylosan-Yellow-S-L-sgn-2015-292129.aspx
22,3306,8900/TB-TCHQ,2015,https://thuvienphapluat.vn/van-ban/Thuong-mai/Thong-bao-8900-TB-TCHQ-phan-loai-WHITE-MULBERRY-LP-chiet-xuat-dau-tam-hoa-chat-san-xuat-my-pham-2015-295105.aspx
22,3307,8908/TB-TCHQ,2015,https://thuvienphapluat.vn/van-ban/Thuong-mai/Thong-bao-8908-TB-TCHQ-phan-loai-hang-hoa-xuat-nhap-khau-Thuoc-nhuom-truc-tiep-do-4BS-100-2015-295309.aspx
22,3308,8895/TB-TCHQ,2015,https://thuvienphapluat.vn/van-ban/Thuong-mai/Thong-bao-8895-TB-TCHQ-phan-loai-thuc-pham-bao-ve-suc-khoe-dich-chiet-hong-sam-Han-Quoc-2015-295101.aspx
22,3309,8891/TB-TCHQ,2015,https://thuvienphapluat.vn/van-ban/Thuong-mai/Thong-bao-8891-TB-TCHQ-phan-loai-giay-bia-carton-Ensocat-da-trang-dinh-luong-300GSM-2015-295020.aspx
22,3310,8893/TB-TCHQ,2015,https://thuvienphapluat.vn/van-ban/Thuong-mai/Thong-bao-8893-TB-TCHQ-ket-qua-phan-loai-hang-hoa-xuat-nhap-khau-Trang-thach-2015-295013.aspx
22,3311,8894/TB-TCHQ,2015,https://thuvienphapluat.vn/van-ban/Thuong-mai/Thong-bao-8894-TB-TCHQ-phan-loai-thuc-pham-chuc-nang-nuoc-hac-hong-sam-Korean-back-Ginseng-20ml-2015-295014.aspx
22,3312,8899/TB-TCHQ,2015,https://thuvienphapluat.vn/van-ban/Xuat-nhap-khau/Thong-bao-8899-TB-TCHQ-phan-loai-kem-chua-gia-cong-khong-hop-kim-2015-292168.aspx
22,3313,8905/TB-TCHQ,2015,https://thuvienphapluat.vn/van-ban/Thuong-mai/Thong-bao-8905-TB-TCHQ-ket-qua-phan-loai-hang-xuat-nhap-khau-giay-trang-dang-tam-2015-295109.aspx
22,3314,8906/TB-TCHQ,2015,https://thuvienphapluat.vn/van-ban/Xuat-nhap-khau/Thong-bao-8906-TB-TCHQ-phan-loai-hang-hoa-xuat-nhap-khau-thuoc-nhuom-axit-dang-bot-Bestalan-Black-R-3-2015-295110.aspx
22,3315,8898/TB-TCHQ,2015,https://thuvienphapluat.vn/van-ban/Thuong-mai/Thong-bao-8898-TB-TCHQ-phan-loai-bot-nhua-tai-sinh-dang-bot-nhua-PVC-tai-sinh-2015-295104.aspx
22,3316,8903/TB-TCHQ,2015,https://thuvienphapluat.vn/van-ban/Thuong-mai/Thong-bao-8903-TB-TCHQ-phan-loai-bim-bim-SAE-WOO-KKANG-2015-295107.aspx
22,3317,8910/TB-TCHQ,2015,https://thuvienphapluat.vn/van-ban/Xuat-nhap-khau/Thong-bao-8910-TB-TCHQ-phan-loai-hat-nhua-TPE-2015-292170.aspx
22,3318,8887/TB-TCHQ,2015,https://thuvienphapluat.vn/van-ban/Thuong-mai/Thong-bao-8887-TB-TCHQ-phan-loai-thuoc-nhuom-ORANGE-E-2R-2015-295019.aspx
22,3319,8897/TB-TCHQ,2015,https://thuvienphapluat.vn/van-ban/Thuong-mai/Thong-bao-8897-TB-TCHQ-phan-loai-nhua-epoxit-dang-nguyen-sinh-ARADUR30XWM55BD-2015-295103.aspx
22,3320,8892/TB-TCHQ,2015,https://thuvienphapluat.vn/van-ban/Xuat-nhap-khau/Thong-bao-8892-TB-TCHQ-phan-loai-dung-dich-polymer-pigment-base-EXC-297-2015-292167.aspx
22,3321,8872/TB-TCHQ,2015,https://thuvienphapluat.vn/van-ban/Xuat-nhap-khau/Thong-bao-8872-TB-TCHQ-phan-loai-chat-de-hoan-tat-AAM-2015-292126.aspx
22,3322,8843/TB-TCHQ,2015,https://thuvienphapluat.vn/van-ban/Xuat-nhap-khau/Thong-bao-8843-TB-TCHQ-dinh-chinh-thong-bao-ket-qua-phan-loai-than-da-Australia-2015-292157.aspx
22,3323,8803/TB-TCHQ,2015,https://thuvienphapluat.vn/van-ban/Thuong-mai/Thong-bao-8803-TB-TCHQ-phan-loai-chat-mau-huu-co-tong-hop-nganh-det-nhuom-SYNOLON-BLUE-EXW-2015-292141.aspx
22,3324,8802/TB-TCHQ,2015,https://thuvienphapluat.vn/van-ban/Thuong-mai/Thong-bao-8802-TB-TCHQ-phan-loai-doi-chat-mau-huu-co-tong-hop-nganh-det-nhuom-2015-292137.aspx
22,3325,8797/TB-TCHQ,2015,https://thuvienphapluat.vn/van-ban/Xuat-nhap-khau/Thong-bao-8797-TB-TCHQ-phan-loai-chat-mau-huu-co-tong-hop-nganh-det-nhuom-2015-292132.aspx
22,3326,8798/TB-TCHQ,2015,https://thuvienphapluat.vn/van-ban/Thuong-mai/Thong-bao-8798-TB-TCHQ-phan-loai-chat-mau-huu-co-tong-hop-nganh-det-nhuom-2015-292133.aspx
22,3327,8806/TB-TCHQ,2015,https://thuvienphapluat.vn/van-ban/Xuat-nhap-khau/Thong-bao-8806-TB-TCHQ-phan-loai-dau-nhe-che-pham-co-nguon-goc-dau-mo-san-xuat-gang-tay-PVC-2015-292156.aspx
22,3328,8800/TB-TCHQ,2015,https://thuvienphapluat.vn/van-ban/Thuong-mai/Thong-bao-8800-TB-TCHQ-phan-loai-chat-mau-huu-co-tong-hop-nganh-det-nhuom-2015-292135.aspx
22,3329,8795/TB-TCHQ,2015,https://thuvienphapluat.vn/van-ban/Xuat-nhap-khau/Thong-bao-8795-TB-TCHQ-phan-loai-chat-mau-huu-co-tong-hop-nganh-det-nhuom-2015-292131.aspx
22,3330,8801/TB-TCHQ,2015,https://thuvienphapluat.vn/van-ban/Thuong-mai/Thong-bao-8801-TB-TCHQ-phan-loai-chat-mau-huu-co-tong-hop-nganh-det-nhuom-2015-292136.aspx
23,3331,8804/TB-TCHQ,2015,https://thuvienphapluat.vn/van-ban/Thuong-mai/Thong-bao-8804-TB-TCHQ-phan-loai-chat-mau-huu-co-tong-hop-nganh-det-nhuom-2015-292142.aspx
23,3332,8799/TB-TCHQ,2015,https://thuvienphapluat.vn/van-ban/Thuong-mai/Thong-bao-8799-TB-TCHQ-phan-loai-chat-mau-huu-co-tong-hop-nganh-det-nhuom-2015-292134.aspx
23,3333,8732/TB-TCHQ,2015,https://thuvienphapluat.vn/van-ban/Thuong-mai/Thong-bao-8732-TB-TCHQ-phan-loai-day-thep-hop-kim-ma-dong-san-xuat-day-tanh-lop-xe-2015-292155.aspx
23,3335,8665/TB-TCHQ,2015,https://thuvienphapluat.vn/van-ban/Thuong-mai/Thong-bao-8665-TB-TCHQ-phan-loai-hop-chat-hoa-deo-UA-858-Alkyd-resin-2015-292150.aspx
23,3336,8676/TB-TCHQ,2015,https://thuvienphapluat.vn/van-ban/Xuat-nhap-khau/Thong-bao-8676-TB-TCHQ-phan-loai-cao-su-tong-hop-nguyen-phu-lieu-san-xuat-giay-dep-2015-292151.aspx
23,3337,8663/TB-TCHQ,2015,https://thuvienphapluat.vn/van-ban/Xuat-nhap-khau/Thong-bao-8663-TB-TCHQ-phan-loai-Hat-nhua-PA-2015-292125.aspx
23,3338,8716/TB-TCHQ,2015,https://thuvienphapluat.vn/van-ban/Thuong-mai/Thong-bao-8716-TB-TCHQ-phan-loai-PVDC-Printed-Film-GG98H-Red55-2015-292154.aspx
23,3339,8677/TB-TCHQ,2015,https://thuvienphapluat.vn/van-ban/Thuong-mai/Thong-bao-8677-TB-TCHQ-phan-loai-cao-su-styren-butadien-da-duoc-carboxyl-hoa-LATEX-DL-470PA-2015-292152.aspx
23,3340,8662/TB-TCHQ,2015,https://thuvienphapluat.vn/van-ban/Xuat-nhap-khau/Thong-bao-8662-TB-TCHQ-phan-loai-la-hat-nhua-PBT-2015-292124.aspx
23,3346,8419/TB-TCHQ,2015,https://thuvienphapluat.vn/van-ban/Thuong-mai/Thong-bao-8419-TB-TCHQ-phan-loai-bang-keo-nhom-cong-nghiep-dien-tu-chong-tinh-dien-2015-291924.aspx
23,3352,8374/TB-TCHQ,2015,https://thuvienphapluat.vn/van-ban/Xuat-nhap-khau/Thong-bao-8374-TB-TCHQ-phan-loai-cao-su-tong-hop-Styrene-Butadiene-G2198-2015-291966.aspx
23,3358,8380/TB-TCHQ,2015,https://thuvienphapluat.vn/van-ban/Thuong-mai/Thong-bao-8380-TB-TCHQ-phan-loai-hoat-chat-chua-dau-lam-mem-cao-su-Process-oil-P2-2015-291883.aspx
23,3359,8382/TB-TCHQ,2015,https://thuvienphapluat.vn/van-ban/Thuong-mai/Thong-bao-8382-TB-TCHQ-phan-loai-chat-hoat-dong-be-mat-khong-phan-ly-CNO511-2015-291865.aspx
23,3361,8384/TB-TCHQ,2015,https://thuvienphapluat.vn/van-ban/Thuong-mai/Thong-bao-8384-TB-TCHQ-phan-loai-tam-PVC-dang-cuon-dung-trong-cong-nghiep-2015-291867.aspx
23,3362,8375/TB-TCHQ,2015,https://thuvienphapluat.vn/van-ban/Xuat-nhap-khau/Thong-bao-8375-TB-TCHQ-phan-loai-cao-su-tong-hop-Styrene-Butadiene-G2321-2015-291897.aspx
23,3363,8383/TB-TCHQ,2015,https://thuvienphapluat.vn/van-ban/Thuong-mai/Thong-bao-8383-TB-TCHQ-phan-loai-cao-su-tong-hop-NBR-Butadiene-Acrylonitrile-polymer-G2315-2015-291866.aspx
23,3364,8385/TB-TCHQ,2015,https://thuvienphapluat.vn/van-ban/Thuong-mai/Thong-bao-8385-TB-TCHQ-phan-loai-tam-PVC-dang-cuon-dung-trong-cong-nghiep-2015-291868.aspx
23,3365,8376/TB-TCHQ,2015,https://thuvienphapluat.vn/van-ban/Xuat-nhap-khau/Thong-bao-8376-TB-TCHQ-phan-loai-cao-su-tong-hop-Styrene-Butadiene-G2320-2015-291898.aspx
23,3367,8377/TB-TCHQ,2015,https://thuvienphapluat.vn/van-ban/Xuat-nhap-khau/Thong-bao-8377-TB-TCHQ-phan-loai-cao-su-tong-hop-Styrene-Butadiene-G2319-2015-291899.aspx
23,3368,8333/TB-TCHQ,2015,https://thuvienphapluat.vn/van-ban/Thuong-mai/Thong-bao-8333-TB-TCHQ-phan-loai-nap-dau-noi-bang-sat-cua-Micro-2015-291860.aspx
23,3369,8334/TB-TCHQ,2015,https://thuvienphapluat.vn/van-ban/Thuong-mai/Thong-bao-8334-TB-TCHQ-phan-loai-thep-hop-kim-dang-thanh-thep-ren-duoc-gia-cong-mac-thep-KDA1-2015-291861.aspx
23,3370,8336/TB-TCHQ,2015,https://thuvienphapluat.vn/van-ban/Thuong-mai/Thong-bao-8336-TB-TCHQ-phan-loai-SCMS21-thep-hop-kim-can-nguoi-dang-tam-2015-291863.aspx
23,3371,8331/TB-TCHQ,2015,https://thuvienphapluat.vn/van-ban/Xuat-nhap-khau/Thong-bao-8331-TB-TCHQ-phan-loai-Axit-Polyphosphoric-2015-291852.aspx
23,3372,8335/TB-TCHQ,2015,https://thuvienphapluat.vn/van-ban/Thuong-mai/Thong-bao-8335-TB-TCHQ-phan-loai-mang-nhua-dang-cuon-RD6-dung-boc-moi-han-chong-oxi-hoa-2015-291862.aspx
23,3373,8332/TB-TCHQ,2015,https://thuvienphapluat.vn/van-ban/Xuat-nhap-khau/Thong-bao-8332-TB-TCHQ-phan-loai-duong-dac-nong-cap-do-40-50-bitum-dau-mo-2015-291853.aspx
24,3374,8330/TB-TCHQ,2015,https://thuvienphapluat.vn/van-ban/Xuat-nhap-khau/Thong-bao-8330-TB-TCHQ-phan-loai-GR013-Amonium-persulphate-dang-ran-2015-291851.aspx
24,3375,8298/TB-TCHQ,2015,https://thuvienphapluat.vn/van-ban/Xuat-nhap-khau/Thong-bao-8298-TB-TCHQ-phan-loai-chat-cai-thien-do-sang-cua-bac-ma-Arguna-621-Brightener-2-2015-293149.aspx
24,3376,8305/TB-TCHQ,2015,https://thuvienphapluat.vn/van-ban/Thuong-mai/Thong-bao-8305-TB-TCHQ-phan-loai-da-hoa-dang-hat-gia-cong-lam-nhan-be-mat-vat-lieu-trang-tri-2015-293166.aspx
24,3377,8299/TB-TCHQ,2015,https://thuvienphapluat.vn/van-ban/Xuat-nhap-khau/Thong-bao-8299-TB-TCHQ-phan-loai-dung-dich-axit-Amidosulfonic-dung-trong-cong-nghiep-ma-Niclcel-2015-293150.aspx
24,3378,8304/TB-TCHQ,2015,https://thuvienphapluat.vn/van-ban/Thuong-mai/Thong-bao-8304-TB-TCHQ-phan-loai-dau-boi-tron-Punching-oil-G-6376-K-2015-293165.aspx
24,3379,8300/TB-TCHQ,2015,https://thuvienphapluat.vn/van-ban/Xuat-nhap-khau/Thong-bao-8300-TB-TCHQ-phan-dung-dich-nickel-sulfamate-ma-nikel-Ni-Sulfa-Solution-2015-293151.aspx
24,3380,8297/TB-TCHQ,2015,https://thuvienphapluat.vn/van-ban/Xuat-nhap-khau/Thong-bao-8297-TB-TCHQ-phan-loai-che-pham-hoat-dong-be-mat-lam-sach-be-mat-kim-loai-RCS-21-2015-293148.aspx
24,3381,8308/TB-TCHQ,2015,https://thuvienphapluat.vn/van-ban/Xuat-nhap-khau/Thong-bao-8308-TB-TCHQ-phan-loai-chat-tham-thau-tang-do-nhuom-tren-vai-2015-293152.aspx
24,3382,8307/TB-TCHQ,2015,https://thuvienphapluat.vn/van-ban/Xuat-nhap-khau/Thong-bao-8307-TB-TCHQ-phan-loai-phu-gia-tay-gi-dang-axit-2015-293167.aspx
24,3383,8302/TB-TCHQ,2015,https://thuvienphapluat.vn/van-ban/Thuong-mai/Thong-bao-8302-TB-TCHQ-phan-loai-Kali-carbonat-K2CO3-2015-293156.aspx
24,3384,8303/TB-TCHQ,2015,https://thuvienphapluat.vn/van-ban/Thuong-mai/Thong-bao-8303-TB-TCHQ-phan-loai-chat-cai-thien-do-sang-cua-Niken-SN-PH-2015-293157.aspx
24,3385,8301/TB-TCHQ,2015,https://thuvienphapluat.vn/van-ban/Thuong-mai/Thong-bao-8301-TB-TCHQ-phan-loai-chat-lam-sach-be-mat-khuon-duc-Cleaning-products-ELS-301M-2015-293155.aspx
24,3386,8236/TB-TCHQ,2015,https://thuvienphapluat.vn/van-ban/Thuong-mai/Thong-bao-8236-TB-TCHQ-phan-loai-vai-det-kim-tu-xo-soi-tong-hop-hang-ton-kho-mixed-polyester-2015-292924.aspx
24,3387,8258/TB-TCHQ,2015,https://thuvienphapluat.vn/van-ban/Xuat-nhap-khau/Thong-bao-8258-TB-TCHQ-phan-loai-thuoc-thu-Cu-PAN-2015-292954.aspx
24,3388,8259/TB-TCHQ,2015,https://thuvienphapluat.vn/van-ban/Xuat-nhap-khau/Thong-bao-8259-TB-TCHQ-phan-loai-dung-dich-chuan-nong-do-PH-pH4-01-2015-292955.aspx
24,3389,8261/TB-TCHQ,2015,https://thuvienphapluat.vn/van-ban/Xuat-nhap-khau/Thong-bao-8261-TB-TCHQ-phan-loai-dung-dich-chuan-nong-do-PH-pH9-2015-292957.aspx
24,3390,8268/TB-TCHQ,2015,https://thuvienphapluat.vn/van-ban/Thuong-mai/Thong-bao-8268-TB-TCHQ-phan-loai-thep-hop-kim-can-phang-bang-phuong-phap-can-nguoi-2015-293071.aspx
24,3393,8247/TB-TCHQ,2015,https://thuvienphapluat.vn/van-ban/Xuat-nhap-khau/Thong-bao-8247-TB-TCHQ-xac-dinh-truoc-ma-so-Aqualoc-HW-80-Polyacrylate-Aqueous-Sol-60-2015-292932.aspx
24,3394,8260/TB-TCHQ,2015,https://thuvienphapluat.vn/van-ban/Xuat-nhap-khau/Thong-bao-8260-TB-TCHQ-phan-loai-dung-dich-chuan-nong-do-PH-pH7-2015-292956.aspx
24,3395,8253/TB-TCHQ,2015,https://thuvienphapluat.vn/van-ban/Thuong-mai/Thong-bao-8253-TB-TCHQ-phan-loai-ac-qui-dien-2015-292936.aspx
24,3396,8256/TB-TCHQ,2015,https://thuvienphapluat.vn/van-ban/Xuat-nhap-khau/Thong-bao-8256-TB-TCHQ-phan-loai-chot-day-bang-sat-82160-79P00-000-4-2015-292939.aspx
24,3397,8264/TB-TCHQ,2015,https://thuvienphapluat.vn/van-ban/Xuat-nhap-khau/Thong-bao-8264-TB-TCHQ-phan-loai-Dicumyl-peroxit-DCP-chat-noi-mach-san-xuat-giay-dep-2015-293068.aspx
24,3398,8269/TB-TCHQ,2015,https://thuvienphapluat.vn/van-ban/Xuat-nhap-khau/Thong-bao-8269-TB-TCHQ-phan-loai-thep-khong-gi-dang-hinh-quy-cach-tu-580mm-1110mm-2015-293072.aspx
24,3399,8263/TB-TCHQ,2015,https://thuvienphapluat.vn/van-ban/Xuat-nhap-khau/Thong-bao-8263-TB-TCHQ-phan-loai-chat-xuc-tac-dung-de-ma-dien-DP-6-2015-293067.aspx
24,3400,8265/TB-TCHQ,2015,https://thuvienphapluat.vn/van-ban/Xuat-nhap-khau/Thong-bao-8265-TB-TCHQ-phan-loai-chat-tao-phong-tao-xop-ACH802-san-xuat-giay-dep-2015-293069.aspx
25,3401,8262/TB-TCHQ,2015,https://thuvienphapluat.vn/van-ban/Thuong-mai/Thong-bao-8262-TB-TCHQ-phan-loai-chat-lam-sach-DP-15-su-dung-cho-ma-dien-2015-292958.aspx
25,3402,8238/TB-TCHQ,2015,https://thuvienphapluat.vn/van-ban/Thuong-mai/Thong-bao-8238-TB-TCHQ-phan-loai-Polypropylene-nguyen-sinh-dang-hat-PP-5014L-CB4-2015-292927.aspx
25,3403,8270/TB-TCHQ,2015,https://thuvienphapluat.vn/van-ban/Xuat-nhap-khau/Thong-bao-8270-TB-TCHQ-phan-loai-Oc-sat-17913-KRJ-7910-Y1-2015-293073.aspx
25,3404,8254/TB-TCHQ,2015,https://thuvienphapluat.vn/van-ban/Xuat-nhap-khau/Thong-bao-8254-TB-TCHQ-phan-loai-che-pham-kiem-tra-vet-ro-ri-nuoc-2015-292937.aspx
25,3405,8255/TB-TCHQ,2015,https://thuvienphapluat.vn/van-ban/Xuat-nhap-khau/Thong-bao-8255-TB-TCHQ-phan-loai-dau-chup-bang-sat-45453-GAG-J500-2015-292938.aspx
25,3406,8242/TB-TCHQ,2015,https://thuvienphapluat.vn/van-ban/Xuat-nhap-khau/Thong-bao-8242-TB-TCHQ-phan-loai-hat-nhua-PolyPropylene-dang-nguyen-sinh-SFO-130BA1-2015-292931.aspx
25,3407,8237/TB-TCHQ,2015,https://thuvienphapluat.vn/van-ban/Thuong-mai/Thong-bao-8237-TB-TCHQ-phan-loai-hat-nhua-PolyPropylene-dang-nguyen-sinh-H03BPM-2015-292926.aspx
25,3408,8239/TB-TCHQ,2015,https://thuvienphapluat.vn/van-ban/Thuong-mai/Thong-bao-8239-TB-TCHQ-phan-loai-hat-nhua-PolyPropylene-dang-nguyen-sinh-FO135-2015-292928.aspx
25,3409,8240/TB-TCHQ,2015,https://thuvienphapluat.vn/van-ban/Thuong-mai/Thong-bao-8240-TB-TCHQ-phan-loai-hat-nhua-PolyPropylen-dang-nguyen-sinh-PP1104K-2015-292929.aspx
25,3410,8241/TB-TCHQ,2015,https://thuvienphapluat.vn/van-ban/Thuong-mai/Thong-bao-8241-TB-TCHQ-phan-loai-Polypropylene-nguyen-sinh-dang-hat-2015-292930.aspx
25,3411,8267/TB-TCHQ,2015,https://thuvienphapluat.vn/van-ban/Xuat-nhap-khau/Thong-bao-8267-TB-TCHQ-phan-loai-hop-chat-lam-sach-chua-carbon-N220-MB1-2015-293070.aspx
25,3416,8232/TB-TCHQ,2015,https://thuvienphapluat.vn/van-ban/Xuat-nhap-khau/Thong-bao-8232-TB-TCHQ-phan-loai-Zinc-pyrithione-phan-tan-diet-khuan-dung-trong-nganh-det-2015-292692.aspx
25,3478,8024/TB-TCHQ,2015,https://thuvienphapluat.vn/van-ban/Thuong-mai/Thong-bao-8024-TB-TCHQ-phan-loai-xo-polyester-chua-chai-tho-chua-chai-ky-2015-293367.aspx
25,3482,8025/TB-TCHQ,2015,https://thuvienphapluat.vn/van-ban/Thuong-mai/Thong-bao-8025-TB-TCHQ-phan-loai-vai-khong-det-loai-6060-2015-293374.aspx
25,3556,7656/TB-TCHQ,2015,https://thuvienphapluat.vn/van-ban/Thuong-mai/Thong-bao-7656-TB-TCHQ-2015-phan-loai-che-pham-lam-sach-dung-trong-xi-ma-Scutt-Clean-287938.aspx
25,3557,7658/TB-TCHQ,2015,https://thuvienphapluat.vn/van-ban/Thuong-mai/Thong-bao-7658-TB-TCHQ-2015-phan-loai-che-pham-lam-be-mat-kim-loai-dung-trong-xi-ma-Eno-Guard-V3-287940.aspx
25,3558,7657/TB-TCHQ,2015,https://thuvienphapluat.vn/van-ban/Thuong-mai/Thong-bao-7657-TB-TCHQ-2015-phan-loai-che-pham-lam-be-mat-kim-loai-dung-trong-xi-ma-Top-san-NF-287939.aspx
25,3559,7659/TB-TCHQ,2015,https://thuvienphapluat.vn/van-ban/Thuong-mai/Thong-bao-7659-TB-TCHQ-2015-phan-loai-che-pham-lam-be-mat-kim-loai-dung-trong-xi-ma-Top-Caciras3-287941.aspx
25,3560,7613/TB-TCHQ,2015,https://thuvienphapluat.vn/van-ban/Thuong-mai/Thong-bao-7613-TB-TCHQ-phan-loai-bu-long-dieu-chinh-2015-289035.aspx
25,3577,7545/TB-TCHQ,2015,https://thuvienphapluat.vn/van-ban/Thuong-mai/Thong-bao-7545-TB-TCHQ-2015-ket-qua-phan-loai-hang-xuat-nhap-khau-Day-thung-bang-thep-trang-thiec-288055.aspx
25,3578,7549/TB-TCHQ,2015,https://thuvienphapluat.vn/van-ban/Thuong-mai/Thong-bao-7549-TB-TCHQ-2015-xac-dinh-truoc-ma-so-mun-mat-giua-cua-Dong-288111.aspx
25,3579,7544/TB-TCHQ,2015,https://thuvienphapluat.vn/van-ban/Thuong-mai/Thong-bao-7544-TB-TCHQ-2015-ket-qua-phan-loai-Thanh-ket-cau-bang-thep-ma-kem-288054.aspx
25,3580,7548/TB-TCHQ,2015,https://thuvienphapluat.vn/van-ban/Thuong-mai/Thong-bao-7548-TB-TCHQ-2015-phan-loai-nguyen-lieu-thuc-pham-dau-bo-khan-288058.aspx
25,3581,7547/TB-TCHQ,2015,https://thuvienphapluat.vn/van-ban/Thuong-mai/Thong-bao-7547-TB-TCHQ-2015-phan-loai-day-thung-bang-thep-trang-thiec-5L-288057.aspx
25,3582,7546/TB-TCHQ,2015,https://thuvienphapluat.vn/van-ban/Thuong-mai/Thong-bao-7546-TB-TCHQ-2015-phan-loai-thanh-ket-cau-hinh-bang-thep-khong-gi-288056.aspx
26,3583,7474/TB-TCHQ,2015,https://thuvienphapluat.vn/van-ban/Thuong-mai/Thong-bao-7474-TB-TCHQ-2015-phan-loai-chat-tao-mau-san-xuat-thuoc-nhuom-toc-Hydrogen-Peroxide-288104.aspx
26,3584,7476/TB-TCHQ,2015,https://thuvienphapluat.vn/van-ban/Thuong-mai/Thong-bao-7476-TB-TCHQ-2015-phan-loai-nguyen-lieu-Lanolin-chat-tao-mau-san-xuat-thuoc-nhuom-toc-288106.aspx
26,3585,7484/TB-TCHQ,2015,https://thuvienphapluat.vn/van-ban/Thuong-mai/Thong-bao-7484-TB-TCHQ-2015-ket-qua-xac-dinh-truoc-ma-so-Gamma-nano-chong-an-mon-boi-tron-o-to-288051.aspx
26,3586,7488/TB-TCHQ,2015,https://thuvienphapluat.vn/van-ban/Thuong-mai/Thong-bao-7488-TB-TCHQ-2015-phan-loai-quang-chi-dang-bot-288109.aspx
26,3587,7471/TB-TCHQ,2015,https://thuvienphapluat.vn/van-ban/Thuong-mai/Thong-bao-7471-TB-TCHQ-phan-loai-chat-tao-mau-dung-de-san-xuat-thuoc-nhuom-toc-Mineral-2015-288101.aspx
26,3588,7472/TB-TCHQ,2015,https://thuvienphapluat.vn/van-ban/Thuong-mai/Thong-bao-7472-TB-TCHQ-2015-phan-loai-chat-tao-mau-san-xuat-thuoc-nhuom-toc-Oleyl-Acohol-288102.aspx
26,3589,7489/TB-TCHQ,2015,https://thuvienphapluat.vn/van-ban/Thuong-mai/Thong-bao-7489-TB-TCHQ-2015-xac-dinh-truoc-ma-so-dung-dich-Gamma-nano-chong-an-mon-288021.aspx
26,3590,7479/TB-TCHQ,2015,https://thuvienphapluat.vn/van-ban/Thuong-mai/Thong-bao-7479-TB-TCHQ-2015-ket-qua-xac-dinh-truoc-ma-so-Dung-dich-Gamma-nano-cach-dien-cho-o-to-288047.aspx
26,3591,7487/TB-TCHQ,2015,https://thuvienphapluat.vn/van-ban/Thuong-mai/Thong-bao-7487-TB-TCHQ-2015-phan-loai-quang-chi-dang-cuc-288108.aspx
26,3592,7473/TB-TCHQ,2015,https://thuvienphapluat.vn/van-ban/Thuong-mai/Thong-bao-7473-TB-TCHQ-2015-phan-loai-chat-tao-mau-san-xuat-thuoc-nhuom-toc-Propylene-Glyco-288103.aspx
26,3593,7485/TB-TCHQ,2015,https://thuvienphapluat.vn/van-ban/Thuong-mai/Thong-bao-7485-TB-TCHQ-2015-xac-dinh-truoc-ma-so-Gamma-nano-chong-an-mon-boi-tron-hang-hai-288052.aspx
26,3594,7477/TB-TCHQ,2015,https://thuvienphapluat.vn/van-ban/Thuong-mai/Thong-bao-7477-TB-TCHQ-2015-Xac-dinh-truoc-ma-so-Dung-dich-Gamma-nano-cach-dien-thiet-bi-gia-dinh-288045.aspx
26,3595,7483/TB-TCHQ,2015,https://thuvienphapluat.vn/van-ban/Thuong-mai/Thong-bao-7483-TB-TCHQ-2015-ket-qua-xac-dinh-truoc-ma-so-Dung-dich-Gamma-nano-chong-an-mon-288050.aspx
26,3596,7516/TB-TCHQ,2015,https://thuvienphapluat.vn/van-ban/Thuong-mai/Thong-bao-7516-TB-TCHQ-2015-xac-dinh-truoc-ma-so-dau-oliu-tinh-luyen-288110.aspx
26,3597,7449/TB-TCHQ,2015,https://thuvienphapluat.vn/van-ban/Thuong-mai/Thong-bao-7449-TB-TCHQ-ket-qua-xac-dinh-truoc-ma-so-Dau-oliu-2015-288100.aspx
26,3598,7482/TB-TCHQ,2015,https://thuvienphapluat.vn/van-ban/Thuong-mai/Thong-bao-7482-TB-TCHQ-2015-ket-qua-xac-dinh-truoc-ma-so-Dung-dich-Gamma-nano-cach-dien-xe-may-288049.aspx
26,3599,7490/TB-TCHQ,2015,https://thuvienphapluat.vn/van-ban/Thuong-mai/Thong-bao-7490-TB-TCHQ-2015-ket-qua-xac-dinh-truoc-ma-so-288022.aspx
26,3600,7481/TB-TCHQ,2015,https://thuvienphapluat.vn/van-ban/Thuong-mai/Thong-bao-7481-TB-TCHQ-2015-ket-qua-xac-dinh-truoc-ma-so-Dung-dich-Gamma-nano-sieu-cach-dien-288048.aspx
26,3601,7475/TB-TCHQ,2015,https://thuvienphapluat.vn/van-ban/Thuong-mai/Thong-bao-7475-TB-TCHQ-2015-phan-loai-nguyen-lieu-Chat-tao-mau-dung-de-san-xuat-thuoc-nhuom-toc-288105.aspx
26,3602,7486/TB-TCHQ,2015,https://thuvienphapluat.vn/van-ban/Thuong-mai/Thong-bao-7486-TB-TCHQ-2015-ket-qua-xac-dinh-truoc-ma-so-Gamma-nano-sieu-chong-an-mon-boi-tron-288053.aspx
26,3603,7480/TB-TCHQ,2015,https://thuvienphapluat.vn/van-ban/Thuong-mai/Thong-bao-7480-TB-TCHQ-2015-phan-loai-day-ben-tao-bang-thep-loai-1-lop-288107.aspx
26,3604,7478/TB-TCHQ,2015,https://thuvienphapluat.vn/van-ban/Thuong-mai/Thong-bao-7478-TB-TCHQ-2015-ket-qua-xac-dinh-truoc-ma-so-Dung-dich-Gamma-nano-cach-dien-288046.aspx
26,3606,7448/TB-TCHQ,2015,https://thuvienphapluat.vn/van-ban/Thuong-mai/Thong-bao-7448-TB-TCHQ-phan-loai-bo-phan-lam-kho-tu-chong-am-loai-4W-2015-288099.aspx
26,3612,7401/TB-TCHQ,2015,https://thuvienphapluat.vn/van-ban/Thuong-mai/Thong-bao-7401-TB-TCHQ-2015-phan-loai-dung-moi-huu-co-288361.aspx
26,3618,7367/TB-TCHQ,2015,https://thuvienphapluat.vn/van-ban/Thuong-mai/Thong-bao-7367-TB-TCHQ-ket-qua-phan-loai-hang-hoa-xuat-nhap-khau-la-Keo-dan-go-2015-288901.aspx
27,3619,7369/TB-TCHQ,2015,https://thuvienphapluat.vn/van-ban/Thuong-mai/Thong-bao-7369-TB-TCHQ-ket-qua-phan-loai-hang-hoa-xuat-nhap-khau-la-Keo-dan-go-2015-288903.aspx
27,3623,7370/TB-TCHQ,2015,https://thuvienphapluat.vn/van-ban/Thuong-mai/Thong-bao-7370-TB-TCHQ-ket-qua-phan-loai-hang-hoa-xuat-nhap-khau-la-Chat-chong-dinh-2015-288904.aspx
27,3624,7338/TB-TCHQ,2015,https://thuvienphapluat.vn/van-ban/Xuat-nhap-khau/Thong-bao-7338-TB-TCHQ-2015-ket-qua-phan-loai-Nhua-polymer-acrylic-286812.aspx
27,3625,7340/TB-TCHQ,2015,https://thuvienphapluat.vn/van-ban/Xuat-nhap-khau/Thong-bao-7340-TB-TCHQ-2015-ket-qua-phan-loai-Che-pham-hon-hop-hoa-hoc-286814.aspx
27,3626,7341/TB-TCHQ,2015,https://thuvienphapluat.vn/van-ban/Xuat-nhap-khau/Thong-bao-7341-TB-TCHQ-2015-ket-qua-phan-loai-doi-voi-Bot-mau-dung-cho-nganh-nhua-286815.aspx
27,3627,7373/TB-TCHQ,2015,https://thuvienphapluat.vn/van-ban/Thuong-mai/Thong-bao-7373-TB-TCHQ-2015-phan-loai-hang-hoa-xuat-nhap-khau-chat-don-Pentahydrate-Borax-287936.aspx
27,3630,7342/TB-TCHQ,2015,https://thuvienphapluat.vn/van-ban/Xuat-nhap-khau/Thong-bao-7342-TB-TCHQ-2015-ket-qua-phan-loai-doi-voi-hang-hoa-Bot-mau-dung-cho-nganh-nhua-286816.aspx
27,3632,7368/TB-TCHQ,2015,https://thuvienphapluat.vn/van-ban/Thuong-mai/Thong-bao-7368-TB-TCHQ-ket-qua-phan-loai-hang-hoa-xuat-nhap-khau-la-Chat-dong-ran-2015-288902.aspx
27,3635,7339/TB-TCHQ,2015,https://thuvienphapluat.vn/van-ban/Xuat-nhap-khau/Thong-bao-7339-TB-TCHQ-2015-ket-qua-phan-loai-Che-pham-chat-dong-ran-286813.aspx
27,3640,7372/TB-TCHQ,2015,https://thuvienphapluat.vn/van-ban/Thuong-mai/Thong-bao-7372-TB-TCHQ-ket-qua-phan-loai-hang-hoa-xuat-nhap-khau-Phu-gia-san-xuat-dau-nhon-2015-288906.aspx
27,3642,7364/TB-TCHQ,2015,https://thuvienphapluat.vn/van-ban/Thuong-mai/Thong-bao-7364-TB-TCHQ-phan-loai-nguyen-lieu-san-xuat-thuoc-bao-ve-thuc-vat-2015-288240.aspx
27,3647,7315/TB-TCHQ,2015,https://thuvienphapluat.vn/van-ban/Xuat-nhap-khau/Thong-bao-7315-TB-TCHQ-2015-ket-qua-phan-loai-nguyen-lieu-san-xuat-banh-keo-286811.aspx
27,3648,7311/TB-TCHQ,2015,https://thuvienphapluat.vn/van-ban/Xuat-nhap-khau/Thong-bao-7311-TB-TCHQ-2015-ket-qua-phan-loai-nguyen-lieu-san-xuat-banh-keo-bot-no-286807.aspx
27,3649,7314/TB-TCHQ,2015,https://thuvienphapluat.vn/van-ban/Xuat-nhap-khau/Thong-bao-7314-TB-TCHQ-2015-ket-qua-phan-loai-nguyen-lieu-san-xuat-ban-keo-hon-hop-bot-socola-286810.aspx
27,3650,7309/TB-TCHQ,2015,https://thuvienphapluat.vn/van-ban/Xuat-nhap-khau/Thong-bao-7309-TB-TCHQ-2015-ket-qua-phan-loai-Xuong-bo-dong-lanh-286805.aspx
27,3651,7310/TB-TCHQ,2015,https://thuvienphapluat.vn/van-ban/Xuat-nhap-khau/Thong-bao-7310-TB-TCHQ-2015-ket-qua-phan-loai-chat-tao-mau-cho-mu-cao-su-286806.aspx
27,3652,7312/TB-TCHQ,2015,https://thuvienphapluat.vn/van-ban/Xuat-nhap-khau/Thong-bao-7312-TB-TCHQ-2015-ket-qua-phan-loai-nguyen-lieu-san-xuat-banh-keo-hon-hop-bot-socola-286808.aspx
27,3653,7313/TB-TCHQ,2015,https://thuvienphapluat.vn/van-ban/Xuat-nhap-khau/Thong-bao-7313-TB-TCHQ-2015-ket-qua-phan-loai-nguyen-lieu-san-xuat-banh-keo-hon-hop-bot-Pectin-286809.aspx
27,3654,7269/TB-TCHQ,2015,https://thuvienphapluat.vn/van-ban/Thuong-mai/Thong-bao-7269-TB-TCHQ-2015-ket-qua-phan-loai-hang-hoa-xuat-nhap-khau-Giay-bia-lop-mat-Fluting-286855.aspx
27,3655,7271/TB-TCHQ,2015,https://thuvienphapluat.vn/van-ban/Thuong-mai/Thong-bao-7271-TB-TCHQ-2015-ket-qua-phan-loai-hang-hoa-xuat-nhap-khau-Mang-plastic-PET-co-keo-286834.aspx
27,3656,7272/TB-TCHQ,2015,https://thuvienphapluat.vn/van-ban/Thuong-mai/Thong-bao-7272-TB-TCHQ-2015-ket-qua-phan-loai-op-lung-dien-thoai-IP6-286835.aspx
27,3657,7268/TB-TCHQ,2015,https://thuvienphapluat.vn/van-ban/Thuong-mai/Thong-bao-7268-TB-TCHQ-2015-ket-qua-phan-loai-hang-hoa-xuat-nhap-khau-la-Hat-nhua-286854.aspx
27,3658,7293/TB-TCHQ,2015,https://thuvienphapluat.vn/van-ban/Xuat-nhap-khau/Thong-bao-7293-TB-TCHQ-2015-ket-qua-phan-loai-duong-Lactose-dung-che-bien-sua-286804.aspx
27,3659,7270/TB-TCHQ,2015,https://thuvienphapluat.vn/van-ban/Thuong-mai/Thong-bao-7270-TB-TCHQ-2015-ket-qua-phan-loai-hang-hoa-xuat-nhap-khau-Mang-plastic-PET-co-keo-286833.aspx
27,3660,7277/TB-TCHQ,2015,https://thuvienphapluat.vn/van-ban/Thuong-mai/Thong-bao-7277-TB-TCHQ-2015-ket-qua-phan-loai-Soi-polyesters-286840.aspx
28,3661,7243/TB-TCHQ,2015,https://thuvienphapluat.vn/van-ban/Thuong-mai/Thong-bao-7243-TB-TCHQ-2015-phan-loai-che-pham-trung-gian-287033.aspx
28,3662,7256/TB-TCHQ,2015,https://thuvienphapluat.vn/van-ban/Thuong-mai/Thong-bao-7256-TB-TCHQ-2015-phan-loai-chat-xuc-tac-cao-su-287016.aspx
28,3663,7246/TB-TCHQ,2015,https://thuvienphapluat.vn/van-ban/Thuong-mai/Thong-bao-7246-TB-TCHQ-2015-phan-loai-nguyen-lieu-san-xuat-keo-287036.aspx
28,3664,7248/TB-TCHQ,2015,https://thuvienphapluat.vn/van-ban/Thuong-mai/Thong-bao-7248-TB-TCHQ-2015-phan-loai-nguyen-lieu-san-xuat-keo-Monopol-LAE-50-287038.aspx
28,3665,7245/TB-TCHQ,2015,https://thuvienphapluat.vn/van-ban/Thuong-mai/Thong-bao-7245-TB-TCHQ-2015-phan-loai-hop-chat-vo-co-huu-co-nguyen-lieu-san-xuat-keo-ES-CAT-100-E-287035.aspx
28,3667,7240/TB-TCHQ,2015,https://thuvienphapluat.vn/van-ban/Thuong-mai/Thong-bao-7240-TB-TCHQ-2015-phan-loai-loa-gan-tran-6W-loa-don-da-lap-hop-model-PC-5CL-hieu-TOA-287011.aspx
28,3668,7242/TB-TCHQ,2015,https://thuvienphapluat.vn/van-ban/Thuong-mai/Thong-bao-7242-TB-TCHQ-2015-phan-loai-bo-ngat-mach-dien-tu-dong-cach-dien-287013.aspx
28,3669,7254/TB-TCHQ,2015,https://thuvienphapluat.vn/van-ban/Thuong-mai/Thong-bao-7254-TB-TCHQ-2015-phan-loai-oxit-kem-ZnO-287043.aspx
28,3670,7250/TB-TCHQ,2015,https://thuvienphapluat.vn/van-ban/Thuong-mai/Thong-bao-7250-TB-TCHQ-2015-phan-loai-chat-xuc-tien-luu-hoa-cao-su-287039.aspx
28,3671,7244/TB-TCHQ,2015,https://thuvienphapluat.vn/van-ban/Thuong-mai/Thong-bao-7244-TB-TCHQ-2015-phan-loai-chat-tro-hoan-tat-NC9018B-287034.aspx
28,3672,7241/TB-TCHQ,2015,https://thuvienphapluat.vn/van-ban/Thuong-mai/Thong-bao-7241-TB-TCHQ-2015-phan-loai-thep-cuon-can-nguoi-khong-hop-kim-phu-ma-hoac-trang-287012.aspx
28,3674,7251/TB-TCHQ,2015,https://thuvienphapluat.vn/van-ban/Thuong-mai/Thong-bao-7251-TB-TCHQ-2015-phan-loai-chat-xuc-tien-luu-hoa-cao-su-287040.aspx
28,3675,7247/TB-TCHQ,2015,https://thuvienphapluat.vn/van-ban/Thuong-mai/Thong-bao-7247-TB-TCHQ-2015-phan-loai-nguyen-lieu-san-xuat-keo-287037.aspx
28,3676,7249/TB-TCHQ,2015,https://thuvienphapluat.vn/van-ban/Thuong-mai/Thong-bao-7249-TB-TCHQ-2015-phan-loai-chat-xuc-tien-tu-cac-polymer-tong-hop-Accerlator-TT75-287014.aspx
28,3677,7253/TB-TCHQ,2015,https://thuvienphapluat.vn/van-ban/Thuong-mai/Thong-bao-7253-TB-TCHQ-2015-phan-loai-chat-xuc-tien-tu-thuoc-mau-Curing-agent-IS-287042.aspx
28,3678,7252/TB-TCHQ,2015,https://thuvienphapluat.vn/van-ban/Thuong-mai/Thong-bao-7252-TB-TCHQ-2015-phan-loai-chat-xuc-tien-luu-hoa-cao-su-287041.aspx
28,3679,7238/TB-TCHQ,2015,https://thuvienphapluat.vn/van-ban/Thuong-mai/Thong-bao-7238-TB-TCHQ-2015-phan-loai-loa-chong-no-loa-don-chua-lap-hop-287009.aspx
28,3680,7257/TB-TCHQ,2015,https://thuvienphapluat.vn/van-ban/Thuong-mai/Thong-bao-7257-TB-TCHQ-2015-phan-loai-doi-che-pham-trung-gian-Prochloraz-Min-Tech-287017.aspx
28,3681,7213/TB-TCHQ,2015,https://thuvienphapluat.vn/van-ban/Thuong-mai/Thong-bao-7213-TB-TCHQ-2015-phan-loai-nguyen-lieu-san-xuat-thuc-an-chan-nuoi-287000.aspx
28,3682,7205/TB-TCHQ,2015,https://thuvienphapluat.vn/van-ban/Thuong-mai/Thong-bao-7205-TB-TCHQ-2015-phan-loai-keo-topping-an-voi-kem-co-vi-qua-anh-dao-287007.aspx
28,3683,7206/TB-TCHQ,2015,https://thuvienphapluat.vn/van-ban/Thuong-mai/Thong-bao-7206-TB-TCHQ-2015-phan-loai-gach-chiu-lua-oxyt-silic-va-oxyt-nhom-287008.aspx
28,3684,7207/TB-TCHQ,2015,https://thuvienphapluat.vn/van-ban/Thuong-mai/Thong-bao-7207-TB-TCHQ-2015-phan-loai-chat-phu-gia-cao-su-286999.aspx
28,3685,7170/TB-TCHQ,2015,https://thuvienphapluat.vn/van-ban/Thuong-mai/Thong-bao-7170-TB-TCHQ-2015-phan-loai-dung-moi-huu-co-chat-xu-ly-C20-287028.aspx
28,3686,7178/TB-TCHQ,2015,https://thuvienphapluat.vn/van-ban/Thuong-mai/Thong-bao-7178-TB-TCHQ-2015-phan-loai-dong-pyrophosphate-287077.aspx
28,3687,7164/TB-TCHQ,2015,https://thuvienphapluat.vn/van-ban/Thuong-mai/Thong-bao-7164-TB-TCHQ-2015-phan-loai-bot-lam-set-kem-co-vi-sua-287022.aspx
29,3688,7169/TB-TCHQ,2015,https://thuvienphapluat.vn/van-ban/Thuong-mai/Thong-bao-7169-TB-TCHQ-2015-phan-loai-nuoc-Enzyme-Enzo-LC-183-287027.aspx
29,3689,7166/TB-TCHQ,2015,https://thuvienphapluat.vn/van-ban/Thuong-mai/Thong-bao-7166-TB-TCHQ-2015-phan-loai-giay-cuon-287024.aspx
29,3690,7179/TB-TCHQ,2015,https://thuvienphapluat.vn/van-ban/Thuong-mai/Thong-bao-7179-TB-TCHQ-2015-phan-loai-thuoc-thu-287078.aspx
29,3691,7175/TB-TCHQ,2015,https://thuvienphapluat.vn/van-ban/Thuong-mai/Thong-bao-7175-TB-TCHQ-2015-phan-loai-chat-xu-ly-be-mat-cho-nganh-giay-287074.aspx
29,3692,7173/TB-TCHQ,2015,https://thuvienphapluat.vn/van-ban/Thuong-mai/Thong-bao-7173-TB-TCHQ-2015-phan-loai-dung-moi-huu-co-dung-moi-C-21-287031.aspx
29,3694,7168/TB-TCHQ,2015,https://thuvienphapluat.vn/van-ban/Thuong-mai/Thong-bao-7168-TB-TCHQ-2015-phan-loai-chat-phu-gia-Collupulin-287026.aspx
29,3695,7176/TB-TCHQ,2015,https://thuvienphapluat.vn/van-ban/Thuong-mai/Thong-bao-7176-TB-TCHQ-2015-phan-loai-Hydrochloric-acid-35-287075.aspx
29,3696,7165/TB-TCHQ,2015,https://thuvienphapluat.vn/van-ban/Thuong-mai/Thong-bao-7165-TB-TCHQ-2015-phan-loai-doi-giay-cuon-dinh-luong-287023.aspx
29,3697,7172/TB-TCHQ,2015,https://thuvienphapluat.vn/van-ban/Thuong-mai/Thong-bao-7172-TB-TCHQ-2015-phan-loai-dung-moi-huu-co-chat-xu-ly-C-34-287030.aspx
29,3698,7162/TB-TCHQ,2015,https://thuvienphapluat.vn/van-ban/Thuong-mai/Thong-bao-7162-TB-TCHQ-2015-phan-loai-nuoc-xot-dac-vi-hat-phi-100-tu-nhien-287072.aspx
29,3699,7159/TB-TCHQ,2015,https://thuvienphapluat.vn/van-ban/Thuong-mai/Thong-bao-7159-TB-TCHQ-2015-phan-loai-nguyen-lieu-san-xuat-Maggi-Mo-ga-287069.aspx
29,3700,7161/TB-TCHQ,2015,https://thuvienphapluat.vn/van-ban/Thuong-mai/Thong-bao-7161-TB-TCHQ-2015-phan-loai-bot-lam-set-kem-co-vi-trai-cay-loai-287071.aspx
29,3701,7181/TB-TCHQ,2015,https://thuvienphapluat.vn/van-ban/Thuong-mai/Thong-bao-7181-TB-TCHQ-2015-phan-loai-che-pham-hoa-hoc-cua-nganh-cong-nghiep-hoa-chat-286998.aspx
29,3702,7183/TB-TCHQ,2015,https://thuvienphapluat.vn/van-ban/Thuong-mai/Thong-bao-7183-TB-TCHQ-2015-phan-loai-che-pham-hoa-hoc-cua-nganh-cong-nghiep-hoa-chat-287006.aspx
29,3703,7180/TB-TCHQ,2015,https://thuvienphapluat.vn/van-ban/Thuong-mai/Thong-bao-7180-TB-TCHQ-2015-phan-loai-than-gao-dua-dung-de-san-xuat-than-hoat-tinh-287004.aspx
29,3704,7182/TB-TCHQ,2015,https://thuvienphapluat.vn/van-ban/Thuong-mai/Thong-bao-7182-TB-TCHQ-2015-phan-loai-che-pham-hoa-hoc-cua-nganh-cong-nghiep-hoa-chat-287005.aspx
29,3705,7171/TB-TCHQ,2015,https://thuvienphapluat.vn/van-ban/Thuong-mai/Thong-bao-7171-TB-TCHQ-2015-phan-loai-chat-xu-ly-Cyclohexanone-va-methylcyclohexanones-dang-long-287029.aspx
29,3706,7163/TB-TCHQ,2015,https://thuvienphapluat.vn/van-ban/Thuong-mai/Thong-bao-7163-TB-TCHQ-2015-phan-loai-nuoc-xot-dac-vi-hat-de-cuoi-100-tu-nhien-287073.aspx
29,3707,7160/TB-TCHQ,2015,https://thuvienphapluat.vn/van-ban/Thuong-mai/Thong-bao-7160-TB-TCHQ-2015-phan-loai-bot-sua-cho-tre-dang-tang-truong-Gum-Base-287070.aspx
29,3708,7174/TB-TCHQ,2015,https://thuvienphapluat.vn/van-ban/Thuong-mai/Thong-bao-7174-TB-TCHQ-2015-phan-loai-dung-moi-huu-co-C22-287032.aspx
29,3709,7177/TB-TCHQ,2015,https://thuvienphapluat.vn/van-ban/Thuong-mai/Thong-bao-7177-TB-TCHQ-2015-phan-loai-tinh-bot-hoa-tan-dung-de-phan-tich-dung-dich-ma-dien-287076.aspx
29,3710,7015/TB-TCHQ,2015,https://thuvienphapluat.vn/van-ban/Thuong-mai/Thong-bao-7015-TB-TCHQ-2015-ket-qua-phan-loai-hang-xuat-nhap-khau-la-Dau-dung-cho-may-bien-the-286111.aspx
29,3711,7016/TB-TCHQ,2015,https://thuvienphapluat.vn/van-ban/Thuong-mai/Thong-bao-7016-TB-TCHQ-2015-ket-qua-phan-loai-hang-hoa-xuat-nhap-khau-la-Amoni-Clorua-286112.aspx
29,3713,7031/TB-TCHQ,2015,https://thuvienphapluat.vn/van-ban/Thuong-mai/Thong-bao-7031-TB-TCHQ-2015-ket-qua-phan-loai-hang-xuat-nhap-khau-Chat-hoan-tat-nhuom-mau-286041.aspx
29,3714,6999/TB-TCHQ,2015,https://thuvienphapluat.vn/van-ban/Xuat-nhap-khau/Thong-bao-6999-TB-TCHQ-2015-ket-qua-phan-loai-hang-xuat-nhap-khau-la-Bot-uot-Batter-Mix-286036.aspx
30,3715,6996/TB-TCHQ,2015,https://thuvienphapluat.vn/van-ban/Xuat-nhap-khau/Thong-bao-6996-TB-TCHQ-2015-phan-loai-Che-pham-bo-sung-thuc-an-chan-nuoi-Dicalcium-Phosphate-286033.aspx
30,3716,7034/TB-TCHQ,2015,https://thuvienphapluat.vn/van-ban/Xuat-nhap-khau/Thong-bao-7034-TB-TCHQ-2015-ket-qua-phan-loai-hang-xuat-nhap-khau-Nhua-Poly-tu-dau-mo-nguyen-sinh-286044.aspx
30,3717,7006/TB-TCHQ,2015,https://thuvienphapluat.vn/van-ban/Xuat-nhap-khau/Thong-bao-7006-TB-TCHQ-2015-ket-qua-phan-loai-hang-xuat-nhap-khau-thuoc-nhuom-dung-trong-det-nhuom-286021.aspx
30,3718,7002/TB-TCHQ,2015,https://thuvienphapluat.vn/van-ban/Xuat-nhap-khau/Thong-bao-7002-TB-TCHQ-2015-ket-qua-phan-loai-hang-hoa-xuat-nhap-khau-la-Bot-ao-kho-Predust-286039.aspx
30,3720,7021/TB-TCHQ,2015,https://thuvienphapluat.vn/van-ban/Thuong-mai/Thong-bao-7021-TB-TCHQ-2015-ket-qua-phan-loai-hang-xuat-nhap-khau-thuoc-thu-chi-thi-mau-Phenolphthalein-286117.aspx
30,3721,7008/TB-TCHQ,2015,https://thuvienphapluat.vn/van-ban/Xuat-nhap-khau/Thong-bao-7008-TB-TCHQ-2015-ket-qua-phan-loai-hang-xuat-nhap-khau-Thuoc-nhuom-dung-trong-det-nhuom-286023.aspx
30,3722,6998/TB-TCHQ,2015,https://thuvienphapluat.vn/van-ban/Xuat-nhap-khau/Thong-bao-6998-TB-TCHQ-2015-ket-qua-phan-loai-hang-hoa-xuat-nhap-khau-Bot-giay-hoa-hoc-chua-tay-trang-286035.aspx
30,3724,7007/TB-TCHQ,2015,https://thuvienphapluat.vn/van-ban/Xuat-nhap-khau/Thong-bao-7007-TB-TCHQ-2015-ket-qua-phan-loai-hang-xuat-nhap-khau-Thuoc-nhuom-dung-trong-det-nhuom-286022.aspx
30,3725,7030/TB-TCHQ,2015,https://thuvienphapluat.vn/van-ban/Thuong-mai/Thong-bao-7030-TB-TCHQ-2015-phan-loai-hang-hoa-xuat-nhap-khau-chat-hoan-tat-nhuom-mau-286199.aspx
30,3726,7022/TB-TCHQ,2015,https://thuvienphapluat.vn/van-ban/Thuong-mai/Thong-bao-7022-TB-TCHQ-2015-phan-loai-hang-xuat-nhap-khau-thuoc-thu-chi-thi-mau-Bromothymol-blue-286118.aspx
30,3727,7009/TB-TCHQ,2015,https://thuvienphapluat.vn/van-ban/Xuat-nhap-khau/Thong-bao-7009-TB-TCHQ-2015-ket-qua-phan-loai-hang-xuat-nhap-khau-Thuoc-nhuom-dung-trong-det-nhuom-286024.aspx
30,3728,7032/TB-TCHQ,2015,https://thuvienphapluat.vn/van-ban/Thuong-mai/Thong-bao-7032-TB-TCHQ-2015-ket-qua-phan-loai-hang-hoa-xuat-nhap-khau-Che-pham-lam-sach-khong-ion-286042.aspx
30,3729,7001/TB-TCHQ,2015,https://thuvienphapluat.vn/van-ban/Xuat-nhap-khau/Thong-bao-7001-TB-TCHQ-2015-ket-qua-phan-loai-hang-xuat-nhap-khau-Dau-huong-quyt-san-xuat-banh-keo-286038.aspx
30,3730,7019/TB-TCHQ,2015,https://thuvienphapluat.vn/van-ban/Thuong-mai/Thong-bao-7019-TB-TCHQ-2015-ket-qua-phan-loai-hang-xuat-nhap-khau-Kali-hydroxit-dang-dung-dich-nuoc-286115.aspx
30,3731,7020/TB-TCHQ,2015,https://thuvienphapluat.vn/van-ban/Thuong-mai/Thong-bao-7020-TB-TCHQ-2015-ket-qua-phan-loai-hang-hoa-xuat-nhap-khau-Thuoc-thu-chi-thi-mau-286116.aspx
30,3732,7025/TB-TCHQ,2015,https://thuvienphapluat.vn/van-ban/Thuong-mai/Thong-bao-7025-TB-TCHQ-2015-ket-qua-phan-loai-hang-hoa-xuat-nhap-khau-la-Bo-san-pham-danh-bong-286121.aspx
30,3733,7000/TB-TCHQ,2015,https://thuvienphapluat.vn/van-ban/Xuat-nhap-khau/Thong-bao-7000-TB-TCHQ-2015-ket-qua-phan-loai-hang-hoa-xuat-nhap-khau-la-Bot-xu-Breader-286037.aspx
30,3734,6995/TB-TCHQ,2015,https://thuvienphapluat.vn/van-ban/Xuat-nhap-khau/Thong-bao-6995-TB-TCHQ-2015-ket-qua-phan-loai-hang-xuat-nhap-khau-la-Bot-huong-chanh-286032.aspx
30,3735,7005/TB-TCHQ,2015,https://thuvienphapluat.vn/van-ban/Xuat-nhap-khau/Thong-bao-7005-TB-TCHQ-2015-ket-qua-phan-loai-hang-xuat-nhap-khau-la-Che-pham-xu-ly-vat-lieu-det-286020.aspx
30,3736,7018/TB-TCHQ,2015,https://thuvienphapluat.vn/van-ban/Thuong-mai/Thong-bao-7018-TB-TCHQ-2015-ket-qua-phan-loai-hang-hoa-xuat-nhap-khau-la-Kali-oxalat-dang-ran-286114.aspx
30,3738,6997/TB-TCHQ,2015,https://thuvienphapluat.vn/van-ban/Xuat-nhap-khau/Thong-bao-6997-TB-TCHQ-2015-ket-qua-phan-loai-Che-pham-bo-sung-thuc-an-chan-nuoi-Dicalcium-Phosphate-286034.aspx
30,3739,7027/TB-TCHQ,2015,https://thuvienphapluat.vn/van-ban/Thuong-mai/Thong-bao-7027-TB-TCHQ-2015-phan-loai-hang-hoa-xuat-nhap-khau-chat-hoat-dong-be-mat-286196.aspx
30,3740,7024/TB-TCHQ,2015,https://thuvienphapluat.vn/van-ban/Thuong-mai/Thong-bao-7024-TB-TCHQ-2015-ket-qua-phan-loai-hang-xuat-nhap-khau-Chat-huu-co-hoat-dong-be-mat-anion-286120.aspx
30,3741,7033/TB-TCHQ,2015,https://thuvienphapluat.vn/van-ban/Thuong-mai/Thong-bao-7033-TB-TCHQ-2015-ket-qua-phan-loai-hang-xuat-nhap-khau-la-Che-pham-lam-sach-286043.aspx
30,3744,7023/TB-TCHQ,2015,https://thuvienphapluat.vn/van-ban/Thuong-mai/Thong-bao-7023-TB-TCHQ-2015-ket-qua-phan-loai-hang-xuat-nhap-khau-Hop-chat-huu-co-Acrylamide-40-286119.aspx
31,3745,7028/TB-TCHQ,2015,https://thuvienphapluat.vn/van-ban/Thuong-mai/Thong-bao-7028-TB-TCHQ-2015-phan-loai-hang-hoa-xuat-nhap-khau-chat-huu-co-hoat-dong-be-mat-286197.aspx
31,3746,7029/TB-TCHQ,2015,https://thuvienphapluat.vn/van-ban/Thuong-mai/Thong-bao-7029-TB-TCHQ-2015-phan-loai-hang-hoa-xuat-nhap-khau-chat-hoan-tat-nhuom-mau-286198.aspx
31,3747,7026/TB-TCHQ,2015,https://thuvienphapluat.vn/van-ban/Thuong-mai/Thong-bao-7026-TB-TCHQ-2015-ket-qua-phan-loai-hang-hoa-xuat-nhap-khau-la-Peroxit-Benzoyl-286195.aspx
31,3748,7017/TB-TCHQ,2015,https://thuvienphapluat.vn/van-ban/Thuong-mai/Thong-bao-7017-TB-TCHQ-2015-ket-qua-phan-loai-hang-hoa-xuat-nhap-khau-la-Dung-dich-kem-axetat-286113.aspx
31,3751,6920/TB-TCHQ,2015,https://thuvienphapluat.vn/van-ban/Thuong-mai/Thong-bao-6920-TB-TCHQ-2015-ket-qua-xac-dinh-truoc-ma-so-Zirconium-silicate-dang-bot-285410.aspx
31,3752,6936/TB-TCHQ,2015,https://thuvienphapluat.vn/van-ban/Thuong-mai/Thong-bao-6936-TB-TCHQ-2015-ket-qua-phan-loai-hang-xuat-nhap-khau-la-che-pham-chong-nhot-285836.aspx
31,3753,6938/TB-TCHQ,2015,https://thuvienphapluat.vn/van-ban/Thuong-mai/Thong-bao-6938-TB-TCHQ-2015-phan-loai-hang-xuat-nhap-khau-che-pham-hoat-dong-be-mat-dang-long-285815.aspx
31,3754,6921/TB-TCHQ,2015,https://thuvienphapluat.vn/van-ban/Thuong-mai/Thong-bao-6921-TB-TCHQ-2015-ket-qua-phan-loai-hang-xuat-nhap-khau-Nuoc-xot-dac-vi-gianduia-dang-285772.aspx
31,3756,6923/TB-TCHQ,2015,https://thuvienphapluat.vn/van-ban/Thuong-mai/Thong-bao-6923-TB-TCHQ-2015-ket-qua-phan-loai-hang-xuat-nhap-khau-la-Nuoc-xot-dac-vi-socola-trang-285774.aspx
31,3757,6937/TB-TCHQ,2015,https://thuvienphapluat.vn/van-ban/Thuong-mai/Thong-bao-6937-TB-TCHQ-2015-ket-qua-phan-loai-hang-xuat-nhap-khau-la-che-pham-chong-gi-285837.aspx
31,3758,6927/TB-TCHQ,2015,https://thuvienphapluat.vn/van-ban/Thuong-mai/Thong-bao-6927-TB-TCHQ-2015-ket-qua-phan-loai-hang-xuat-nhap-khau-la-mui-huong-cam-285778.aspx
31,3759,6925/TB-TCHQ,2015,https://thuvienphapluat.vn/van-ban/Thuong-mai/Thong-bao-6925-TB-TCHQ-2015-ket-qua-phan-loai-hang-xuat-nhap-khau-la-Nuoc-xot-dac-vi-hanh-nhan-285776.aspx
31,3760,6942/TB-TCHQ,2015,https://thuvienphapluat.vn/van-ban/Xuat-nhap-khau/Thong-bao-6942-TB-TCHQ-2015-ket-qua-phan-loai-hang-xuat-nhap-khau-la-Chat-chong-ozon-hoa-cho-cao-su-286031.aspx
31,3761,6930/TB-TCHQ,2015,https://thuvienphapluat.vn/van-ban/Thuong-mai/Thong-bao-6930-TB-TCHQ-2015-ket-qua-phan-loai-hang-xuat-nhap-khau-la-chat-chong-tao-bot-285781.aspx
31,3762,6941/TB-TCHQ,2015,https://thuvienphapluat.vn/van-ban/Thuong-mai/Thong-bao-6941-TB-TCHQ-2015-ket-qua-phan-loai-hang-xuat-nhap-khau-la-nguyen-lieu-luyen-thep-285818.aspx
31,3763,6926/TB-TCHQ,2015,https://thuvienphapluat.vn/van-ban/Thuong-mai/Thong-bao-6926-TB-TCHQ-2015-ket-qua-phan-loai-hang-xuat-nhap-khau-la-mui-huong-chanh-285777.aspx
31,3764,6932/TB-TCHQ,2015,https://thuvienphapluat.vn/van-ban/Thuong-mai/Thong-bao-6932-TB-TCHQ-2015-ket-qua-phan-loai-hang-xuat-nhap-khau-la-chat-phu-gia-xi-mang-285832.aspx
31,3765,6931/TB-TCHQ,2015,https://thuvienphapluat.vn/van-ban/Thuong-mai/Thong-bao-6931-TB-TCHQ-2015-ket-qua-phan-loai-hang-xuat-nhap-khau-la-huong-lieu-285831.aspx
31,3766,6922/TB-TCHQ,2015,https://thuvienphapluat.vn/van-ban/Thuong-mai/Thong-bao-6922-TB-TCHQ-2015-ket-qua-phan-loai-hang-xuat-nhap-khau-la-nuoc-xot-dac-vi-banh-bit-quy-285773.aspx
31,3767,6940/TB-TCHQ,2015,https://thuvienphapluat.vn/van-ban/Thuong-mai/Thong-bao-6940-TB-TCHQ-2015-ket-qua-phan-loai-hang-xuat-nhap-khau-la-cat-trang-dung-lam-khuon-285817.aspx
31,3768,6939/TB-TCHQ,2015,https://thuvienphapluat.vn/van-ban/Thuong-mai/Thong-bao-6939-TB-TCHQ-2015-phan-loai-hang-xuat-nhap-khau-che-pham-chua-dau-silicon-dang-long-285816.aspx
31,3769,6924/TB-TCHQ,2015,https://thuvienphapluat.vn/van-ban/Thuong-mai/Thong-bao-6924-TB-TCHQ-2015-phan-loai-hang-xuat-nhap-khau-Sua-bot-cho-tre-em-285775.aspx
31,3770,6933/TB-TCHQ,2015,https://thuvienphapluat.vn/van-ban/Thuong-mai/Thong-bao-6933-TB-TCHQ-2015-ket-qua-phan-loai-hang-xuat-nhap-khau-la-chat-phu-gia-xi-mang-285833.aspx
31,3771,6934/TB-TCHQ,2015,https://thuvienphapluat.vn/van-ban/Thuong-mai/Thong-bao-6934-TB-TCHQ-2015-ket-qua-phan-loai-hang-xuat-nhap-khau-la-phan-bon-la-285834.aspx
31,3773,6935/TB-TCHQ,2015,https://thuvienphapluat.vn/van-ban/Thuong-mai/Thong-bao-6935-TB-TCHQ-2015-ket-qua-phan-loai-hang-xuat-nhap-khau-la-phan-bon-la-285835.aspx
32,3778,6605/TB-TCHQ,2015,https://thuvienphapluat.vn/van-ban/Thuong-mai/Thong-bao-6605-TB-TCHQ-2015-ket-qua-phan-loai-hang-xuat-nhap-khau-nguyen-lieu-san-xuat-Son-Supglitter-285612.aspx
32,3779,6626/TB-TCHQ,2015,https://thuvienphapluat.vn/van-ban/Thuong-mai/Thong-bao-6626-TB-TCHQ-2015-ket-qua-phan-loai-hang-xuat-nhap-khau-la-Bui-kem-nguyen-lieu-san-xuat-son-285637.aspx
32,3780,6613/TB-TCHQ,2015,https://thuvienphapluat.vn/van-ban/Thuong-mai/Thong-bao-6613-TB-TCHQ-2015-ket-qua-phan-loai-hang-xuat-nhap-khau-la-Ban-mach-dien-thoai-di-dong-285576.aspx
32,3781,6617/TB-TCHQ,2015,https://thuvienphapluat.vn/van-ban/Thuong-mai/Thong-bao-6617-TB-TCHQ-2015-phan-loai-hang-xuat-nhap-khau-dung-moi-san-xuat-hoa-chat-CS-ER-1000-285632.aspx
32,3782,6610/TB-TCHQ,2015,https://thuvienphapluat.vn/van-ban/Thuong-mai/Thong-bao-6610-TB-TCHQ-2015-ket-qua-phan-loai-hang-xuat-nhap-khau-Son-dung-cho-da-giay-tu-polymer-285629.aspx
32,3783,6596/TB-TCHQ,2015,https://thuvienphapluat.vn/van-ban/Thuong-mai/Thong-bao-6596-TB-TCHQ-2015-ket-qua-xac-dinh-truoc-ma-so-hang-hoa-la-chat-nhu-hoa-san-xuat-my-pham-285608.aspx
32,3784,6601/TB-TCHQ,2015,https://thuvienphapluat.vn/van-ban/Thuong-mai/Thong-bao-6601-TB-TCHQ-2015-ket-qua-phan-loai-hang-hoa-xuat-nhap-khau-Chat-chong-oxy-hoa-285668.aspx
32,3785,6624/TB-TCHQ,2015,https://thuvienphapluat.vn/van-ban/Thuong-mai/Thong-bao-6624-TB-TCHQ-2015-ket-qua-phan-loai-dung-moi-san-xuat-hoa-chat-CS-1401LF-3HF-Flux-additive-285636.aspx
32,3787,6620/TB-TCHQ,2015,https://thuvienphapluat.vn/van-ban/Thuong-mai/Thong-bao-6620-TB-TCHQ-2015-phan-loai-hang-xuat-nhap-khau-la-dung-moi-de-san-xuat-hoa-chat-285721.aspx
32,3788,6630/TB-TCHQ,2015,https://thuvienphapluat.vn/van-ban/Thuong-mai/Thong-bao-6630-TB-TCHQ-2015-ket-qua-phan-loai-hang-xuat-nhap-khau-Thep-hop-kim-can-nong-hinh-chu-H-285672.aspx
32,3789,6602/TB-TCHQ,2015,https://thuvienphapluat.vn/van-ban/Thuong-mai/Thong-bao-6602-TB-TCHQ-2015-ket-qua-phan-loai-hang-xuat-nhap-khau-la-chat-tay-rua-be-mat-nhom-285719.aspx
32,3790,6600/TB-TCHQ,2015,https://thuvienphapluat.vn/van-ban/Thuong-mai/Thong-bao-6600-TB-TCHQ-2015-ket-qua-phan-loai-hang-hoa-xuat-nhap-khau-la-Chat-xuc-tien-luu-hoa-cao-su-285627.aspx
32,3792,6628/TB-TCHQ,2015,https://thuvienphapluat.vn/van-ban/Thuong-mai/Thong-bao-6628-TB-TCHQ-2015-phan-loai-hang-xuat-nhap-khau-la-Mat-bao-ve-camera-dien-thoai-di-dong-285638.aspx
32,3793,6604/TB-TCHQ,2015,https://thuvienphapluat.vn/van-ban/Thuong-mai/Thong-bao-6604-TB-TCHQ-2015-ket-qua-phan-loai-hang-xuat-nhap-khau-la-Chat-tay-rua-be-mat-nhom-285611.aspx
32,3794,6622/TB-TCHQ,2015,https://thuvienphapluat.vn/van-ban/Xuat-nhap-khau/Thong-bao-6622-TB-TCHQ-2015-ket-qua-phan-loai-dung-moi-de-san-xuat-hoa-chat-C-90-Film-remover-285614.aspx
32,3795,6609/TB-TCHQ,2015,https://thuvienphapluat.vn/van-ban/Thuong-mai/Thong-bao-6609-TB-TCHQ-2015-ket-qua-phan-loai-hang-hoa-xuat-nhap-khau-la-Vai-luoi-kho-54-285574.aspx
32,3796,6606/TB-TCHQ,2015,https://thuvienphapluat.vn/van-ban/Thuong-mai/Thong-bao-6606-TB-TCHQ-2015-phan-loai-hang-xuat-nhap-khau-nguyen-lieu-san-xuat-Son-Pearl-Pigment-285628.aspx
32,3797,6597/TB-TCHQ,2015,https://thuvienphapluat.vn/van-ban/Xuat-nhap-khau/Thong-bao-6597-TB-TCHQ-2015-ket-qua-phan-loai-che-pham-lam-sach-be-mat-tole-ma-nhom-kem-285609.aspx
32,3798,6595/TB-TCHQ,2015,https://thuvienphapluat.vn/van-ban/Thuong-mai/Thong-bao-6595-TB-TCHQ-2015-ket-qua-xac-dinh-truoc-ma-so-hang-hoa-la-Sap-tong-hop-285607.aspx
32,3799,6608/TB-TCHQ,2015,https://thuvienphapluat.vn/van-ban/Thuong-mai/Thong-bao-6608-TB-TCHQ-2015-ket-qua-phan-loai-hang-hoa-xuat-nhap-khau-la-Vai-det-kim-100-polyester-285573.aspx
32,3800,6614/TB-TCHQ,2015,https://thuvienphapluat.vn/van-ban/Thuong-mai/Thong-bao-6614-TB-TCHQ-2015-phan-loai-hang-xuat-nhap-khau-Ban-mach-mem-dien-tu-dien-thoai-di-dong-285669.aspx
32,3801,6594/TB-TCHQ,2015,https://thuvienphapluat.vn/van-ban/Thuong-mai/Thong-bao-6594-TB-TCHQ-2015-ket-qua-xac-dinh-truoc-ma-so-cua-O-cung-chua-du-lieu-285571.aspx
32,3802,6607/TB-TCHQ,2015,https://thuvienphapluat.vn/van-ban/Thuong-mai/Thong-bao-6607-TB-TCHQ-2015-ket-qua-phan-loai-hang-xuat-nhap-khau-la-Vai-det-kim-gia-da-54-285572.aspx
32,3803,6611/TB-TCHQ,2015,https://thuvienphapluat.vn/van-ban/Thuong-mai/Thong-bao-6611-TB-TCHQ-2015-ket-qua-phan-loai-hang-xuat-nhap-khau-Son-dung-cho-da-giay-tu-polymer-285575.aspx
32,3804,6599/TB-TCHQ,2015,https://thuvienphapluat.vn/van-ban/Thuong-mai/Thong-bao-6599-TB-TCHQ-2015-ket-qua-phan-loai-hang-xuat-nhap-khau-la-chat-xuc-tien-luu-hoa-cao-su-285610.aspx
33,3805,6603/TB-TCHQ,2015,https://thuvienphapluat.vn/van-ban/Thuong-mai/Thong-bao-6603-TB-TCHQ-2015-phan-loai-hang-xuat-nhap-khau-la-chat-khu-axit-be-mat-nhom-285720.aspx
33,3806,6625/TB-TCHQ,2015,https://thuvienphapluat.vn/van-ban/Thuong-mai/Thong-bao-6625-TB-TCHQ-2015-phan-loai-hang-xuat-nhap-khau-la-gia-da-285670.aspx
33,3807,6627/TB-TCHQ,2015,https://thuvienphapluat.vn/van-ban/Thuong-mai/Thong-bao-6627-TB-TCHQ-2015-ve-ket-qua-phan-loai-hang-xuat-nhap-khau-la-Bong-den-cao-tan-285671.aspx
33,3808,6623/TB-TCHQ,2015,https://thuvienphapluat.vn/van-ban/Thuong-mai/Thong-bao-6623-TB-TCHQ-2015-ket-qua-phan-loai-dung-moi-san-xuat-hoa-chat-CS-9111LF-5HF-flux-additive-285615.aspx
33,3809,6615/TB-TCHQ,2015,https://thuvienphapluat.vn/van-ban/Thuong-mai/Thong-bao-6615-TB-TCHQ-2015-ket-qua-phan-loai-hang-xuat-nhap-khau-Dung-moi-de-san-xuat-hoa-chat-285630.aspx
33,3810,6616/TB-TCHQ,2015,https://thuvienphapluat.vn/van-ban/Thuong-mai/Thong-bao-6616-TB-TCHQ-2015-ket-qua-phan-loai-hang-xuat-nhap-khau-Dung-moi-de-san-xuat-hoa-chat-285631.aspx
33,3811,6619/TB-TCHQ,2015,https://thuvienphapluat.vn/van-ban/Thuong-mai/Thong-bao-6619-TB-TCHQ-2015-phan-loai-hang-xuat-nhap-khau-la-dung-moi-san-xuat-hoa-chat-CS-ER-2000-285634.aspx
33,3812,6618/TB-TCHQ,2015,https://thuvienphapluat.vn/van-ban/Thuong-mai/Thong-bao-6618-TB-TCHQ-2015-phan-loai-hang-xuat-nhap-khau-la-dung-moi-san-xuat-hoa-chat-CS-ER-2000-285633.aspx
33,3813,6598/TB-TCHQ,2015,https://thuvienphapluat.vn/van-ban/Thuong-mai/Thong-bao-6598-TB-TCHQ-2015-ket-qua-phan-loai-hang-xuat-nhap-khau-che-pham-thuoc-nhuom-phan-tan-285667.aspx
33,3814,6612/TB-TCHQ,2015,https://thuvienphapluat.vn/van-ban/Thuong-mai/Thong-bao-6612-TB-TCHQ-2015-ket-qua-phan-loai-hang-xuat-nhap-khau-la-Vai-trang-phu-nhua-may-tui-xach-285613.aspx
33,3817,6443/TB-TCHQ,2015,https://thuvienphapluat.vn/van-ban/Thuong-mai/Thong-bao-6443-TB-TCHQ-phan-loai-giay-lua-ban-thanh-pham-lam-khan-an-2015-289019.aspx
33,3820,6400/TB-TCHQ,2015,https://thuvienphapluat.vn/van-ban/Thuong-mai/Thong-bao-6400-TB-TCHQ-phan-loai-nuoc-xu-ly-VNP-JW-043-2015-289018.aspx
33,3822,7276/TB-TCHQ,2015,https://thuvienphapluat.vn/van-ban/Thuong-mai/Thong-bao-7276-TB-TCHQ-2015-ket-qua-phan-loai-nhua-alkyd-dang-long-dung-san-xuat-son-286839.aspx
33,3823,7273/TB-TCHQ,2015,https://thuvienphapluat.vn/van-ban/Thuong-mai/Thong-bao-7273-TB-TCHQ-2015-ket-qua-phan-loai-thuoc-mau-286836.aspx
33,3824,7275/TB-TCHQ,2015,https://thuvienphapluat.vn/van-ban/Thuong-mai/Thong-bao-7275-TB-TCHQ-2015-ket-qua-phan-loai-nhua-alkyd-dung-san-xuat-son-286838.aspx
33,3825,7274/TB-TCHQ,2015,https://thuvienphapluat.vn/van-ban/Thuong-mai/Thong-bao-7274-TB-TCHQ-2015-ket-qua-phan-loai-nhua-alkyd-dang-long-dung-san-xuat-son-286837.aspx
33,3826,6150/TB-TCHQ,2015,https://thuvienphapluat.vn/van-ban/Thuong-mai/Thong-bao-6150-TB-TCHQ-phan-loai-thuc-pham-chuc-nang-Reviv-2015-293018.aspx
33,3827,6005/TB-TCHQ,2015,https://thuvienphapluat.vn/van-ban/Xuat-nhap-khau/Thong-bao-6005-TB-TCHQ-2015-phan-loai-hang-xuat-nhap-khau-nguyen-lieu-san-xuat-thuoc-282701.aspx
33,3828,6000/TB-TCHQ,2015,https://thuvienphapluat.vn/van-ban/Xuat-nhap-khau/Thong-bao-6000-TB-TCHQ-2015-phan-loai-hang-hoa-xuat-nhap-khau-dung-dich-ma-chua-niken-sunphat-282416.aspx
33,3829,6001/TB-TCHQ,2015,https://thuvienphapluat.vn/van-ban/Xuat-nhap-khau/Thong-bao-6001-TB-TCHQ-2015-ket-qua-phan-loai-doi-voi-hang-hoa-xuat-nhap-khau-Dau-hoa-deo-282417.aspx
33,3830,5996/TB-TCHQ,2015,https://thuvienphapluat.vn/van-ban/Xuat-nhap-khau/Thong-bao-5996-TB-TCHQ-2015-phan-loai-hang-hoa-xuat-nhap-khau-dung-dich-ma-chua-axit-malic-282412.aspx
33,3831,5984/TB-TCHQ,2015,https://thuvienphapluat.vn/van-ban/Xuat-nhap-khau/Thong-bao-5984-TB-TCHQ-2015-ket-qua-phan-loai-hang-hoa-xuat-nhap-khau-Dau-co-chua-chat-khoang-282180.aspx
33,3832,6007/TB-TCHQ,2015,https://thuvienphapluat.vn/van-ban/Xuat-nhap-khau/Thong-bao-6007-TB-TCHQ-2015-phan-loai-hang-xuat-nhap-khau-nguyen-lieu-san-xuat-thuoc-282703.aspx
33,3834,6009/TB-TCHQ,2015,https://thuvienphapluat.vn/van-ban/Xuat-nhap-khau/Thong-bao-6009-TB-TCHQ-2015-phan-loai-hang-hoa-xuat-nhap-khau-nguyen-lieu-san-xuat-thuoc-282705.aspx
33,3835,6010/TB-TCHQ,2015,https://thuvienphapluat.vn/van-ban/Xuat-nhap-khau/Thong-bao-6010-TB-TCHQ-2015-phan-loai-doi-voi-hang-hoa-xuat-nhap-khau-Nguyen-lieu-san-xuat-thuoc-282706.aspx
34,3836,5989/TB-TCHQ,2015,https://thuvienphapluat.vn/van-ban/Xuat-nhap-khau/Thong-bao-5989-TB-TCHQ-2015-ket-qua-phan-loai-doi-voi-hang-hoa-xuat-nhap-khau-Chat-cung-keo-282186.aspx
34,3837,5979/TB-TCHQ,2015,https://thuvienphapluat.vn/van-ban/Xuat-nhap-khau/Thong-bao-5979-TB-TCHQ-2015-phan-loai-hang-hoa-xuat-nhap-khau-nguyen-lieu-san-xuat-banh-keo-282175.aspx
34,3838,5997/TB-TCHQ,2015,https://thuvienphapluat.vn/van-ban/Xuat-nhap-khau/Thong-bao-5997-TB-TCHQ-2015-phan-loai-hang-hoa-xuat-nhap-khau-dung-dich-ma-chua-postassium-282413.aspx
34,3839,5983/TB-TCHQ,2015,https://thuvienphapluat.vn/van-ban/Xuat-nhap-khau/Thong-bao-5983-TB-TCHQ-2015-ket-qua-phan-loai-hang-hoa-xuat-nhap-khau-Nhua-tong-hop-282179.aspx
34,3840,5995/TB-TCHQ,2015,https://thuvienphapluat.vn/van-ban/Xuat-nhap-khau/Thong-bao-5995-TB-TCHQ-2015-phan-loai-hang-hoa-xuat-nhap-khau-la-Vat-lieu-chong-tham-cho-be-tong-282411.aspx
34,3841,5951/TB-TCHQ,2015,https://thuvienphapluat.vn/van-ban/Xuat-nhap-khau/Thong-bao-5951-TB-TCHQ-2015-ket-qua-phan-loai-hang-hoa-xuat-nhap-khau-Tinh-bot-bien-tinh-281948.aspx
34,3842,5986/TB-TCHQ,2015,https://thuvienphapluat.vn/van-ban/Xuat-nhap-khau/Thong-bao-5986-TB-TCHQ-2015-ket-qua-phan-loai-hang-hoa-xuat-nhap-khau-Thuoc-mau-tu-oxit-sat-282183.aspx
34,3843,5992/TB-TCHQ,2015,https://thuvienphapluat.vn/van-ban/Xuat-nhap-khau/Thong-bao-5992-TB-TCHQ-2015-ket-qua-phan-loai-hang-hoa-xuat-nhap-khau-Nhom-hop-kim-dang-tam-282408.aspx
34,3844,5972/TB-TCHQ,2015,https://thuvienphapluat.vn/van-ban/Xuat-nhap-khau/Thong-bao-5972-TB-TCHQ-2015-phan-loai-hang-hoa-la-Phu-gia-dung-trong-thuc-an-chan-nuoi-282054.aspx
34,3845,6015/TB-TCHQ,2015,https://thuvienphapluat.vn/van-ban/Xuat-nhap-khau/Thong-bao-6015-TB-TCHQ-2015-phan-loai-doi-voi-hang-hoa-xuat-nhap-khau-Nguyen-lieu-san-xuat-thuoc-283070.aspx
34,3846,5980/TB-TCHQ,2015,https://thuvienphapluat.vn/van-ban/Xuat-nhap-khau/Thong-bao-5980-TB-TCHQ-2015-phan-loai-hang-hoa-xuat-nhap-khau-San-chiu-lua-282176.aspx
34,3847,5968/TB-TCHQ,2015,https://thuvienphapluat.vn/van-ban/Xuat-nhap-khau/Thong-bao-5968-TB-TCHQ-2015-phan-loai-hang-hoa-xuat-nhap-khau-thuc-pham-gion-co-huong-lieu-282050.aspx
34,3848,5952/TB-TCHQ,2015,https://thuvienphapluat.vn/van-ban/Xuat-nhap-khau/Thong-bao-5952-TB-TCHQ-2015-ket-qua-phan-loai-hang-hoa-xuat-nhap-khau-la-Nhua-phenol-nguyen-sinh-281949.aspx
34,3849,5958/TB-TCHQ,2015,https://thuvienphapluat.vn/van-ban/Xuat-nhap-khau/Thong-bao-5958-TB-TCHQ-2015-ket-qua-phan-loai-hang-hoa-xuat-nhap-khau-Thanh-hop-kim-nhom-281955.aspx
34,3850,5955/TB-TCHQ,2015,https://thuvienphapluat.vn/van-ban/Xuat-nhap-khau/Thong-bao-5955-TB-TCHQ-2015-ket-qua-phan-loai-hang-hoa-xuat-nhap-khau-Hat-nhua-chua-hoa-deo-281952.aspx
34,3851,5960/TB-TCHQ,2015,https://thuvienphapluat.vn/van-ban/Xuat-nhap-khau/Thong-bao-5960-TB-TCHQ-2015-phan-loai-Nguyen-phu-lieu-dung-de-san-xuat-giay-dep-281929.aspx
34,3852,5982/TB-TCHQ,2015,https://thuvienphapluat.vn/van-ban/Xuat-nhap-khau/Thong-bao-5982-TB-TCHQ-2015-phan-loai-hang-hoa-xuat-nhap-khau-la-Dang-nguyen-sinh-Polyurethane-282178.aspx
34,3853,5971/TB-TCHQ,2015,https://thuvienphapluat.vn/van-ban/Xuat-nhap-khau/Thong-bao-5971-TB-TCHQ-2015-ket-qua-phan-loai-hang-hoa-xuat-nhap-khau-Day-cap-ket-noi-loai-3-loi-282053.aspx
34,3854,6016/TB-TCHQ,2015,https://thuvienphapluat.vn/van-ban/Xuat-nhap-khau/Thong-bao-6016-TB-TCHQ-2015-phan-loai-hang-hoa-xuat-nhap-khau-Phan-bon-NP-hon-hop-dang-hat-283071.aspx
34,3855,6012/TB-TCHQ,2015,https://thuvienphapluat.vn/van-ban/Xuat-nhap-khau/Thong-bao-6012-TB-TCHQ-2015-ket-qua-phan-loai-hang-hoa-xuat-nhap-khau-Nguyen-lieu-san-xuat-thuoc-283067.aspx
34,3856,5964/TB-TCHQ,2015,https://thuvienphapluat.vn/van-ban/Xuat-nhap-khau/Thong-bao-5964-TB-TCHQ-2015-ket-qua-phan-loai-hang-hoa-xuat-nhap-khau-Cao-su-tong-hop-282046.aspx
34,3857,5985/TB-TCHQ,2015,https://thuvienphapluat.vn/van-ban/Xuat-nhap-khau/Thong-bao-5985-TB-TCHQ-2015-phan-loai-hang-hoa-xuat-nhap-khau-Nguyen-lieu-thuc-an-cho-tom-282181.aspx
34,3858,6011/TB-TCHQ,2015,https://thuvienphapluat.vn/van-ban/Xuat-nhap-khau/Thong-bao-6011-TB-TCHQ-2015-phan-loai-doi-voi-hang-hoa-xuat-nhap-khau-Sap-ong-trang-283066.aspx
34,3859,5990/TB-TCHQ,2015,https://thuvienphapluat.vn/van-ban/Xuat-nhap-khau/Thong-bao-5990-TB-TCHQ-2015-ket-qua-phan-loai-doi-voi-hang-hoa-xuat-nhap-khau-la-Tinh-bot-bien-tinh-282187.aspx
34,3860,5981/TB-TCHQ,2015,https://thuvienphapluat.vn/van-ban/Xuat-nhap-khau/Thong-bao-5981-TB-TCHQ-2015-phan-loai-hang-hoa-xuat-nhap-khau-san-chiu-lua-282177.aspx
35,3861,5991/TB-TCHQ,2015,https://thuvienphapluat.vn/van-ban/Xuat-nhap-khau/Thong-bao-5991-TB-TCHQ-2015-phan-loai-hang-hoa-xuat-nhap-khau-Polymer-acrylic-dang-nguyen-sinh-282407.aspx
35,3862,5966/TB-TCHQ,2015,https://thuvienphapluat.vn/van-ban/Xuat-nhap-khau/Thong-bao-5966-TB-TCHQ-2015-phan-loai-hang-hoa-xuat-nhap-khau-Cao-su-tong-hop-282048.aspx
35,3863,6008/TB-TCHQ,2015,https://thuvienphapluat.vn/van-ban/Xuat-nhap-khau/Thong-bao-6008-TB-TCHQ-2015-phan-loai-hang-hoa-xuat-nhap-khau-hop-chat-Magnesium-Aluminosilicate-282704.aspx
35,3864,6002/TB-TCHQ,2015,https://thuvienphapluat.vn/van-ban/Xuat-nhap-khau/Thong-bao-6002-TB-TCHQ-2015-phan-loai-hang-xuat-nhap-khau-Nguyen-lieu-san-xuat-son-Defoamer-744-282698.aspx
35,3865,5993/TB-TCHQ,2015,https://thuvienphapluat.vn/van-ban/Xuat-nhap-khau/Thong-bao-5993-TB-TCHQ-2015-ket-qua-phan-loai-doi-voi-hang-hoa-xuat-nhap-khau-la-Cuon-bao-on-282409.aspx
35,3866,5954/TB-TCHQ,2015,https://thuvienphapluat.vn/van-ban/Xuat-nhap-khau/Thong-bao-5954-TB-TCHQ-2015-phan-loai-hang-hoa-xuat-nhap-khau-Chat-phu-tro-cong-nghiep-det-281951.aspx
35,3868,6017/TB-TCHQ,2015,https://thuvienphapluat.vn/van-ban/Xuat-nhap-khau/Thong-bao-6017-TB-TCHQ-2015-phan-loai-hang-hoa-xuat-nhap-khau-Phan-bon-NK-hon-hop-dang-hat-283072.aspx
35,3869,5953/TB-TCHQ,2015,https://thuvienphapluat.vn/van-ban/Xuat-nhap-khau/Thong-bao-5953-TB-TCHQ-2015-phan-loai-hang-hoa-xuat-nhap-khau-la-Chat-phu-tro-cong-nghiep-det-281950.aspx
35,3870,5970/TB-TCHQ,2015,https://thuvienphapluat.vn/van-ban/Xuat-nhap-khau/Thong-bao-5970-TB-TCHQ-2015-phan-loai-hang-hoa-xuat-nhap-khau-la-thuc-pham-gion-co-huong-lieu-282052.aspx
35,3871,5977/TB-TCHQ,2015,https://thuvienphapluat.vn/van-ban/Xuat-nhap-khau/Thong-bao-5977-TB-TCHQ-2015-phan-loai-hang-hoa-xuat-nhap-khau-Huong-vani-san-xuat-banh-keo-282174.aspx
35,3873,5999/TB-TCHQ,2015,https://thuvienphapluat.vn/van-ban/Xuat-nhap-khau/Thong-bao-5999-TB-TCHQ-2015-phan-loai-hang-hoa-xuat-nhap-khau-dung-dich-ma-chua-natrihipophotphit-282415.aspx
35,3874,5988/TB-TCHQ,2015,https://thuvienphapluat.vn/van-ban/Xuat-nhap-khau/Thong-bao-5988-TB-TCHQ-2015-ket-qua-phan-loai-hang-hoa-xuat-nhap-khau-Keo-2-thanh-phan-tu-nhua-282185.aspx
35,3875,5969/TB-TCHQ,2015,https://thuvienphapluat.vn/van-ban/Xuat-nhap-khau/Thong-bao-5969-TB-TCHQ-2015-phan-loai-hang-hoa-xuat-nhap-khau-thuc-pham-gion-co-huong-lieu-282051.aspx
35,3876,5965/TB-TCHQ,2015,https://thuvienphapluat.vn/van-ban/Xuat-nhap-khau/Thong-bao-5965-TB-TCHQ-2015-ket-qua-phan-loai-hang-hoa-xuat-nhap-khau-Cao-su-tong-hop-282047.aspx
35,3877,5962/TB-TCHQ,2015,https://thuvienphapluat.vn/van-ban/Xuat-nhap-khau/Thong-bao-5962-TB-TCHQ-2015-ket-qua-phan-loai-hang-hoa-xuat-nhap-khau-Cao-su-styrene-butadiene-281957.aspx
35,3878,5956/TB-TCHQ,2015,https://thuvienphapluat.vn/van-ban/Xuat-nhap-khau/Thong-bao-5956-TB-TCHQ-2015-phan-loai-hang-hoa-xuat-nhap-khau-Nguyen-lieu-san-xuat-thanh-nhua-281953.aspx
35,3879,5974/TB-TCHQ,2015,https://thuvienphapluat.vn/van-ban/Xuat-nhap-khau/Thong-bao-5974-TB-TCHQ-2015-ket-qua-phan-loai-hang-hoa-xuat-nhap-khau-Duong-Glucose-dang-bot-282056.aspx
35,3880,5975/TB-TCHQ,2015,https://thuvienphapluat.vn/van-ban/Xuat-nhap-khau/Thong-bao-5975-TB-TCHQ-2015-ket-qua-phan-loai-doi-voi-hang-hoa-xuat-nhap-khau-Dung-dich-Caramel-282057.aspx
35,3881,5963/TB-TCHQ,2015,https://thuvienphapluat.vn/van-ban/Xuat-nhap-khau/Thong-bao-5963-TB-TCHQ-2015-ket-qua-phan-loai-hang-hoa-xuat-nhap-khau-Cao-su-styren-butadien-281931.aspx
35,3882,5978/TB-TCHQ,2015,https://thuvienphapluat.vn/van-ban/Xuat-nhap-khau/Thong-bao-5978-TB-TCHQ-2015-ket-qua-phan-loai-doi-voi-hang-hoa-xuat-nhap-khau-la-Huong-vani-282065.aspx
35,3883,5973/TB-TCHQ,2015,https://thuvienphapluat.vn/van-ban/Xuat-nhap-khau/Thong-bao-5973-TB-TCHQ-2015-ket-qua-phan-loai-doi-voi-hang-hoa-xuat-nhap-khau-Ruou-vang-do-282055.aspx
35,3884,6014/TB-TCHQ,2015,https://thuvienphapluat.vn/van-ban/Xuat-nhap-khau/Thong-bao-6014-TB-TCHQ-2015-phan-loai-hang-hoa-xuat-nhap-khau-Nguyen-lieu-san-xuat-thuoc-283069.aspx
35,3885,6003/TB-TCHQ,2015,https://thuvienphapluat.vn/van-ban/Xuat-nhap-khau/Thong-bao-6003-TB-TCHQ-2015-phan-loai-hang-xuat-nhap-khau-Nguyen-lieu-san-xuat-thuoc-Oryzanol-282699.aspx
35,3886,5967/TB-TCHQ,2015,https://thuvienphapluat.vn/van-ban/Xuat-nhap-khau/Thong-bao-5967-TB-TCHQ-2015-phan-loai-hang-hoa-xuat-nhap-khau-thuc-pham-gion-co-huong-lieu-282049.aspx
35,3887,5976/TB-TCHQ,2015,https://thuvienphapluat.vn/van-ban/Xuat-nhap-khau/Thong-bao-5976-TB-TCHQ-2015-phan-loai-Hon-hop-bot-chong-moc-san-xuat-banh-keo-282173.aspx
36,3888,5994/TB-TCHQ,2015,https://thuvienphapluat.vn/van-ban/Xuat-nhap-khau/Thong-bao-5994-TB-TCHQ-2015-ket-qua-phan-loai-doi-voi-hang-hoa-xuat-nhap-khau-la-Chat-ket-dinh-282410.aspx
36,3889,5957/TB-TCHQ,2015,https://thuvienphapluat.vn/van-ban/Xuat-nhap-khau/Thong-bao-5957-TB-TCHQ-2015-ket-qua-phan-loai-hang-hoa-xuat-nhap-khau-Polymer-acrylic-281954.aspx
36,3890,5961/TB-TCHQ,2015,https://thuvienphapluat.vn/van-ban/Xuat-nhap-khau/Thong-bao-5961-TB-TCHQ-2015-ket-qua-phan-loai-hang-hoa-xuat-nhap-khau-Cao-su-styren-butadien-281930.aspx
36,3891,6018/TB-TCHQ,2015,https://thuvienphapluat.vn/van-ban/Xuat-nhap-khau/Thong-bao-6018-TB-TCHQ-2015-phan-loai-hang-hoa-xuat-nhap-khau-la-Hoa-chat-Stronium-cacbonat-283073.aspx
36,3892,5998/TB-TCHQ,2015,https://thuvienphapluat.vn/van-ban/Xuat-nhap-khau/Thong-bao-5998-TB-TCHQ-2015-phan-loai-hang-hoa-xuat-nhap-khau-dung-dich-ma-chua-axit-sitric-282414.aspx
36,3894,5959/TB-TCHQ,2015,https://thuvienphapluat.vn/van-ban/Xuat-nhap-khau/Thong-bao-5959-TB-TCHQ-2015-phan-loai-hang-hoa-xuat-nhap-khau-Cao-su-hon-hop-281956.aspx
36,3895,5950/TB-TCHQ,2015,https://thuvienphapluat.vn/van-ban/Xuat-nhap-khau/Thong-bao-5950-TB-TCHQ-2015-ket-qua-phan-loai-doi-voi-hang-hoa-xuat-nhap-khau-Keo-di-tu-Poly-281947.aspx
36,3896,5851/TB-TCHQ,2015,https://thuvienphapluat.vn/van-ban/Xuat-nhap-khau/Thong-bao-5851-TB-TCHQ-2015-phan-loai-hang-xuat-nhap-khau-Nhua-tam-280903.aspx
36,3897,5854/TB-TCHQ,2015,https://thuvienphapluat.vn/van-ban/Xuat-nhap-khau/Thong-bao-5854-TB-TCHQ-2015-phan-loai-hang-xuat-nhap-khau-Chat-mau-polyol-trong-xay-dung-280918.aspx
36,3898,5860/TB-TCHQ,2015,https://thuvienphapluat.vn/van-ban/Xuat-nhap-khau/Thong-bao-5860-TB-TCHQ-2015-phan-loai-hang-xuat-nhap-khau-Chat-mau-polyol-xay-dung-280907.aspx
36,3899,5856/TB-TCHQ,2015,https://thuvienphapluat.vn/van-ban/Xuat-nhap-khau/Thong-bao-5856-TB-TCHQ-2015-phan-loai-hang-xuat-nhap-khau-Che-pham-phu-be-mat-cong-nghiep-280920.aspx
36,3900,5855/TB-TCHQ,2015,https://thuvienphapluat.vn/van-ban/Xuat-nhap-khau/Thong-bao-5855-TB-TCHQ-2015-phan-loai-hang-xuat-nhap-khau-Chat-mau-polyol-green-xay-dung-280919.aspx
36,3901,5858/TB-TCHQ,2015,https://thuvienphapluat.vn/van-ban/Xuat-nhap-khau/Thong-bao-5858-TB-TCHQ-2015-phan-loai-Che-pham-phu-be-mat-san-cong-nghiep-280922.aspx
36,3902,5853/TB-TCHQ,2015,https://thuvienphapluat.vn/van-ban/Xuat-nhap-khau/Thong-bao-5853-TB-TCHQ-2015-xac-dinh-truoc-ma-so-Dau-oliu-nguyen-chat-280905.aspx
36,3903,5859/TB-TCHQ,2015,https://thuvienphapluat.vn/van-ban/Xuat-nhap-khau/Thong-bao-5859-TB-TCHQ-2015-phan-loai-hang-xuat-nhap-khau-la-Hon-hop-cac-hop-chat-vo-co-280906.aspx
36,3904,5857/TB-TCHQ,2015,https://thuvienphapluat.vn/van-ban/Xuat-nhap-khau/Thong-bao-5857-TB-TCHQ-2015-phan-loai-hang-xuat-nhap-khau-Che-pham-phu-be-mat-cong-nghiep-280921.aspx
36,3905,5852/TB-TCHQ,2015,https://thuvienphapluat.vn/van-ban/Xuat-nhap-khau/Thong-bao-5852-TB-TCHQ-2015-phan-loai-hang-xuat-nhap-khau-Dung-moi-Green-280904.aspx
36,3906,5813/TB-TCHQ,2015,https://thuvienphapluat.vn/van-ban/Xuat-nhap-khau/Thong-bao-5813-TB-TCHQ-2015-phan-loai-doi-voi-hang-xuat-nhap-khau-Hat-nhua-nguyen-sinh-Surlyn-281473.aspx
36,3907,5816/TB-TCHQ,2015,https://thuvienphapluat.vn/van-ban/Xuat-nhap-khau/Thong-bao-5816-TB-TCHQ-2015-phan-loai-hang-xuat-nhap-khau-Che-pham-tach-khuon-Silicon-dang-long-281335.aspx
36,3908,5818/TB-TCHQ,2015,https://thuvienphapluat.vn/van-ban/Xuat-nhap-khau/Thong-bao-5818-TB-TCHQ-2015-phan-loai-hang-hoa-xuat-nhap-khau-phu-gia-thuc-pham-281434.aspx
36,3909,5815/TB-TCHQ,2015,https://thuvienphapluat.vn/van-ban/Xuat-nhap-khau/Thong-bao-5815-TB-TCHQ-2015-ket-qua-phan-loai-hang-hoa-xuat-nhap-khau-la-Tien-polyurethan-281432.aspx
36,3911,5811/TB-TCHQ,2015,https://thuvienphapluat.vn/van-ban/Xuat-nhap-khau/Thong-bao-5811-TB-TCHQ-2015-phan-loai-hang-xuat-nhap-khau-Thep-hop-kim-can-phang-281334.aspx
36,3912,5814/TB-TCHQ,2015,https://thuvienphapluat.vn/van-ban/Xuat-nhap-khau/Thong-bao-5814-TB-TCHQ-2015-phan-loai-hang-hoa-xuat-nhap-khau-la-Tien-polyurethan-281474.aspx
36,3913,5817/TB-TCHQ,2015,https://thuvienphapluat.vn/van-ban/Xuat-nhap-khau/Thong-bao-5817-TB-TCHQ-2015-ket-qua-phan-loai-hang-hoa-xuat-nhap-khau-dung-moi-281433.aspx
36,3914,5790/TB-TCHQ,2015,https://thuvienphapluat.vn/van-ban/Xuat-nhap-khau/Thong-bao-5790-TB-TCHQ-2015-phan-loai-hang-xuat-nhap-khau-la-Dau-boi-tron-CPC-281467.aspx
37,3915,5792/TB-TCHQ,2015,https://thuvienphapluat.vn/van-ban/Xuat-nhap-khau/Thong-bao-5792-TB-TCHQ-2015-ket-qua-phan-loai-hang-hoa-xuat-nhap-khau-Sunfat-cua-dong-281469.aspx
37,3916,5793/TB-TCHQ,2015,https://thuvienphapluat.vn/van-ban/Xuat-nhap-khau/Thong-bao-5793-TB-TCHQ-2015-phan-loai-hang-xuat-nhap-khau-Than-carbon-hoat-tinh-281431.aspx
37,3917,5794/TB-TCHQ,2015,https://thuvienphapluat.vn/van-ban/Xuat-nhap-khau/Thong-bao-5794-TB-TCHQ-2015-phan-loai-Chat-gan-da-dieu-che-dung-cho-khoan-duc-281470.aspx
37,3918,5791/TB-TCHQ,2015,https://thuvienphapluat.vn/van-ban/Xuat-nhap-khau/Thong-bao-5791-TB-TCHQ-2015-phan-loai-hang-xuat-nhap-khau-la-hoa-chat-trong-luyen-kim-xi-ma-281468.aspx
37,3920,5733/TB-TCHQ,2015,https://thuvienphapluat.vn/van-ban/Xuat-nhap-khau/Thong-bao-5733-TB-TCHQ-2015-phan-loai-hang-xuat-nhap-khau-la-phu-gia-san-xuat-bot-giat-281465.aspx
37,3921,5734/TB-TCHQ,2015,https://thuvienphapluat.vn/van-ban/Xuat-nhap-khau/Thong-bao-5734-TB-TCHQ-2015-phan-loai-hang-xuat-nhap-khau-phu-gia-san-xuat-bot-giat-281466.aspx
37,3922,5647/TB-TCHQ,2015,https://thuvienphapluat.vn/van-ban/Xuat-nhap-khau/Thong-bao-5647-TB-TCHQ-2015-phan-loai-hang-xuat-nhap-khau-Thuoc-mau-huu-co-tong-hop-dang-bot-282535.aspx
37,3923,5643/TB-TCHQ,2015,https://thuvienphapluat.vn/van-ban/Xuat-nhap-khau/Thong-bao-5643-TB-TCHQ-2015-ket-qua-phan-loai-doi-voi-hang-hoa-xuat-nhap-khau-Tinh-quang-Zircon-282532.aspx
37,3925,5649/TB-TCHQ,2015,https://thuvienphapluat.vn/van-ban/Xuat-nhap-khau/Thong-bao-5649-TB-TCHQ-2015-phan-loai-hang-xuat-nhap-khau-la-Che-pham-tach-khuon-282537.aspx
37,3926,5648/TB-TCHQ,2015,https://thuvienphapluat.vn/van-ban/Xuat-nhap-khau/Thong-bao-5648-TB-TCHQ-2015-phan-loai-hang-xuat-nhap-khau-Thuoc-mau-huu-co-tong-hop-dang-bot-282536.aspx
37,3927,5651/TB-TCHQ,2015,https://thuvienphapluat.vn/van-ban/Xuat-nhap-khau/Thong-bao-5651-TB-TCHQ-2015-ket-qua-phan-loai-hang-hoa-xuat-nhap-khau-Che-pham-lam-sach-be-mat-282539.aspx
37,3928,5674/TB-TCHQ,2015,https://thuvienphapluat.vn/van-ban/Xuat-nhap-khau/Thong-bao-5674-TB-TCHQ-2015-phan-loai-hang-hoa-xuat-nhap-khau-Than-cui-lam-tu-go-keo-rung-trong-282541.aspx
37,3929,5640/TB-TCHQ,2015,https://thuvienphapluat.vn/van-ban/Xuat-nhap-khau/Thong-bao-5640-TB-TCHQ-2015-phan-loai-hang-xuat-nhap-khau-Che-pham-hoa-hoc-282529.aspx
37,3930,5641/TB-TCHQ,2015,https://thuvienphapluat.vn/van-ban/Xuat-nhap-khau/Thong-bao-5641-TB-TCHQ-2015-phan-loai-hang-xuat-nhap-khau-Chat-hoan-tat-det-282530.aspx
37,3931,5645/TB-TCHQ,2015,https://thuvienphapluat.vn/van-ban/Xuat-nhap-khau/Thong-bao-5645-TB-TCHQ-2015-phan-loai-hang-hoa-xuat-nhap-khau-Thuoc-mau-huu-co-tong-hop-282533.aspx
37,3932,5646/TB-TCHQ,2015,https://thuvienphapluat.vn/van-ban/Xuat-nhap-khau/Thong-bao-5646-TB-TCHQ-2015-phan-loai-hang-hoa-xuat-nhap-khau-Thuoc-mau-huu-co-tong-hop-282534.aspx
37,3933,5650/TB-TCHQ,2015,https://thuvienphapluat.vn/van-ban/Xuat-nhap-khau/Thong-bao-5650-TB-TCHQ-2015-phan-loai-hang-hoa-xuat-nhap-khau-Che-pham-tach-khuon-282538.aspx
37,3934,5652/TB-TCHQ,2015,https://thuvienphapluat.vn/van-ban/Xuat-nhap-khau/Thong-bao-5652-TB-TCHQ-2015-phan-loai-hang-xuat-nhap-khau-Hoa-chat-chong-an-mon-282540.aspx
37,3935,5559/TB-TCHQ,2015,https://thuvienphapluat.vn/van-ban/Xuat-nhap-khau/Thong-bao-5559-TB-TCHQ-2015-ket-qua-phan-loai-hang-hoa-xuat-nhap-khau-283259.aspx
37,3936,5558/TB-TCHQ,2015,https://thuvienphapluat.vn/van-ban/Xuat-nhap-khau/Thong-bao-5558-TB-TCHQ-2015-ket-qua-phan-loai-hang-hoa-xuat-nhap-khau-283258.aspx
37,3937,5561/TB-TCHQ,2015,https://thuvienphapluat.vn/van-ban/Xuat-nhap-khau/Thong-bao-5561-TB-TCHQ-2015-ket-qua-phan-loai-Hon-hop-chat-thom-dung-trong-san-xuat-nhang-muoi-283261.aspx
37,3938,5560/TB-TCHQ,2015,https://thuvienphapluat.vn/van-ban/Xuat-nhap-khau/Thong-bao-5560-TB-TCHQ-2015-ket-qua-phan-loai-hang-hoa-xuat-nhap-khau-283260.aspx
37,3939,5466/TB-TCHQ,2015,https://thuvienphapluat.vn/van-ban/Xuat-nhap-khau/Thong-bao-5466-TB-TCHQ-2015-ket-qua-phan-loai-hang-hoa-xuat-nhap-khau-la-Thep-goc-khong-hop-kim-283253.aspx
37,3940,5474/TB-TCHQ,2015,https://thuvienphapluat.vn/van-ban/Xuat-nhap-khau/Thong-bao-5474-TB-TCHQ-2015-ket-qua-phan-loai-doi-voi-hang-hoa-xuat-nhap-khau-283256.aspx
37,3941,5475/TB-TCHQ,2015,https://thuvienphapluat.vn/van-ban/Xuat-nhap-khau/Thong-bao-5475-TB-TCHQ-2015-ve-ket-qua-phan-loai-hang-hoa-xuat-nhap-khau-283257.aspx
38,3942,5473/TB-TCHQ,2015,https://thuvienphapluat.vn/van-ban/Xuat-nhap-khau/Thong-bao-5473-TB-TCHQ-2015-ket-qua-phan-loai-doi-voi-hang-hoa-xuat-nhap-khau-283255.aspx
38,3943,5465/TB-TCHQ,2015,https://thuvienphapluat.vn/van-ban/Xuat-nhap-khau/Thong-bao-5465-TB-TCHQ-2015-ket-qua-phan-loai-Muoi-natri-sunfat-nguyen-lieu-dung-de-san-xuat-bang-keo-283276.aspx
38,3944,5472/TB-TCHQ,2015,https://thuvienphapluat.vn/van-ban/Xuat-nhap-khau/Thong-bao-5472-TB-TCHQ-2015-ve-ket-qua-phan-loai-hang-hoa-xuat-nhap-khau-283254.aspx
38,3945,5413/TB-TCHQ,2015,https://thuvienphapluat.vn/van-ban/Xuat-nhap-khau/Thong-bao-5413-TB-TCHQ-2015-ket-qua-phan-loai-hang-hoa-XNK-che-pham-thuoc-mau-Organic-Compound-28-283422.aspx
38,3946,5416/TB-TCHQ,2015,https://thuvienphapluat.vn/van-ban/Xuat-nhap-khau/Thong-bao-5416-TB-TCHQ-2015-ket-qua-phan-loai-hang-hoa-xuat-nhap-khau-Aminy-bicarbonate-283404.aspx
38,3947,5419/TB-TCHQ,2015,https://thuvienphapluat.vn/van-ban/Xuat-nhap-khau/Thong-bao-5419-TB-TCHQ-2015-ket-qua-phan-loai-hang-hoa-xuat-nhap-khau-Amoni-persulphate-283500.aspx
38,3948,5417/TB-TCHQ,2015,https://thuvienphapluat.vn/van-ban/Xuat-nhap-khau/Thong-bao-5417-TB-TCHQ-2015-ket-qua-phan-loai-hang-hoa-xuat-nhap-khau-Natri-cacbonat-dang-long-283498.aspx
38,3949,5404/TB-TCHQ,2015,https://thuvienphapluat.vn/van-ban/Xuat-nhap-khau/Thong-bao-5404-TB-TCHQ-2015-ket-qua-phan-loai-hang-hoa-xuat-nhap-khau-quang-nhom-duoc-lam-giau-283408.aspx
38,3950,5410/TB-TCHQ,2015,https://thuvienphapluat.vn/van-ban/Xuat-nhap-khau/Thong-bao-5410-TB-TCHQ-2015-ket-qua-phan-loai-hang-hoa-XNK-la-thuoc-mau-huu-co-Organic-Compound-35-283419.aspx
38,3951,5412/TB-TCHQ,2015,https://thuvienphapluat.vn/van-ban/Xuat-nhap-khau/Thong-bao-5412-TB-TCHQ-2015-ket-qua-phan-loai-hang-hoa-XNK-la-thuoc-mau-huu-co-Organic-Compound-24-283421.aspx
38,3952,5411/TB-TCHQ,2015,https://thuvienphapluat.vn/van-ban/Xuat-nhap-khau/Thong-bao-5411-TB-TCHQ-2015-ket-qua-phan-loai-hang-hoa-XNK-la-dan-xuat-xuc-tac-trong-san-xuat-mang-nhua-283420.aspx
38,3953,5405/TB-TCHQ,2015,https://thuvienphapluat.vn/van-ban/Xuat-nhap-khau/Thong-bao-5405-TB-TCHQ-2015-ket-qua-phan-loai-hang-hoa-XNK-la-dau-Neoflo-1-58-nguon-goc-dau-mo-283409.aspx
38,3954,5406/TB-TCHQ,2015,https://thuvienphapluat.vn/van-ban/Xuat-nhap-khau/Thong-bao-5406-TB-TCHQ-2015-ket-qua-phan-loai-hang-hoa-XNK-la-che-pham-thuoc-mau-vo-co-283410.aspx
38,3955,5420/TB-TCHQ,2015,https://thuvienphapluat.vn/van-ban/Xuat-nhap-khau/Thong-bao-5420-TB-TCHQ-2015-ket-qua-phan-loai-hang-hoa-Tert-Butyl-acrylate-dang-long-283501.aspx
38,3956,5422/TB-TCHQ,2015,https://thuvienphapluat.vn/van-ban/Xuat-nhap-khau/Thong-bao-5422-TB-TCHQ-2015-ket-qua-phan-loai-hang-hoa-xuat-nhap-khau-Natri-hidro-sunfat-283503.aspx
38,3957,5414/TB-TCHQ,2015,https://thuvienphapluat.vn/van-ban/Xuat-nhap-khau/Thong-bao-5414-TB-TCHQ-2015-ket-qua-phan-loai-hang-hoa-XNK-thuoc-nhuom-mau-dung-xu-ly-vai-nganh-det-283423.aspx
38,3959,5408/TB-TCHQ,2015,https://thuvienphapluat.vn/van-ban/Xuat-nhap-khau/Thong-bao-5408-TB-TCHQ-2015-ket-qua-phan-loai-hang-hoa-XNK-la-Copolyme-etylen-vinyl-axetat-283412.aspx
38,3960,5415/TB-TCHQ,2015,https://thuvienphapluat.vn/van-ban/Xuat-nhap-khau/Thong-bao-5415-TB-TCHQ-2015-ve-ket-qua-phan-loai-hang-hoa-Dau-cat-got-C22-283424.aspx
38,3961,5418/TB-TCHQ,2015,https://thuvienphapluat.vn/van-ban/Xuat-nhap-khau/Thong-bao-5418-TB-TCHQ-2015-ket-qua-phan-loai-hang-hoa-xuat-nhap-khau-Con-Ethyl-mercaptan-283499.aspx
38,3962,5421/TB-TCHQ,2015,https://thuvienphapluat.vn/van-ban/Xuat-nhap-khau/Thong-bao-5421-TB-TCHQ-2015-ket-qua-phan-loai-hang-hoa-xuat-nhap-khau-chat-xuc-tac-tao-am-283502.aspx
38,3963,5409/TB-TCHQ,2015,https://thuvienphapluat.vn/van-ban/Xuat-nhap-khau/Thong-bao-5409-TB-TCHQ-2015-ket-qua-phan-loai-Nhua-alkyt-nguyen-sinh-283275.aspx
38,3964,5351/TB-TCHQ,2015,https://thuvienphapluat.vn/van-ban/Xuat-nhap-khau/Thong-bao-5351-TB-TCHQ-2015-ket-qua-phan-loai-hang-hoa-Nguyen-lieu-san-xuat-dung-dich-khoan-dau-khi-283623.aspx
38,3965,5348/TB-TCHQ,2015,https://thuvienphapluat.vn/van-ban/Xuat-nhap-khau/Thong-bao-5348-TB-TCHQ-2015-ket-qua-phan-loai-hang-hoa-phu-gia-dung-de-xi-ma-Triethylamine-283620.aspx
38,3966,5349/TB-TCHQ,2015,https://thuvienphapluat.vn/van-ban/Xuat-nhap-khau/Thong-bao-5349-TB-TCHQ-2015-ket-qua-phan-loai-hang-hoa-phu-gia-xi-ma-be-mat-ban-mach-dien-tu-283621.aspx
38,3967,5353/TB-TCHQ,2015,https://thuvienphapluat.vn/van-ban/Xuat-nhap-khau/Thong-bao-5353-TB-TCHQ-2015-ket-qua-phan-loai-hang-hoa-Chat-pha-bot-dung-trong-nganh-son-283625.aspx
39,3968,5354/TB-TCHQ,2015,https://thuvienphapluat.vn/van-ban/Xuat-nhap-khau/Thong-bao-5354-TB-TCHQ-2015-ket-qua-phan-loai-hang-hoa-Chat-tro-dien-pH-dung-trong-nganh-son-283626.aspx
39,3969,5350/TB-TCHQ,2015,https://thuvienphapluat.vn/van-ban/Xuat-nhap-khau/Thong-bao-5350-TB-TCHQ-2015-ket-qua-phan-loai-hang-hoa-Phu-gia-xi-ma-be-mat-ban-mach-dien-tu-283622.aspx
39,3970,5352/TB-TCHQ,2015,https://thuvienphapluat.vn/van-ban/Xuat-nhap-khau/Thong-bao-5352-TB-TCHQ-2015-ket-qua-phan-loai-hang-hoa-Chat-pha-bot-dung-trong-nganh-son-283624.aspx
39,3971,5304/TB-TCHQ,2015,https://thuvienphapluat.vn/van-ban/Xuat-nhap-khau/Thong-bao-5304-TB-TCHQ-2015-ket-qua-phan-loai-hang-hoa-Hop-kim-nhom-dang-thoi-284094.aspx
39,3972,5314/TB-TCHQ,2015,https://thuvienphapluat.vn/van-ban/Thuong-mai/Thong-bao-5314-TB-TCHQ-2015-ket-qua-phan-loai-hang-hoa-xuat-nhap-khau-la-Giay-chong-xuoc-284691.aspx
39,3973,5299/TB-TCHQ,2015,https://thuvienphapluat.vn/van-ban/Xuat-nhap-khau/Thong-bao-5299-TB-TCHQ-2015-ket-qua-phan-loai-hang-hoa-xuat-nhap-khau-Than-cui-tu-go-keo-rung-trong-284091.aspx
39,3974,5315/TB-TCHQ,2015,https://thuvienphapluat.vn/van-ban/Thuong-mai/Thong-bao-5315-TB-TCHQ-2015-ket-qua-phan-loai-hang-hoa-xuat-nhap-khau-la-Giay-in-hoa-van-van-go-284692.aspx
39,3975,5301/TB-TCHQ,2015,https://thuvienphapluat.vn/van-ban/Xuat-nhap-khau/Thong-bao-5301-TB-TCHQ-2015-ket-qua-phan-loai-hang-hoa-xuat-nhap-khau-la-hop-kim-Silic-284092.aspx
39,3976,5309/TB-TCHQ,2015,https://thuvienphapluat.vn/van-ban/Xuat-nhap-khau/Thong-bao-5309-TB-TCHQ-2015-ket-qua-phan-loai-hang-hoa-Dau-pha-loang-284138.aspx
39,3977,5305/TB-TCHQ,2015,https://thuvienphapluat.vn/van-ban/Xuat-nhap-khau/Thong-bao-5305-TB-TCHQ-2015-ket-qua-phan-loai-hang-hoa-xuat-nhap-khau-Hop-kim-nhom-dang-thoi-284095.aspx
39,3978,5310/TB-TCHQ,2015,https://thuvienphapluat.vn/van-ban/Xuat-nhap-khau/Thong-bao-5310-TB-TCHQ-2015-ket-qua-phan-loai-hang-hoa-Giay-da-trang-mot-mat-silicon-45-inch-284139.aspx
39,3979,5306/TB-TCHQ,2015,https://thuvienphapluat.vn/van-ban/Xuat-nhap-khau/Thong-bao-5306-TB-TCHQ-2015-ket-qua-phan-loai-hang-hoa-xuat-nhap-khau-la-Magie-dang-thoi-kim-loai-284096.aspx
39,3980,5307/TB-TCHQ,2015,https://thuvienphapluat.vn/van-ban/Xuat-nhap-khau/Thong-bao-5307-TB-TCHQ-2015-ve-ket-qua-phan-loai-hang-hoa-xuat-nhap-khau-la-Thach-cao-mau-284097.aspx
39,3981,5303/TB-TCHQ,2015,https://thuvienphapluat.vn/van-ban/Xuat-nhap-khau/Thong-bao-5303-TB-TCHQ-2015-ket-qua-phan-loai-hang-hoa-xuat-nhap-khau-hop-kim-nhom-dang-thoi-284093.aspx
39,3982,5311/TB-TCHQ,2015,https://thuvienphapluat.vn/van-ban/Xuat-nhap-khau/Thong-bao-5311-TB-TCHQ-2015-ket-qua-phan-loai-doi-voi-hang-hoa-Giay-da-trang-mot-mat-silicon-284140.aspx
39,3983,5313/TB-TCHQ,2015,https://thuvienphapluat.vn/van-ban/Thuong-mai/Thong-bao-5313-TB-TCHQ-2015-ket-qua-phan-loai-hang-hoa-xuat-nhap-khau-la-Giay-can-bang-284690.aspx
39,3984,5312/TB-TCHQ,2015,https://thuvienphapluat.vn/van-ban/Xuat-nhap-khau/Thong-bao-5312-TB-TCHQ-2015-ket-qua-phan-loai-doi-voi-hang-hoa-Bot-thit-xuong-gia-cam-284141.aspx
39,3985,5308/TB-TCHQ,2015,https://thuvienphapluat.vn/van-ban/Xuat-nhap-khau/Thong-bao-5308-TB-TCHQ-2015-ket-qua-phan-loai-hang-hoa-xuat-nhap-khau-la-Keo-nong-chay-284098.aspx
39,3986,5249/TB-TCHQ,2015,https://thuvienphapluat.vn/van-ban/Xuat-nhap-khau/Thong-bao-5249-TB-TCHQ-2015-phan-loai-hang-xuat-nhap-khau-Luu-huynh-dang-hat-277297.aspx
39,3988,5246/TB-TCHQ,2015,https://thuvienphapluat.vn/van-ban/Xuat-nhap-khau/Thong-bao-5246-TB-TCHQ-2015-phan-loai-hang-xuat-nhap-khau-Chat-thuoc-da-huu-co-tong-hop-277294.aspx
39,3989,5247/TB-TCHQ,2015,https://thuvienphapluat.vn/van-ban/Xuat-nhap-khau/Thong-bao-5247-TB-TCHQ-2015-phan-loai-hang-xuat-nhap-khau-Chat-thuoc-da-huu-co-dang-bot-277295.aspx
39,3990,5248/TB-TCHQ,2015,https://thuvienphapluat.vn/van-ban/Xuat-nhap-khau/Thong-bao-5248-TB-TCHQ-2015-phan-loai-hang-xuat-nhap-khau-Chat-thuoc-da-huu-co-tong-hop-277296.aspx
39,3991,5167/TB-TCHQ,2015,https://thuvienphapluat.vn/van-ban/Xuat-nhap-khau/Thong-bao-5167-TB-TCHQ-2015-phan-loai-hang-xuat-nhap-khau-la-Oxit-sat-Hoa-chat-vo-co-277108.aspx
39,3992,5169/TB-TCHQ,2015,https://thuvienphapluat.vn/van-ban/Xuat-nhap-khau/Thong-bao-5169-TB-TCHQ-2015-phan-loai-hang-xuat-nhap-khau-Silicon-loai-khac-dang-nguyen-sinh-277110.aspx
39,3993,5170/TB-TCHQ,2015,https://thuvienphapluat.vn/van-ban/Thuong-mai/Thong-bao-5170-TB-TCHQ-2015-phan-loai-hang-hoa-xuat-nhap-khau-la-Chat-de-hoan-tat-Etersol-277111.aspx
40,3994,5174/TB-TCHQ,2015,https://thuvienphapluat.vn/van-ban/Xuat-nhap-khau/Thong-bao-5174-TB-TCHQ-2015-phan-loai-hang-hoa-xuat-nhap-khau-la-Chat-hoat-dong-be-mat-277115.aspx
40,3996,5171/TB-TCHQ,2015,https://thuvienphapluat.vn/van-ban/Thuong-mai/Thong-bao-5171-TB-TCHQ-2015-phan-loai-hang-hoa-xuat-nhap-khau-la-Mau-thuc-pham-Annatto-277112.aspx
40,3997,5166/TB-TCHQ,2015,https://thuvienphapluat.vn/van-ban/Xuat-nhap-khau/Thong-bao-5166-TB-TCHQ-2015-phan-loai-hang-xuat-nhap-khau-la-Chat-mau-huu-co-tong-hop-277107.aspx
40,3998,5173/TB-TCHQ,2015,https://thuvienphapluat.vn/van-ban/Xuat-nhap-khau/Thong-bao-5173-TB-TCHQ-2015-phan-loai-hang-hoa-xuat-nhap-khau-la-Mau-thuc-pham-277114.aspx
40,3999,5172/TB-TCHQ,2015,https://thuvienphapluat.vn/van-ban/Xuat-nhap-khau/Thong-bao-5172-TB-TCHQ-2015-ket-qua-phan-loai-hang-hoa-xuat-nhap-khau-la-Duong-Fructose-277113.aspx
40,4001,5029/TB-TCHQ,2015,https://thuvienphapluat.vn/van-ban/Xuat-nhap-khau/Thong-bao-5029-TB-TCHQ-2015-phan-loai-hang-hoa-xuat-nhap-khau-la-Keo-lam-tu-polyme-276583.aspx
40,4002,5039/TB-TCHQ,2015,https://thuvienphapluat.vn/van-ban/Xuat-nhap-khau/Thong-bao-5039-TB-TCHQ-2015-phan-loai-hang-xuat-nhap-khau-Giay-bia-da-trang-1-mat-276572.aspx
40,4003,5034/TB-TCHQ,2015,https://thuvienphapluat.vn/van-ban/Xuat-nhap-khau/Thong-bao-5034-TB-TCHQ-2015-phan-loai-hang-xuat-nhap-khau-la-Giay-bia-da-trang-1-mat-276588.aspx
40,4004,5043/TB-TCHQ,2015,https://thuvienphapluat.vn/van-ban/Xuat-nhap-khau/Thong-bao-5043-TB-TCHQ-2015-phan-loai-hang-xuat-nhap-khau-la-chat-tay-rua-be-mat-kim-loai-276576.aspx
40,4005,5033/TB-TCHQ,2015,https://thuvienphapluat.vn/van-ban/Xuat-nhap-khau/Thong-bao-5033-TB-TCHQ-2015-phan-loai-hang-hoa-xuat-nhap-khau-la-Chat-on-dinh-nhiet-276587.aspx
40,4006,5037/TB-TCHQ,2015,https://thuvienphapluat.vn/van-ban/Xuat-nhap-khau/Thong-bao-5037-TB-TCHQ-2015-phan-loai-hang-xuat-nhap-khau-la-Giay-bia-da-trang-1-mat-276591.aspx
40,4007,5049/TB-TCHQ,2015,https://thuvienphapluat.vn/van-ban/Xuat-nhap-khau/Thong-bao-5049-TB-TCHQ-2015-phan-loai-Tam-ban-in-dung-trong-cong-nghiep-in-loai-CTCP-276478.aspx
40,4009,5047/TB-TCHQ,2015,https://thuvienphapluat.vn/van-ban/Xuat-nhap-khau/Thong-bao-5047-TB-TCHQ-2015-ket-qua-phan-loai-hang-hoa-xuat-nhap-khau-la-Keo-dan-276476.aspx
40,4010,5044/TB-TCHQ,2015,https://thuvienphapluat.vn/van-ban/Xuat-nhap-khau/Thong-bao-5044-TB-TCHQ-2015-phan-loai-hang-xuat-nhap-khau-la-Alcohol-amin-276577.aspx
40,4011,5031/TB-TCHQ,2015,https://thuvienphapluat.vn/van-ban/Xuat-nhap-khau/Thong-bao-5031-TB-TCHQ-2015-phan-loai-hang-hoa-xuat-nhap-khau-la-Chat-tay-rua-276585.aspx
40,4012,5035/TB-TCHQ,2015,https://thuvienphapluat.vn/van-ban/Xuat-nhap-khau/Thong-bao-5035-TB-TCHQ-2015-phan-loai-hang-hoa-xuat-nhap-khau-la-Giay-bia-da-trang-1-mat-276589.aspx
40,4013,5036/TB-TCHQ,2015,https://thuvienphapluat.vn/van-ban/Xuat-nhap-khau/Thong-bao-5036-TB-TCHQ-2015-ket-qua-phan-loai-hang-hoa-xuat-nhap-khau-Giay-bia-da-trang-1-mat-276590.aspx
40,4014,5032/TB-TCHQ,2015,https://thuvienphapluat.vn/van-ban/Xuat-nhap-khau/Thong-bao-5032-TB-TCHQ-2015-phan-loai-Chat-on-dinh-nhiet-dung-trong-nganh-nhua-276586.aspx
40,4015,5030/TB-TCHQ,2015,https://thuvienphapluat.vn/van-ban/Xuat-nhap-khau/Thong-bao-5030-TB-TCHQ-2015-phan-loai-hang-hoa-xuat-nhap-khau-la-Keo-lam-tu-polyme-276584.aspx
40,4016,5040/TB-TCHQ,2015,https://thuvienphapluat.vn/van-ban/Xuat-nhap-khau/Thong-bao-5040-TB-TCHQ-2015-phan-loai-hang-xuat-nhap-khau-Hop-chat-lam-on-dinh-plastic-276573.aspx
40,4017,5046/TB-TCHQ,2015,https://thuvienphapluat.vn/van-ban/Xuat-nhap-khau/Thong-bao-5046-TB-TCHQ-2015-phan-loai-hang-hoa-xuat-nhap-khau-la-thach-vi-hoa-qua-va-sua-chua-276475.aspx
40,4019,5042/TB-TCHQ,2015,https://thuvienphapluat.vn/van-ban/Xuat-nhap-khau/Thong-bao-5042-TB-TCHQ-2015-phan-loai-hang-hoa-xuat-nhap-khau-la-Sap-nhu-tuong-san-xuat-go-276575.aspx
40,4020,5027/TB-TCHQ,2015,https://thuvienphapluat.vn/van-ban/Xuat-nhap-khau/Thong-bao-5027-TB-TCHQ-2015-phan-loai-hang-hoa-xuat-nhap-khau-Keo-lam-tu-polyme-276581.aspx
40,4021,5028/TB-TCHQ,2015,https://thuvienphapluat.vn/van-ban/Xuat-nhap-khau/Thong-bao-5028-TB-TCHQ-2015-phan-loai-hang-hoa-xuat-nhap-khau-Keo-Chat-dinh-lam-tu-polyme-276582.aspx
40,4022,5038/TB-TCHQ,2015,https://thuvienphapluat.vn/van-ban/Xuat-nhap-khau/Thong-bao-5038-TB-TCHQ-2015-phan-loai-hang-xuat-nhap-khau-la-Giay-bia-da-trang-1-mat-276592.aspx
41,4023,5045/TB-TCHQ,2015,https://thuvienphapluat.vn/van-ban/Xuat-nhap-khau/Thong-bao-5045-TB-TCHQ-2015-phan-loai-hang-hoa-xuat-nhap-khau-Dau-lam-nguoi-gia-cong-kim-loai-276474.aspx
41,4024,5011/TB-TCHQ,2015,https://thuvienphapluat.vn/van-ban/Xuat-nhap-khau/Thong-bao-5011-TB-TCHQ-2015-phan-loai-hang-hoa-xuat-nhap-khau-Hat-nhua-nguyen-sinh-276580.aspx
41,4025,5010/TB-TCHQ,2015,https://thuvienphapluat.vn/van-ban/Xuat-nhap-khau/Thong-bao-5010-TB-TCHQ-2015-phan-loai-hang-hoa-xuat-nhap-khau-Thep-goc-khong-hop-kim-276579.aspx
41,4029,4944/TB-TCHQ,2015,https://thuvienphapluat.vn/van-ban/Thuong-mai/Thong-bao-4944-TB-TCHQ-phan-loai-thuoc-mau-dang-long-2015-289895.aspx
41,4030,4945/TB-TCHQ,2015,https://thuvienphapluat.vn/van-ban/Thuong-mai/Thong-bao-4945-TB-TCHQ-phan-loai-huong-lieu-tao-mui-nguyen-lieu-san-xuat-nuoc-xa-vai-2015-289896.aspx
41,4032,4946/TB-TCHQ,2015,https://thuvienphapluat.vn/van-ban/Thuong-mai/Thong-bao-4946-TB-TCHQ-phan-loai-dau-bong-2015-289897.aspx
41,4041,4953/TB-TCHQ,2015,https://thuvienphapluat.vn/van-ban/Thuong-mai/Thong-bao-4953-TB-TCHQ-phan-loai-chat-lang-bong-men-JL8000-men-ceramic-JL-5702-2015-291222.aspx
41,4044,4951/TB-TCHQ,2015,https://thuvienphapluat.vn/van-ban/Thuong-mai/Thong-bao-4951-TB-TCHQ-phan-loai-hon-hop-cyanat-va-cyanua-kim-loai-kiem-CR-NSK-LC-2015-291219.aspx
41,4045,4949/TB-TCHQ,2015,https://thuvienphapluat.vn/van-ban/Thuong-mai/Thong-bao-4949-TB-TCHQ-phan-loai-chat-thu-dong-hoa-Niken-EC9000A-hang-san-xuat-Nalco-2015-291199.aspx
41,4046,4969/TB-TCHQ,2015,https://thuvienphapluat.vn/van-ban/Thuong-mai/Thong-bao-4969-TB-TCHQ-ket-qua-xac-dinh-truoc-ma-so-hang-hoa-la-van-nhiet-2015-291201.aspx
41,4047,4976/TB-TCHQ,2015,https://thuvienphapluat.vn/van-ban/Thuong-mai/Thong-bao-4976-TB-TCHQ-phan-loai-XY-12-chat-khu-trung-dang-long-nha-may-san-xuat-bia-2015-291208.aspx
41,4048,4948/TB-TCHQ,2015,https://thuvienphapluat.vn/van-ban/Xuat-nhap-khau/Thong-bao-4948-TB-TCHQ-phan-loai-phan-bon-magnesium-nitrate-krista-mag-2015-291218.aspx
41,4049,,2015,https://thuvienphapluat.vn/van-ban/Thuong-mai/Thon-bao-4979-TB-TCHQ-phan-loai-Ferisol-rinse-chat-tay-rua-dang-long-nha-may-san-xuat-bia-2015-291177.aspx
41,4050,4958/TB-TCHQ,2015,https://thuvienphapluat.vn/van-ban/Thuong-mai/Thong-bao-4958-TB-TCHQ-phan-loai-huong-lieu-cac-loai-2015-291227.aspx
41,4051,4973/TB-TCHQ,2015,https://thuvienphapluat.vn/van-ban/Thuong-mai/Thong-bao-4973-TB-TCHQ-phan-loai-giay-tu-dinh-HTMLWL-HTMLS-W-2002-2015-291205.aspx
41,4053,4977/TB-TCHQ,2015,https://thuvienphapluat.vn/van-ban/Thuong-mai/Thong-bao-4977-TB-TCHQ-phan-loai-Ultrasil-75-chat-tay-rua-dang-long-nha-may-san-xuat-bia-2015-291175.aspx
41,4054,4968/TB-TCHQ,2015,https://thuvienphapluat.vn/van-ban/Thuong-mai/Thong-bao-4968-TB-TCHQ-phan-loai-phin-loc-cho-mat-na-2097-P100-2015-291229.aspx
41,4055,4974/TB-TCHQ,2015,https://thuvienphapluat.vn/van-ban/Thuong-mai/Thong-bao-4974-TB-TCHQ-phan-loai-bot-Zircon-2015-291206.aspx
41,4056,4972/TB-TCHQ,2015,https://thuvienphapluat.vn/van-ban/Thuong-mai/Thong-bao-4972-TB-TCHQ-phan-loai-POLYGREEN-F-F6037-dung-trong-nganh-san-xuat-mut-xop-2015-291204.aspx
41,4057,4959/TB-TCHQ,2015,https://thuvienphapluat.vn/van-ban/Thuong-mai/Thong-bao-4959-TB-TCHQ-phan-loai-keo-EVA-2015-291228.aspx
41,4059,4957/TB-TCHQ,2015,https://thuvienphapluat.vn/van-ban/Xuat-nhap-khau/Thong-bao-4957-TB-TCHQ-phan-loai-bot-mau-cac-loai-2015-291226.aspx
41,4061,4975/TB-TCHQ,2015,https://thuvienphapluat.vn/van-ban/Thuong-mai/Thong-bao-4975-TB-TCHQ-phan-loai-Advantis-330-chat-tay-rua-dang-long-nha-may-san-xuat-bia-2015-291207.aspx
41,4062,4971/TB-TCHQ,2015,https://thuvienphapluat.vn/van-ban/Thuong-mai/Thong-bao-4971-TB-TCHQ-phan-loai-hop-chat-luu-huynh-huu-co-Diphenyl-guanidine-PVI-2015-291203.aspx
41,4063,4955/TB-TCHQ,2015,https://thuvienphapluat.vn/van-ban/Thuong-mai/Thong-bao-4955-TB-TCHQ-phan-loai-Ligninsunphonate-sodium-ligno-sulphonate-T-100-2015-291224.aspx
41,4065,4978/TB-TCHQ,2015,https://thuvienphapluat.vn/van-ban/Thuong-mai/Thong-bao-4978-TB-TCHQ-phan-loai-Horolith-FL-chat-tay-rua-dang-long-nha-may-san-xuat-bia-2015-291176.aspx
42,4067,4892/TB-TCHQ,2015,https://thuvienphapluat.vn/van-ban/Xuat-nhap-khau/Thong-bao-4892-TB-TCHQ-2015-phan-loai-hang-xuat-nhap-khau-la-Chat-hoat-dong-be-mat-276461.aspx
42,4068,4887/TB-TCHQ,2015,https://thuvienphapluat.vn/van-ban/Xuat-nhap-khau/Thong-bao-4887-TB-TCHQ-2015-phan-loai-hang-xuat-nhap-khau-la-Chat-de-hoan-tat-trong-nganh-son-276456.aspx
42,4070,4894/TB-TCHQ,2015,https://thuvienphapluat.vn/van-ban/Xuat-nhap-khau/Thong-bao-4894-TB-TCHQ-2015-phan-loai-hang-xuat-nhap-khau-la-Chat-hoat-dong-be-mat-276463.aspx
42,4071,4886/TB-TCHQ,2015,https://thuvienphapluat.vn/van-ban/Xuat-nhap-khau/Thong-bao-4886-TB-TCHQ-2015-phan-loai-hang-xuat-nhap-khau-la-Che-pham-hoa-hoc-276455.aspx
42,4072,4891/TB-TCHQ,2015,https://thuvienphapluat.vn/van-ban/Xuat-nhap-khau/Thong-bao-4891-TB-TCHQ-2015-phan-loai-hang-xuat-nhap-khau-la-Chat-hoat-dong-be-mat-huu-co-276460.aspx
42,4073,4896/TB-TCHQ,2015,https://thuvienphapluat.vn/van-ban/Xuat-nhap-khau/Thong-bao-4896-TB-TCHQ-2015-phan-loai-hang-xuat-nhap-khau-la-chat-hoat-dong-be-mat-my-pham-276211.aspx
42,4074,4897/TB-TCHQ,2015,https://thuvienphapluat.vn/van-ban/Xuat-nhap-khau/Thong-bao-4897-TB-TCHQ-2015-phan-loai-hang-xuat-nhap-khau-hon-hop-chat-thom-my-pham-276202.aspx
42,4075,4895/TB-TCHQ,2015,https://thuvienphapluat.vn/van-ban/Xuat-nhap-khau/Thong-bao-4895-TB-TCHQ-2015-phan-loai-hang-xuat-nhap-khau-la-Chat-hoat-dong-be-mat-thuoc-276464.aspx
42,4076,4885/TB-TCHQ,2015,https://thuvienphapluat.vn/van-ban/Xuat-nhap-khau/Thong-bao-4885-TB-TCHQ-2015-phan-loai-hang-xuat-nhap-khau-la-Che-pham-hoa-hoc-276454.aspx
42,4077,4900/TB-TCHQ,2015,https://thuvienphapluat.vn/van-ban/Xuat-nhap-khau/Thong-bao-4900-TB-TCHQ-2015-phan-loai-hang-xuat-nhap-khau-la-thep-hop-kim-co-chua-Bo-276146.aspx
42,4078,4899/TB-TCHQ,2015,https://thuvienphapluat.vn/van-ban/Xuat-nhap-khau/Thong-bao-4899-TB-TCHQ-2015-phan-loai-thep-khong-hop-kim-dang-cuon-can-nguoi-phu-lop-dau-chong-gi-276145.aspx
42,4079,4893/TB-TCHQ,2015,https://thuvienphapluat.vn/van-ban/Xuat-nhap-khau/Thong-bao-4893-TB-TCHQ-2015-phan-loai-hang-xuat-nhap-khau-la-Chat-hoat-dong-be-mat-276462.aspx
42,4080,4898/TB-TCHQ,2015,https://thuvienphapluat.vn/van-ban/Xuat-nhap-khau/Thong-bao-4898-TB-TCHQ-2015-phan-loai-hang-xuat-nhap-khau-la-Chat-hoat-dong-be-mat-276144.aspx
42,4086,4741/TB-TCHQ,2015,https://thuvienphapluat.vn/van-ban/Xuat-nhap-khau/Thong-bao-4741-TB-TCHQ-2015-phan-loai-hang-xuat-nhap-khau-la-thuoc-diet-co-276395.aspx
42,4087,4739/TB-TCHQ,2015,https://thuvienphapluat.vn/van-ban/Xuat-nhap-khau/Thong-bao-4739-TB-TCHQ-2015-phan-loai-hang-xuat-nhap-khau-Thuoc-mau-276613.aspx
42,4088,4737/TB-TCHQ,2015,https://thuvienphapluat.vn/van-ban/Xuat-nhap-khau/Thong-bao-4737-TB-TCHQ-2015-phan-loai-hang-xuat-nhap-khau-Che-pham-hoa-chat-dung-trong-nhuom-276611.aspx
42,4090,4734/TB-TCHQ,2015,https://thuvienphapluat.vn/van-ban/Xuat-nhap-khau/Thong-bao-4734-TB-TCHQ-2015-phan-loai-hang-xuat-nhap-khau-Thuoc-mau-276608.aspx
42,4091,4738/TB-TCHQ,2015,https://thuvienphapluat.vn/van-ban/Xuat-nhap-khau/Thong-bao-4738-TB-TCHQ-2015-phan-loai-hang-xuat-nhap-khau-chat-phu-voi-chat-tao-mang-276612.aspx
42,4093,4740/TB-TCHQ,2015,https://thuvienphapluat.vn/van-ban/Xuat-nhap-khau/Thong-bao-4740-TB-TCHQ-2015-phan-loai-hang-xuat-nhap-khau-la-Thuoc-mau-276614.aspx
42,4096,4631/TB-TCHQ,2015,https://thuvienphapluat.vn/van-ban/Xuat-nhap-khau/Thong-bao-4631-TB-TCHQ-2015-phan-loai-Corum-3553-Che-pham-hoat-dong-be-mat-275749.aspx
42,4097,4632/TB-TCHQ,2015,https://thuvienphapluat.vn/van-ban/Xuat-nhap-khau/Thong-bao-4632-TB-TCHQ-2015-phan-loai-hang-hoa-xuat-nhap-khau-la-Silicon-dang-phan-tan-trong-nuoc-275750.aspx
42,4098,4638/TB-TCHQ,2015,https://thuvienphapluat.vn/van-ban/Xuat-nhap-khau/Thong-bao-4638-TB-TCHQ-2015-phan-loai-hang-hoa-xuat-nhap-khau-la-Chi-khong-hop-kim-275756.aspx
42,4099,4657/TB-TCHQ,2015,https://thuvienphapluat.vn/van-ban/Xuat-nhap-khau/Thong-bao-4657-TB-TCHQ-2015-phan-loai-chat-gan-mau-dung-trong-nganh-det-nhuom-275766.aspx
42,4100,4635/TB-TCHQ,2015,https://thuvienphapluat.vn/van-ban/Xuat-nhap-khau/Thong-bao-4635-TB-TCHQ-2015-phan-loai-hang-hoa-xuat-nhap-khau-la-Thuoc-tru-con-trung-275753.aspx
42,4101,4661/TB-TCHQ,2015,https://thuvienphapluat.vn/van-ban/Xuat-nhap-khau/Thong-bao-4661-TB-TCHQ-2015-ket-qua-phan-loai-hang-hoa-xuat-nhap-khau-la-Chat-tay-275770.aspx
43,4102,4654/TB-TCHQ,2015,https://thuvienphapluat.vn/van-ban/Xuat-nhap-khau/Thong-bao-4654-TB-TCHQ-2015-phan-loai-Chat-hoan-tat-dung-trong-cong-nghiep-giay-275763.aspx
43,4103,4636/TB-TCHQ,2015,https://thuvienphapluat.vn/van-ban/Xuat-nhap-khau/Thong-bao-4636-TB-TCHQ-2015-phan-loai-hang-hoa-xuat-nhap-khau-la-soi-monofilament-single-275754.aspx
43,4104,4629/TB-TCHQ,2015,https://thuvienphapluat.vn/van-ban/Xuat-nhap-khau/Thong-bao-4629-TB-TCHQ-2015-phan-loai-Hoa-chat-Blowing-agent-phu-gia-trong-san-xuat-nhua-275793.aspx
43,4105,4630/TB-TCHQ,2015,https://thuvienphapluat.vn/van-ban/Xuat-nhap-khau/Thong-bao-4630-TB-TCHQ-2015-phan-loai-hang-xuat-nhap-khau-la-Chat-tay-cac-loai-275794.aspx
43,4106,4660/TB-TCHQ,2015,https://thuvienphapluat.vn/van-ban/Xuat-nhap-khau/Thong-bao-4660-TB-TCHQ-2015-phan-loai-hang-hoa-xuat-nhap-khau-la-Chat-chong-chay-dang-long-275769.aspx
43,4107,4633/TB-TCHQ,2015,https://thuvienphapluat.vn/van-ban/Xuat-nhap-khau/Thong-bao-4633-TB-TCHQ-2015-phan-loai-hang-hoa-xuat-nhap-khau-la-Thuoc-diet-co-Atamex-275751.aspx
43,4108,4651/TB-TCHQ,2015,https://thuvienphapluat.vn/van-ban/Xuat-nhap-khau/Thong-bao-4651-TB-TCHQ-2015-phan-loai-Nguyen-lieu-san-xuat-banh-keo-la-Hon-hop-bot-mi-275760.aspx
43,4109,4658/TB-TCHQ,2015,https://thuvienphapluat.vn/van-ban/Xuat-nhap-khau/Thong-bao-4658-TB-TCHQ-2015-phan-loai-hang-hoa-xuat-nhap-khau-la-Son-tu-san-phang-be-mat-nen-275767.aspx
43,4110,4637/TB-TCHQ,2015,https://thuvienphapluat.vn/van-ban/Xuat-nhap-khau/Thong-bao-4637-TB-TCHQ-2015-phan-loai-Nhom-hop-kim-dang-thanh-va-que-duoc-ep-dun-275755.aspx
43,4111,4634/TB-TCHQ,2015,https://thuvienphapluat.vn/van-ban/Xuat-nhap-khau/Thong-bao-4634-TB-TCHQ-2015-phan-loai-chat-phu-gia-dung-trong-che-bien-thuc-an-gia-suc-275752.aspx
43,4112,4642/TB-TCHQ,2015,https://thuvienphapluat.vn/van-ban/Xuat-nhap-khau/Thong-bao-4642-TB-TCHQ-2015-ket-qua-phan-loai-hang-xuat-nhap-khau-la-Thep-khong-gi-275758.aspx
43,4113,4650/TB-TCHQ,2015,https://thuvienphapluat.vn/van-ban/Xuat-nhap-khau/Thong-bao-4650-TB-TCHQ-2015-phan-loai-Nguyen-lieu-san-xuat-banh-keo-la-Huong-bo-275759.aspx
43,4114,4653/TB-TCHQ,2015,https://thuvienphapluat.vn/van-ban/Xuat-nhap-khau/Thong-bao-4653-TB-TCHQ-2015-phan-loai-Nguyen-lieu-san-xuat-banh-keo-la-Bo-dau-phong-275762.aspx
43,4115,4641/TB-TCHQ,2015,https://thuvienphapluat.vn/van-ban/Xuat-nhap-khau/Thong-bao-4641-TB-TCHQ-2015-xac-dinh-truoc-ma-so-hang-hoa-ten-thuong-mai-Smart-door-lock-276578.aspx
43,4116,4656/TB-TCHQ,2015,https://thuvienphapluat.vn/van-ban/Xuat-nhap-khau/Thong-bao-4656-TB-TCHQ-2015-phan-loai-hang-hoa-xuat-nhap-khau-la-Son-san-phang-lop-epoxy-3312-275765.aspx
43,4117,4652/TB-TCHQ,2015,https://thuvienphapluat.vn/van-ban/Xuat-nhap-khau/Thong-bao-4652-TB-TCHQ-2015-phan-loai-hang-xuat-nhap-khau-la-Nguyen-lieu-san-xuat-banh-keo-Com-dua-275761.aspx
43,4118,4639/TB-TCHQ,2015,https://thuvienphapluat.vn/van-ban/Xuat-nhap-khau/Thong-bao-4639-TB-TCHQ-2015-phan-loai-hang-hoa-xuat-nhap-khau-la-Kem-khong-hop-kim-275757.aspx
43,4119,4655/TB-TCHQ,2015,https://thuvienphapluat.vn/van-ban/Xuat-nhap-khau/Thong-bao-4655-TB-TCHQ-2015-phan-loai-hang-hoa-xuat-nhap-khau-la-Son-tu-san-phang-be-mat-275764.aspx
43,4120,4659/TB-TCHQ,2015,https://thuvienphapluat.vn/van-ban/Xuat-nhap-khau/Thong-bao-4659-TB-TCHQ-2015-phan-loai-hang-hoa-xuat-nhap-khau-la-Chat-hoan-tat-vai-trong-nganh-det-275768.aspx
43,4121,4575/TB-TCHQ,2015,https://thuvienphapluat.vn/van-ban/Xuat-nhap-khau/Thong-bao-4575-TB-TCHQ-2015-ket-qua-phan-loai-hang-xuat-nhap-khau-la-Bo-phan-boc-ngoai-neo-274945.aspx
43,4122,4570/TB-TCHQ,2015,https://thuvienphapluat.vn/van-ban/Xuat-nhap-khau/Thong-bao-4570-TB-TCHQ-2015-phan-loai-men-tong-hop-dung-bo-sung-trong-thuc-an-chan-nuoi-274940.aspx
43,4123,4574/TB-TCHQ,2015,https://thuvienphapluat.vn/van-ban/Xuat-nhap-khau/Thong-bao-4574-TB-TCHQ-2015-ket-qua-phan-loai-hang-xuat-nhap-khau-la-Van-khuon-cho-neo-274944.aspx
43,4124,4535/TB-TCHQ,2015,https://thuvienphapluat.vn/van-ban/Xuat-nhap-khau/Thong-bao-4535-TB-TCHQ-2015-phan-loai-hang-xuat-nhap-khau-la-Muoi-axit-vo-co-dang-bot-275662.aspx
43,4125,4537/TB-TCHQ,2015,https://thuvienphapluat.vn/van-ban/Xuat-nhap-khau/Thong-bao-4537-TB-TCHQ-2015-phan-loai-hang-hoa-xuat-nhap-khau-la-Nguyen-lieu-nickel-so-che-274803.aspx
43,4126,4538/TB-TCHQ,2015,https://thuvienphapluat.vn/van-ban/Xuat-nhap-khau/Thong-bao-4538-TB-TCHQ-2015-phan-loai-hang-hoa-xuat-nhap-khau-la-Hoa-chat-cong-nghiep-274804.aspx
44,4127,4536/TB-TCHQ,2015,https://thuvienphapluat.vn/van-ban/Xuat-nhap-khau/Thong-bao-4536-TB-TCHQ-2015-ket-qua-phan-loai-hang-xuat-nhap-khau-la-Chat-xuc-tac-phu-tro-det-may-275663.aspx
44,4128,4504/TB-TCHQ,2015,https://thuvienphapluat.vn/van-ban/Xuat-nhap-khau/Thong-bao-4504-TB-TCHQ-2015-phan-loai-hang-xuat-nhap-khau-la-Polyme-Acrylic-dang-nguyen-sinh-275704.aspx
44,4129,4490/TB-TCHQ,2015,https://thuvienphapluat.vn/van-ban/Xuat-nhap-khau/Thong-bao-4490-TB-TCHQ-2015-phan-loai-hang-hoa-xuat-nhap-khau-la-thuoc-nhuom-mau-275689.aspx
44,4131,4499/TB-TCHQ,2015,https://thuvienphapluat.vn/van-ban/Xuat-nhap-khau/Thong-bao-4499-TB-TCHQ-2015-phan-loai-hang-hoa-xuat-nhap-khau-la-Thuoc-nhuom-mau-275698.aspx
44,4132,4516/TB-TCHQ,2015,https://thuvienphapluat.vn/van-ban/Xuat-nhap-khau/Thong-bao-4516-TB-TCHQ-2015-phan-loai-chat-bo-sung-trong-Thuc-an-chan-nuoi-274669.aspx
44,4134,4513/TB-TCHQ,2015,https://thuvienphapluat.vn/van-ban/Xuat-nhap-khau/Thong-bao-4513-TB-TCHQ-2015-ket-qua-phan-loai-hang-hoa-xuat-nhap-khau-Mau-nuoc-huu-co-275670.aspx
44,4135,4484/TB-TCHQ,2015,https://thuvienphapluat.vn/van-ban/Xuat-nhap-khau/Thong-bao-4484-TB-TCHQ-2015-phan-loai-hang-xuat-nhap-khau-la-Chat-xuc-tien-luu-hoa-cao-su-dieu-che-274666.aspx
44,4136,4485/TB-TCHQ,2015,https://thuvienphapluat.vn/van-ban/Xuat-nhap-khau/Thong-bao-4485-TB-TCHQ-2015-ket-qua-phan-loai-hang-hoa-xuat-nhap-khau-la-Chat-xuc-tac-275683.aspx
44,4137,4507/TB-TCHQ,2015,https://thuvienphapluat.vn/van-ban/Xuat-nhap-khau/Thong-bao-4507-TB-TCHQ-2015-ket-qua-phan-loai-dau-khoang-da-tinh-che-de-san-xuat-dau-boi-tron-275707.aspx
44,4138,4515/TB-TCHQ,2015,https://thuvienphapluat.vn/van-ban/Xuat-nhap-khau/Thong-bao-4515-TB-TCHQ-2015-ket-qua-phan-loai-hang-hoa-xuat-nhap-khau-Thuc-an-cho-ca-274668.aspx
44,4139,4492/TB-TCHQ,2015,https://thuvienphapluat.vn/van-ban/Xuat-nhap-khau/Thong-bao-4492-TB-TCHQ-2015-ket-qua-phan-loai-hang-hoa-xuat-nhap-khau-la-Thuoc-nhuom-mau-275691.aspx
44,4140,4508/TB-TCHQ,2015,https://thuvienphapluat.vn/van-ban/Xuat-nhap-khau/Thong-bao-4508-TB-TCHQ-2015-phan-loai-hang-xuat-nhap-khau-la-Cac-bon-dang-bot-275708.aspx
44,4141,4478/TB-TCHQ,2015,https://thuvienphapluat.vn/van-ban/Xuat-nhap-khau/Thong-bao-4478-TB-TCHQ-2015-phan-loai-hang-hoa-xuat-nhap-khau-la-Phu-gia-thuc-pham-274665.aspx
44,4142,4494/TB-TCHQ,2015,https://thuvienphapluat.vn/van-ban/Xuat-nhap-khau/Thong-bao-4494-TB-TCHQ-2015-phan-loai-hang-hoa-xuat-nhap-khau-la-Thuoc-nhuom-mau-275693.aspx
44,4143,4495/TB-TCHQ,2015,https://thuvienphapluat.vn/van-ban/Xuat-nhap-khau/Thong-bao-4495-TB-TCHQ-2015-ket-qua-phan-loai-hang-hoa-xuat-nhap-khau-la-Thuoc-nhuom-mau-275694.aspx
44,4144,4505/TB-TCHQ,2015,https://thuvienphapluat.vn/van-ban/Xuat-nhap-khau/Thong-bao-4505-TB-TCHQ-2015-phan-loai-Chat-gan-Thixatrol-Max-nguyen-lieu-san-xuat-son-275705.aspx
44,4146,4497/TB-TCHQ,2015,https://thuvienphapluat.vn/van-ban/Xuat-nhap-khau/Thong-bao-4497-TB-TCHQ-2015-phan-loai-hang-hoa-xuat-nhap-khau-la-Thuoc-nhuom-hoat-tinh-dang-bot-275696.aspx
44,4147,4487/TB-TCHQ,2015,https://thuvienphapluat.vn/van-ban/Xuat-nhap-khau/Thong-bao-4487-TB-TCHQ-2015-ket-qua-phan-loai-hang-hoa-xuat-nhap-khau-la-Thuoc-nhuom-mau-275685.aspx
44,4148,4522/TB-TCHQ,2015,https://thuvienphapluat.vn/van-ban/Xuat-nhap-khau/Thong-bao-4522-TB-TCHQ-2015-ket-qua-phan-loai-hang-hoa-xuat-nhap-khau-la-Bot-tron-che-bien-banh-274675.aspx
44,4149,4486/TB-TCHQ,2015,https://thuvienphapluat.vn/van-ban/Xuat-nhap-khau/Thong-bao-4486-TB-TCHQ-2015-ket-qua-phan-loai-Chat-xuc-tien-luu-hoa-cao-su-da-dieu-che-275684.aspx
44,4150,4506/TB-TCHQ,2015,https://thuvienphapluat.vn/van-ban/Xuat-nhap-khau/Thong-bao-4506-TB-TCHQ-2015-phan-loai-Chat-gan-Clayton-HT-nguyen-lieu-san-xuat-son-275706.aspx
44,4151,4489/TB-TCHQ,2015,https://thuvienphapluat.vn/van-ban/Xuat-nhap-khau/Thong-bao-4489-TB-TCHQ-2015-phan-loai-hang-chat-xuc-tien-luu-hoa-cao-su-da-dieu-che-275687.aspx
44,4152,4496/TB-TCHQ,2015,https://thuvienphapluat.vn/van-ban/Xuat-nhap-khau/Thong-bao-4496-TB-TCHQ-2015-phan-loai-hang-hoa-xuat-nhap-khau-la-thuoc-nhuom-mau-275695.aspx
44,4153,4517/TB-TCHQ,2015,https://thuvienphapluat.vn/van-ban/Xuat-nhap-khau/Thong-bao-4517-TB-TCHQ-2015-ket-qua-phan-loai-hang-hoa-xuat-nhap-khau-la-con-bien-tinh-274670.aspx
44,4155,4488/TB-TCHQ,2015,https://thuvienphapluat.vn/van-ban/Xuat-nhap-khau/Thong-bao-4488-TB-TCHQ-2015-ket-qua-phan-loai-chat-xuc-tien-luu-hoa-cao-su-da-dieu-che-275686.aspx
45,4156,4519/TB-TCHQ,2015,https://thuvienphapluat.vn/van-ban/Xuat-nhap-khau/Thong-bao-4519-TB-TCHQ-2015-ket-qua-phan-loai-hang-hoa-xuat-nhap-khau-la-Vonfram-274672.aspx
45,4157,4514/TB-TCHQ,2015,https://thuvienphapluat.vn/van-ban/Xuat-nhap-khau/Thong-bao-4514-TB-TCHQ-2015-ket-qua-phan-loai-hang-xuat-nhap-khau-la-Fero-vonfram-274667.aspx
45,4158,4512/TB-TCHQ,2015,https://thuvienphapluat.vn/van-ban/Xuat-nhap-khau/Thong-bao-4512-TB-TCHQ2015-phan-loai-hang-hoa-xuat-nhap-khau-la-Muc-in-bao-bi-275669.aspx
45,4159,4521/TB-TCHQ,2015,https://thuvienphapluat.vn/van-ban/Xuat-nhap-khau/Thong-bao-4521-TB-TCHQ-2015-ket-qua-phan-loai-hang-hoa-xuat-nhap-khau-la-Mieng-vai-det-274674.aspx
45,4161,4493/TB-TCHQ,2015,https://thuvienphapluat.vn/van-ban/Xuat-nhap-khau/Thong-bao-4493-TB-TCHQ-2015-phan-loai-hang-hoa-xuat-nhap-khau-la-Thuoc-nhuom-mau-275692.aspx
45,4162,4520/TB-TCHQ,2015,https://thuvienphapluat.vn/van-ban/Xuat-nhap-khau/Thong-bao-4520-TB-TCHQ-2015-ket-qua-phan-loai-hang-hoa-xuat-nhap-khau-Thep-khong-hop-kim-274673.aspx
45,4163,4518/TB-TCHQ,2015,https://thuvienphapluat.vn/van-ban/Xuat-nhap-khau/Thong-bao-4518-TB-TCHQ-2015-ket-qua-phan-loai-bot-thay-the-sua-dung-lam-thuc-an-cho-be-con-274671.aspx
45,4164,4491/TB-TCHQ,2015,https://thuvienphapluat.vn/van-ban/Xuat-nhap-khau/Thong-bao-4491-TB-TCHQ-2015-ket-qua-phan-loai-hang-hoa-xuat-nhap-khau-la-Thuoc-nhuom-mau-275690.aspx
45,4165,4502/TB-TCHQ,2015,https://thuvienphapluat.vn/van-ban/Xuat-nhap-khau/Thong-bao-4502-TB-TCHQ-2015-ket-qua-phan-loai-nhua-amino-dang-nguyen-sinh-275702.aspx
45,4166,4510/TB-TCHQ,2015,https://thuvienphapluat.vn/van-ban/Xuat-nhap-khau/Thong-bao-4510-TB-TCHQ-2015-ket-qua-phan-loai-hang-xuat-nhap-khau-la-Muc-in-bao-bi-275710.aspx
45,4167,4509/TB-TCHQ,2015,https://thuvienphapluat.vn/van-ban/Xuat-nhap-khau/Thong-bao-4509-TB-TCHQ-2015-ket-qua-phan-loai-hang-hoa-xuat-khau-la-muc-in-bao-bi-275709.aspx
45,4168,4391/TB-TCHQ,2015,https://thuvienphapluat.vn/van-ban/Xuat-nhap-khau/Thong-bao-4391-TB-TCHQ-2015-phan-loai-hang-xuat-nhap-khau-la-Fomaldehyde-Solution-ma-san-pham-280179.aspx
45,4169,4395/TB-TCHQ,2015,https://thuvienphapluat.vn/van-ban/Xuat-nhap-khau/Thong-bao-4395-TB-TCHQ-2015-phan-loai-hang-xuat-nhap-khau-Dung-dich-dem-PH-7-dung-lam-thi-nghiem-280183.aspx
45,4170,4396/TB-TCHQ,2015,https://thuvienphapluat.vn/van-ban/Xuat-nhap-khau/Thong-bao-4396-TB-TCHQ-2015-phan-loai-hang-xuat-nhap-khau-Ethylenediamine-Tetraacetic-Acid-280184.aspx
45,4171,4398/TB-TCHQ,2015,https://thuvienphapluat.vn/van-ban/Xuat-nhap-khau/Thong-bao-4398-TB-TCHQ-2015-phan-loai-hang-xuat-nhap-khau-Chat-hoan-tat-dung-trong-det-nhuom-280185.aspx
45,4172,4393/TB-TCHQ,2015,https://thuvienphapluat.vn/van-ban/Xuat-nhap-khau/Thong-bao-4393-TB-TCHQ-2015-phan-loai-hang-xuat-nhap-khau-Hydrochloric-acid-0-1N-280181.aspx
45,4173,4416/TB-TCHQ,2015,https://thuvienphapluat.vn/van-ban/Xuat-nhap-khau/Thong-bao-4416-TB-TCHQ-2015-phan-loai-hang-hoa-xuat-nhap-khau-la-Bot-beo-chiet-xuat-tu-dau-co-280189.aspx
45,4174,4417/TB-TCHQ,2015,https://thuvienphapluat.vn/van-ban/Xuat-nhap-khau/Thong-bao-4417-TB-TCHQ-2015-ket-qua-phan-loai-doi-voi-hang-hoa-xuat-nhap-khau-la-Noi-xich-nhua-280190.aspx
45,4175,4415/TB-TCHQ,2015,https://thuvienphapluat.vn/van-ban/Xuat-nhap-khau/Thong-bao-4415-TB-TCHQ-2015-phan-loai-hang-hoa-xuat-nhap-khau-la-bot-coating-dung-phu-be-mat-keo-280188.aspx
45,4176,4387/TB-TCHQ,2015,https://thuvienphapluat.vn/van-ban/Xuat-nhap-khau/Thong-bao-4387-TB-TCHQ-2015-phan-loai-hang-xuat-nhap-khau-la-Dan-xuat-cua-Cellulose-280176.aspx
45,4177,4390/TB-TCHQ,2015,https://thuvienphapluat.vn/van-ban/Xuat-nhap-khau/Thong-bao-4390-TB-TCHQ-2015-phan-loai-hang-xuat-nhap-khau-la-Thep-tam-khong-hop-kim-280178.aspx
45,4178,4392/TB-TCHQ,2015,https://thuvienphapluat.vn/van-ban/Xuat-nhap-khau/Thong-bao-4392-TB-TCHQ-2015-phan-loai-hang-xuat-nhap-khau-la-Thuoc-mau-pha-che-dang-bot-280180.aspx
45,4179,4413/TB-TCHQ,2015,https://thuvienphapluat.vn/van-ban/Xuat-nhap-khau/Thong-bao-4413-TB-TCHQ-2015-phan-loai-hang-hoa-xuat-nhap-khau-la-Ruou-vang-do-280186.aspx
45,4180,4394/TB-TCHQ,2015,https://thuvienphapluat.vn/van-ban/Xuat-nhap-khau/Thong-bao-4394-TB-TCHQ-2015-phan-loai-hang-xuat-nhap-khau-Dung-dich-dem-PH4-0-dung-lam-thi-nghiem-280182.aspx
45,5865,9568/TB-TCHQ,2015,https://thuvienphapluat.vn/van-ban/Xuat-nhap-khau/Thong-bao-9568-TB-TCHQ-2015-ket-qua-phan-loai-hang-hoa-xuat-nhap-khau-hoa-chat-xu-ly-be-mat-kim-loai-271157.aspx
46,5872,4832/TB-TCHQ,2015,https://thuvienphapluat.vn/van-ban/Thuong-mai/Thong-bao-4832-TB-TCHQ-ket-qua-phan-loai-hang-xuat-nhap-khau-che-pham-lam-sach-dung-trong-xi-ma-2015-298452.aspx
46,4181,15484/TB-TCHQ,2014,https://thuvienphapluat.vn/van-ban/Xuat-nhap-khau/Thong-bao-15484-TB-TCHQ-2014-ket-qua-phan-loai-hang-xuat-nhap-khau-Cao-su-tong-hop-262840.aspx
46,4182,15485/TB-TCHQ,2014,https://thuvienphapluat.vn/van-ban/Xuat-nhap-khau/Thong-bao-15485-TB-TCHQ-2014-ket-qua-phan-loai-hang-hoa-xuat-nhap-khau-Giay-cuon-dau-loc-thuoc-la-262841.aspx
46,4183,15490/TB-TCHQ,2014,https://thuvienphapluat.vn/van-ban/Xuat-nhap-khau/Thong-bao-15490-TB-TCHQ-2014-ket-qua-phan-loai-hang-hoa-xuat-nhap-khau-Hoa-chat-xu-ly-nuoc-262845.aspx
46,4184,15492/TB-TCHQ,2014,https://thuvienphapluat.vn/van-ban/Xuat-nhap-khau/Thong-bao-15492-TB-TCHQ-2014-ket-qua-xac-dinh-truoc-ma-so-cua-Hoa-chat-xu-ly-nuoc-262847.aspx
46,4185,15487/TB-TCHQ,2014,https://thuvienphapluat.vn/van-ban/Xuat-nhap-khau/Thong-bao-15487-TB-TCHQ-2014-ket-qua-phan-loai-hang-xuat-nhap-khau-Day-han-262843.aspx
46,4186,15489/TB-TCHQ,2014,https://thuvienphapluat.vn/van-ban/Xuat-nhap-khau/Thong-bao-15489-TB-TCHQ-2014-ket-qua-phan-loai-hang-hoa-xuat-nhap-khau-Hoa-chat-xu-ly-nuoc-262844.aspx
46,4187,15491/TB-TCHQ,2014,https://thuvienphapluat.vn/van-ban/Xuat-nhap-khau/Thong-bao-15491-TB-TCHQ-2014-ket-qua-phan-loai-hang-hoa-xuat-nhap-khau-Hoa-chat-xu-ly-nuoc-262846.aspx
46,4188,15536/TB-TCHQ,2014,https://thuvienphapluat.vn/van-ban/Xuat-nhap-khau/Thong-bao-15536-TB-TCHQ-2014-ket-qua-phan-loai-hang-xuat-nhap-khau-la-vai-det-kim-263102.aspx
46,4189,15486/TB-TCHQ,2014,https://thuvienphapluat.vn/van-ban/Xuat-nhap-khau/Thong-bao-15486-TB-TCHQ-2014-ket-qua-phan-loai-hang-xuat-nhap-khau-Thuoc-tru-benh-262842.aspx
46,4191,15441/TB-TCHQ,2014,https://thuvienphapluat.vn/van-ban/Xuat-nhap-khau/Thong-bao-15441-TB-TCHQ-2014-ket-qua-phan-loai-hang-hoa-xuat-nhap-khau-Chat-xuc-tac-262837.aspx
46,4192,15454/TB-TCHQ,2014,https://thuvienphapluat.vn/van-ban/Xuat-nhap-khau/Thong-bao-15454-TB-TCHQ-2014-ket-qua-phan-loai-hang-hoa-xuat-nhap-khau-Nhua-epoxy-262838.aspx
46,4193,15455/TB-TCHQ,2014,https://thuvienphapluat.vn/van-ban/Xuat-nhap-khau/Thong-bao-15455-TB-TCHQ-2014-ket-qua-phan-loai-hang-hoa-xuat-nhap-khau-Bot-dung-san-xuat-son-262839.aspx
46,4194,15388/TB-TCHQ,2014,https://thuvienphapluat.vn/van-ban/Xuat-nhap-khau/Thong-bao-15388-TB-TCHQ-2014-ket-qua-phan-loai-hang-xuat-nhap-khau-la-dung-dich-lam-sach-kim-loai-263097.aspx
46,4195,15391/TB-TCHQ,2014,https://thuvienphapluat.vn/van-ban/Xuat-nhap-khau/Thong-bao-15391-TB-TCHQ-2014-ket-qua-phan-loai-hang-xuat-nhap-khau-la-dau-boi-tron-dung-cho-day-xich-263100.aspx
46,4196,15387/TB-TCHQ,2014,https://thuvienphapluat.vn/van-ban/Xuat-nhap-khau/Thong-bao-15387-TB-TCHQ-2014-ket-qua-phan-loai-hang-hoa-xuat-nhap-khau-la-che-pham-xi-cac-loai-263096.aspx
46,4197,15392/TB-TCHQ,2014,https://thuvienphapluat.vn/van-ban/Xuat-nhap-khau/Thong-bao-15392-TB-TCHQ-2014-ket-qua-phan-loai-hang-xuat-nhap-khau-chat-lam-sach-nu-trang-263101.aspx
46,4198,15389/TB-TCHQ,2014,https://thuvienphapluat.vn/van-ban/Xuat-nhap-khau/Thong-bao-15389-TB-TCHQ-2014-ket-qua-phan-loai-hang-xuat-nhap-khau-dung-dich-lam-sach-kim-loai-263098.aspx
46,4199,15390/TB-TCHQ,2014,https://thuvienphapluat.vn/van-ban/Xuat-nhap-khau/Thong-bao-15390-TB-TCHQ-2014-ket-qua-phan-loai-hang-xuat-nhap-khau-la-sap-nhan-tao-263099.aspx
46,4200,15294/TB-TCHQ,2014,https://thuvienphapluat.vn/van-ban/Xuat-nhap-khau/Thong-bao-15294-TB-TCHQ-nam-2014-ket-qua-phan-loai-hang-hoa-la-chat-ket-dinh-lam-tu-polymer-xuat-nhap-khau-262033.aspx
46,4201,15322/TB-TCHQ,2014,https://thuvienphapluat.vn/van-ban/Xuat-nhap-khau/Thong-bao-15322-TB-TCHQ-2014-ket-qua-phan-loai-nguyen-lieu-dung-san-xuat-nem-mousse-xuat-nhap-khau-262034.aspx
46,4202,15260/TB-TCHQ,2014,https://thuvienphapluat.vn/van-ban/Xuat-nhap-khau/Thong-bao-15260-TB-TCHQ-nam-2014-ket-qua-phan-loai-doi-voi-hang-hoa-xuat-nhap-khau-nguyen-lieu-san-xuat-keo-262026.aspx
46,4203,15264/TB-TCHQ,2014,https://thuvienphapluat.vn/van-ban/Xuat-nhap-khau/Thong-bao-15264-TB-TCHQ-2014-ket-qua-phan-loai-doi-voi-hang-hoa-xuat-nhap-khau-nhua-Polybutylen-terephthalat-dang-hat-262030.aspx
46,4204,15265/TB-TCHQ,2014,https://thuvienphapluat.vn/van-ban/Xuat-nhap-khau/Thong-bao-15265-TB-TCHQ-nam-2014-ket-qua-phan-loai-hang-hoa-la-Nhua-polyamit-dang-hat-xuat-nhap-khau-262031.aspx
46,4205,15257/TB-TCHQ,2014,https://thuvienphapluat.vn/van-ban/Xuat-nhap-khau/Thong-bao-15257-TB-TCHQ-nam-2014-phan-loai-hang-hoa-la-Thep-la-ma-crome-dang-tam-khong-hop-kim-xuat-nhap-khau-262023.aspx
47,4206,15262/TB-TCHQ,2014,https://thuvienphapluat.vn/van-ban/Xuat-nhap-khau/Thong-bao-15262-TB-TCHQ-nam-2014-ket-qua-phan-loai-hang-hoa-xuat-nhap-khau-Silicon-dang-nguyen-sinh-262028.aspx
47,4207,15255/TB-TCHQ,2014,https://thuvienphapluat.vn/van-ban/Xuat-nhap-khau/Thong-bao-15255-TB-TCHQ-nam-2014-phan-loai-hang-hoa-la-Thep-la-ma-thiec-dang-tam-khong-hop-kim-xuat-nhap-khau-262021.aspx
47,4208,15254/TB-TCHQ,2014,https://thuvienphapluat.vn/van-ban/Xuat-nhap-khau/Thong-bao-15254-TB-TCHQ-2014-ket-qua-phan-loai-hang-hoa-xuat-nhap-khau-tam-nhua-aluminum-composite-pamela-262020.aspx
47,4209,15263/TB-TCHQ,2014,https://thuvienphapluat.vn/van-ban/Xuat-nhap-khau/Thong-bao-15263-TB-TCHQ-2014-ket-qua-phan-loai-xuat-nhap-khau-nhua-polyester-SE-1541-1-262029.aspx
47,4210,15266/TB-TCHQ,2014,https://thuvienphapluat.vn/van-ban/Xuat-nhap-khau/Thong-bao-15266-TB-TCHQ-2014-ket-qua-phan-loai-doi-voi-hang-hoa-xuat-nhap-khau-nguyen-lieu-san-xuat-cong-nghiep-det-262032.aspx
47,4211,15258/TB-TCHQ,2014,https://thuvienphapluat.vn/van-ban/Xuat-nhap-khau/Thong-bao-15258-TB-TCHQ-nam-2014-phan-loai-hang-hoa-la-Nhua-hydrocacbon-tu-dau-mo-xuat-nhap-khau-262024.aspx
47,4212,15256/TB-TCHQ,2014,https://thuvienphapluat.vn/van-ban/Xuat-nhap-khau/Thong-bao-15256-TB-TCHQ-nam-2014-phan-loai-khai-Thep-la-ma-thiec-dang-tam-khong-hop-kim-xuat-nhap-khau-262022.aspx
47,4213,15261/TB-TCHQ,2014,https://thuvienphapluat.vn/van-ban/Xuat-nhap-khau/Thong-bao-15261-TB-TCHQ-nam-2014-ket-qua-phan-loai-hang-hoa-xuat-nhap-khau-chat-deu-mau-262027.aspx
47,4214,15259/TB-TCHQ,2014,https://thuvienphapluat.vn/van-ban/Xuat-nhap-khau/Thong-bao-15259-TB-TCHQ-nam-2014-phan-loai-hang-hoa-la-Nhua-tu-polyterpen-nguyen-sinh-dang-hat-xuat-nhap-khau-262025.aspx
47,4215,15239/TB-TCHQ,2014,https://thuvienphapluat.vn/van-ban/Xuat-nhap-khau/Thong-bao-15239-TB-TCHQ-nam-2014-ket-qua-phan-loai-hang-hoa-la-Cao-su-tong-hop-xuat-nhap-khau-262019.aspx
47,4216,15238/TB-TCHQ,2014,https://thuvienphapluat.vn/van-ban/Xuat-nhap-khau/Thong-bao-15238-TB-TCHQ-2014-phan-loai-xuat-nhap-khau-Chat-mau-khac-dung-trong-san-xuat-san-pham-nhua-262018.aspx
47,4217,15190/TB-TCHQ,2014,https://thuvienphapluat.vn/van-ban/Xuat-nhap-khau/Thong-bao-15190-TB-TCHQ-2014-ket-qua-phan-loai-doi-hang-hoa-Alumina-ball-xuat-nhap-khau-261549.aspx
47,4218,15185/TB-TCHQ,2014,https://thuvienphapluat.vn/van-ban/Xuat-nhap-khau/Thong-bao-15185-TB-TCHQ-2014-phan-loai-xuat-nhap-khau-hon-hop-vo-co-dung-trong-qua-trinh-san-xuat-de-giay-cao-su-261546.aspx
47,4219,15180/TB-TCHQ,2014,https://thuvienphapluat.vn/van-ban/Xuat-nhap-khau/Thong-bao-15180-TB-TCHQ-nam-2014-ket-qua-phan-loai-chat-tay-ho-vai-xuat-nhap-khau-261543.aspx
47,4220,15187/TB-TCHQ,2014,https://thuvienphapluat.vn/van-ban/Xuat-nhap-khau/Thong-bao-15187-TB-TCHQ-2014-ket-qua-phan-loai-xuat-nhap-khau-dung-moi-dung-de-pha-che-muc-in-HAC-261547.aspx
47,4221,15184/TB-TCHQ,2014,https://thuvienphapluat.vn/van-ban/Xuat-nhap-khau/Thong-bao-15184-TB-TCHQ-nam-2014-ket-qua-phan-loai-hon-hop-vo-co-san-xuat-de-giay-cao-su-xuat-nhap-khau-261545.aspx
47,4222,15183/TB-TCHQ,2014,https://thuvienphapluat.vn/van-ban/Xuat-nhap-khau/Thong-bao-15183-TB-TCHQ-nam-2014-ket-qua-phan-loai-NLSX-SON-DISPEX-cx-4340-xuat-nhap-khau-261544.aspx
47,4223,15179/TB-TCHQ,2014,https://thuvienphapluat.vn/van-ban/Xuat-nhap-khau/Thong-bao-15179-TB-TCHQ-2014-ket-qua-phan-loai-hang-hoa-xuat-nhap-khau-chat-ham-mau-Lava-Pret-REB-261538.aspx
47,4224,15182/TB-TCHQ,2014,https://thuvienphapluat.vn/van-ban/Xuat-nhap-khau/Thong-bao-15182-TB-TCHQ-nam-2014-ket-qua-phan-loai-graphit-nhan-tao-xuat-nhap-khau-261540.aspx
47,4225,15188/TB-TCHQ,2014,https://thuvienphapluat.vn/van-ban/Xuat-nhap-khau/Thong-bao-15188-TB-TCHQ-nam-2014-ket-qua-phan-loai-dung-moi-dung-de-pha-che-muc-in-xuat-nhap-khau-261542.aspx
47,4226,15189/TB-TCHQ,2014,https://thuvienphapluat.vn/van-ban/Xuat-nhap-khau/Thong-bao-15189-TB-TCHQ-2014-ket-qua-phan-loai-dung-moi-dung-de-pha-che-muc-in-xuat-nhap-khau-261548.aspx
47,4227,15186/TB-TCHQ,2014,https://thuvienphapluat.vn/van-ban/Xuat-nhap-khau/Thong-bao-15186-TB-TCHQ-2014-ket-qua-phan-loai-hang-hoa-xuat-nhap-khau-dung-moi-pha-che-muc-in-261541.aspx
47,4228,15181/TB-TCHQ,2014,https://thuvienphapluat.vn/van-ban/Xuat-nhap-khau/Thong-bao-15181-TB-TCHQ-nam-2014-ket-qua-phan-loai-polyether-dang-nguyen-sinh-xuat-nhap-khau-261539.aspx
47,4229,15063/TB-TCHQ,2014,https://thuvienphapluat.vn/van-ban/Xuat-nhap-khau/Thong-bao-15063-TB-TCHQ-nam-2014-phan-loai-hang-hoa-xuat-nhap-khau-Dat-set-bien-tinh-san-xuat-son-261393.aspx
47,4230,15070/TB-TCHQ,2014,https://thuvienphapluat.vn/van-ban/Xuat-nhap-khau/Thong-bao-15070-TB-TCHQ-2014-ket-qua-phan-loai-Che-pham-xuc-tac-F40P-xuat-nhap-khau-261388.aspx
48,4231,15071/TB-TCHQ,2014,https://thuvienphapluat.vn/van-ban/Xuat-nhap-khau/Thong-bao-15071-TB-TCHQ-2014-ket-qua-phan-loai-Hop-chat-di-vong-khac-DTDM-xuat-nhap-khau-261389.aspx
48,4232,15067/TB-TCHQ,2014,https://thuvienphapluat.vn/van-ban/Xuat-nhap-khau/Thong-bao-15067-TB-TCHQ-nam-2014-ket-qua-phan-loai-hang-hoa-xuat-nhap-khau-Chat-xuc-tien-luu-hoa-cao-su-261386.aspx
48,4233,15064/TB-TCHQ,2014,https://thuvienphapluat.vn/van-ban/Xuat-nhap-khau/Thong-bao-15064-TB-TCHQ-nam-2014-phan-loai-hang-hoa-xuat-nhap-khau-Bentonite-261394.aspx
48,4234,15069/TB-TCHQ,2014,https://thuvienphapluat.vn/van-ban/Xuat-nhap-khau/Thong-bao-15069-TB-TCHQ-nam-2014-phan-loai-hang-hoa-xuat-nhap-khau-Che-pham-xuc-tac-VM56-261387.aspx
48,4235,15073/TB-TCHQ,2014,https://thuvienphapluat.vn/van-ban/Xuat-nhap-khau/Thong-bao-15073-TB-TCHQ-2014-ket-qua-phan-loai-hon-hop-ester-cua-lauroyl-glutamate-xuat-nhap-khau-261398.aspx
48,4236,15105/TB-TCHQ,2014,https://thuvienphapluat.vn/van-ban/Xuat-nhap-khau/Thong-bao-15105-TB-TCHQ-2014-ket-qua-phan-loai-nguyen-lieu-san-xuat-hat-nhua-hoa-chat-huu-co-xuat-nhap-khau-261537.aspx
48,4237,15068/TB-TCHQ,2014,https://thuvienphapluat.vn/van-ban/Xuat-nhap-khau/Thong-bao-15068-TB-TCHQ-2014-ket-qua-phan-loai-Chat-xuc-tien-luu-hoa-cao-su-da-dieu-che-TMTM-xuat-nhap-khau-261397.aspx
48,4238,15066/TB-TCHQ,2014,https://thuvienphapluat.vn/van-ban/Xuat-nhap-khau/Thong-bao-15066-TB-TCHQ-nam-2014-phan-loai-hang-hoa-xuat-nhap-khau-Nhua-alkyd-san-xuat-son-261396.aspx
48,4239,15065/TB-TCHQ,2014,https://thuvienphapluat.vn/van-ban/Xuat-nhap-khau/Thong-bao-15065-TB-TCHQ-nam-2014-phan-loai-hang-hoa-xuat-nhap-khau-Chat-mau-san-xuat-son-261395.aspx
48,4240,15072/TB-TCHQ,2014,https://thuvienphapluat.vn/van-ban/Xuat-nhap-khau/Thong-bao-15072-TB-TCHQ-2014-ket-qua-phan-loai-Silicone-dang-nguyen-sinh-Silicon-Rubber-xuat-nhap-khau-261390.aspx
48,4241,15062/TB-TCHQ,2014,https://thuvienphapluat.vn/van-ban/Xuat-nhap-khau/Thong-bao-15062-TB-TCHQ-nam-2014-phan-loai-hang-hoa-xuat-nhap-khau-Dat-set-bien-tinh-san-xuat-son-261392.aspx
48,4242,15104/TB-TCHQ,2014,https://thuvienphapluat.vn/van-ban/Xuat-nhap-khau/Thong-bao-15104-TB-TCHQ-2014-ket-qua-phan-loai-nguyen-lieu-san-xuat-hat-nhua-hoa-chat-huu-co-xuat-nhap-khau-261536.aspx
48,4243,15019/TB-TCHQ,2014,https://thuvienphapluat.vn/van-ban/Xuat-nhap-khau/Thong-bao-15019-TB-TCHQ-nam-2014-ket-qua-phan-loai-VS-B01-chat-deo-tong-hop-xuat-nhap-khau-261535.aspx
48,4244,15017/TB-TCHQ,2014,https://thuvienphapluat.vn/van-ban/Xuat-nhap-khau/Thong-bao-15017-TB-TCHQ-2014-ket-qua-phan-loai-xuat-nhap-khau-hon-hop-chat-thom-san-xuat-nhang-tru-muoi-261601.aspx
48,4245,15018/TB-TCHQ,2014,https://thuvienphapluat.vn/van-ban/Xuat-nhap-khau/Thong-bao-15018-TB-TCHQ-nam-2014-ket-qua-phan-loai-hon-hop-chat-thom-san-xuat-nhang-tru-muoi-xuat-nhap-khau-261602.aspx
48,4246,14964/TB-TCHQ,2014,https://thuvienphapluat.vn/van-ban/Xuat-nhap-khau/Thong-bao-14964-TB-TCHQ-2014-ket-qua-phan-loai-Nguyen-lieu-san-xuat-son-Vinnapas-5010N-xuat-nhap-khau-261500.aspx
48,4247,14959/TB-TCHQ,2014,https://thuvienphapluat.vn/van-ban/Xuat-nhap-khau/Thong-bao-14959-TB-TCHQ-2014-ket-qua-phan-loai-Che-pham-xu-ly-be-mat-kim-loai-xuat-nhap-khau-261499.aspx
48,4248,14969/TB-TCHQ,2014,https://thuvienphapluat.vn/van-ban/Xuat-nhap-khau/Thong-bao-14969-TB-TCHQ-2014-ket-qua-phan-loai-Gang-tay-bao-ho-lao-dong-bang-soi-tong-hop-xuat-nhap-khau-261502.aspx
48,4249,14963/TB-TCHQ,2014,https://thuvienphapluat.vn/van-ban/Xuat-nhap-khau/Thong-bao-14963-TB-TCHQ-2014-ket-qua-phan-loai-hang-hoa-xuat-nhap-khau-SEROLAT-50-261531.aspx
48,4250,14965/TB-TCHQ,2014,https://thuvienphapluat.vn/van-ban/Xuat-nhap-khau/Thong-bao-14965-TB-TCHQ-nam-2014-ket-qua-phan-loai-nguyen-lieu-san-xuat-dung-dich-khoan-dau-khi-xuat-nhap-khau-261532.aspx
48,4251,14962/TB-TCHQ,2014,https://thuvienphapluat.vn/van-ban/Xuat-nhap-khau/Thong-bao-14962-TB-TCHQ-2014-ket-qua-phan-loai-doi-voi-hang-hoa-xuat-nhap-khau-la-Bot-Whey-261530.aspx
48,4252,14966/TB-TCHQ,2014,https://thuvienphapluat.vn/van-ban/Xuat-nhap-khau/Thong-bao-14966-TB-TCHQ-nam-2014-ket-qua-phan-loai-doi-voi-hang-hoa-xuat-nhap-khau-Duckling-874204-261533.aspx
48,4253,14967/TB-TCHQ,2014,https://thuvienphapluat.vn/van-ban/Xuat-nhap-khau/Thong-bao-14967-TB-TCHQ-nam-2014-ket-qua-phan-loai-doi-voi-hang-hoa-xuat-nhap-khau-Axit-stearic-SA-301-261534.aspx
48,4254,14956/TB-TCHQ,2014,https://thuvienphapluat.vn/van-ban/Xuat-nhap-khau/Thong-bao-14956-TB-TCHQ-2014-ket-qua-xac-dinh-truoc-ma-so-261497.aspx
48,4256,14958/TB-TCHQ,2014,https://thuvienphapluat.vn/van-ban/Xuat-nhap-khau/Thong-bao-14958-TB-TCHQ-nam-2014-ket-qua-xac-dinh-truoc-ma-so-261529.aspx
49,4258,14877/TB-TCHQ,2014,https://thuvienphapluat.vn/van-ban/Xuat-nhap-khau/Thong-bao-14877-TB-TCHQ-2014-ket-qua-phan-loai-Voi-cuc-voi-song-dang-roi-ham-luong-cao-xuat-nhap-khau-261026.aspx
49,4260,14874/TB-TCHQ,2014,https://thuvienphapluat.vn/van-ban/Xuat-nhap-khau/Thong-bao-14874-TB-TCHQ-nam-2014-phan-loai-hang-hoa-xuat-nhap-khau-Voi-song-261023.aspx
49,4262,14882/TB-TCHQ,2014,https://thuvienphapluat.vn/van-ban/Xuat-nhap-khau/Thong-bao-14882-TB-TCHQ-2014-ket-qua-phan-loai-Protein-da-thuy-phan-Nutrilam-Keratin-W-PP-xuat-nhap-khau-261031.aspx
49,4264,14876/TB-TCHQ,2014,https://thuvienphapluat.vn/van-ban/Xuat-nhap-khau/Thong-bao-14876-TB-TCHQ-nam-2014-phan-loai-hang-hoa-xuat-nhap-khau-Voi-song-261025.aspx
49,4266,14873/TB-TCHQ,2014,https://thuvienphapluat.vn/van-ban/Xuat-nhap-khau/Thong-bao-14873-TB-TCHQ-nam-2014-phan-loai-hang-hoa-xuat-nhap-khau-Keo-PF-Black-261022.aspx
49,4268,14871/TB-TCHQ,2014,https://thuvienphapluat.vn/van-ban/Xuat-nhap-khau/Thong-bao-14871-TB-TCHQ-2014-ket-qua-phan-loai-Keo-P3-xuat-nhap-khau-261020.aspx
49,4270,14878/TB-TCHQ,2014,https://thuvienphapluat.vn/van-ban/Xuat-nhap-khau/Thong-bao-14878-TB-TCHQ-2014-ket-qua-phan-loai-Voi-song-1-4-cm-dong-trong-bao-jumbo-xuat-nhap-khau-261027.aspx
49,4272,14880/TB-TCHQ,2014,https://thuvienphapluat.vn/van-ban/Xuat-nhap-khau/Thong-bao-14880-TB-TCHQ-nam-2014-phan-loai-hang-hoa-xuat-nhap-khau-Protein-da-thuy-phan-261029.aspx
49,4274,14885/TB-TCHQ,2014,https://thuvienphapluat.vn/van-ban/Xuat-nhap-khau/Thong-bao-14885-TB-TCHQ-nam-2014-phan-loai-hang-hoa-xuat-nhap-khau-Thep-hop-kim-thanh-tron-261034.aspx
49,4276,14883/TB-TCHQ,2014,https://thuvienphapluat.vn/van-ban/Xuat-nhap-khau/Thong-bao-14883-TB-TCHQ-nam-2014-phan-loai-hang-hoa-xuat-nhap-khau-Chat-tao-huong-261032.aspx
49,4278,14884/TB-TCHQ,2014,https://thuvienphapluat.vn/van-ban/Xuat-nhap-khau/Thong-bao-14884-TB-TCHQ-nam-2014-phan-loai-hang-hoa-xuat-nhap-khau-Chat-long-truyen-nhiet-Therminol-55-261033.aspx
49,4280,14870/TB-TCHQ,2014,https://thuvienphapluat.vn/van-ban/Xuat-nhap-khau/Thong-bao-14870-TB-TCHQ-nam-2014-phan-loai-hang-hoa-xuat-nhap-khau-Nuoc-xu-ly-Primer-261019.aspx
49,4282,14879/TB-TCHQ,2014,https://thuvienphapluat.vn/van-ban/Xuat-nhap-khau/Thong-bao-14879-TB-TCHQ-nam-2014-phan-loai-hang-hoa-xuat-nhap-khau-Polyete-dang-nguyen-sinh-261028.aspx
49,4284,14872/TB-TCHQ,2014,https://thuvienphapluat.vn/van-ban/Xuat-nhap-khau/Thong-bao-14872-TB-TCHQ-2014-ket-qua-phan-loai-Keo-P4-xuat-nhap-khau-261021.aspx
49,4286,14875/TB-TCHQ,2014,https://thuvienphapluat.vn/van-ban/Xuat-nhap-khau/Thong-bao-14875-TB-TCHQ-nam-2014-phan-loai-hang-hoa-xuat-nhap-khau-Voi-song-261024.aspx
49,4288,14886/TB-TCHQ,2014,https://thuvienphapluat.vn/van-ban/Xuat-nhap-khau/Thong-bao-14886-TB-TCHQ-nam-2014-phan-loai-hang-hoa-xuat-nhap-khau-Thep-hop-kim-thanh-thang-261035.aspx
49,4290,14881/TB-TCHQ,2014,https://thuvienphapluat.vn/van-ban/Xuat-nhap-khau/Thong-bao-14881-TB-TCHQ-nam-2014-phan-loai-hang-hoa-xuat-nhap-khau-Tinh-bot-bien-tinh-261030.aspx
49,4292,14821/TB-TCHQ,2014,https://thuvienphapluat.vn/van-ban/Xuat-nhap-khau/Thong-bao-14821-TB-TCHQ-nam-2014-phan-loai-hang-hoa-xuat-nhap-khau-Phan-nhom-dau-nguon-goc-dau-mo-261071.aspx
49,4294,14818/TB-TCHQ,2014,https://thuvienphapluat.vn/van-ban/Xuat-nhap-khau/Thong-bao-14818-TB-TCHQ-2014-ket-qua-phan-loai-Xi-bot-xuat-nhap-khau-261068.aspx
49,4296,14814/TB-TCHQ,2014,https://thuvienphapluat.vn/van-ban/Xuat-nhap-khau/Thong-bao-14814-TB-TCHQ-2014-ket-qua-phan-loai-Chat-xuc-tien-phan-ung-NPC-50-xuat-nhap-khau-261064.aspx
49,4298,14809/TB-TCHQ,2014,https://thuvienphapluat.vn/van-ban/Xuat-nhap-khau/Thong-bao-14809-TB-TCHQ-nam-2014-phan-loai-hang-hoa-xuat-nhap-khau-Chat-xuc-tac-dung-san-xuat-cao-su-261052.aspx
49,4302,14812/TB-TCHQ,2014,https://thuvienphapluat.vn/van-ban/Xuat-nhap-khau/Thong-bao-14812-TB-TCHQ-nam-2014-phan-loai-hang-hoa-xuat-nhap-khau-Da-o-dang-bot-MIN0-U-SIL-5-261062.aspx
49,4304,14825/TB-TCHQ,2014,https://thuvienphapluat.vn/van-ban/Xuat-nhap-khau/Thong-bao-14825-TB-TCHQ-nam-2014-phan-loai-hang-hoa-xuat-nhap-khau-Bat-den-chan-co-261041.aspx
49,4306,14816/TB-TCHQ,2014,https://thuvienphapluat.vn/van-ban/Xuat-nhap-khau/Thong-bao-14816-TB-TCHQ-2014-ket-qua-phan-loai-Kem-oxit-ZNO-xuat-nhap-khau-261066.aspx
49,4308,14805/TB-TCHQ,2014,https://thuvienphapluat.vn/van-ban/Xuat-nhap-khau/Thong-bao-14805-TB-TCHQ-nam-2014-phan-loai-hang-hoa-xuat-nhap-khau-Che-pham-tu-mau-huu-co-san-xuat-son-261048.aspx
50,4310,14806/TB-TCHQ,2014,https://thuvienphapluat.vn/van-ban/Xuat-nhap-khau/Thong-bao-14806-TB-TCHQ-nam-2014-phan-loai-hang-hoa-xuat-nhap-khau-che-pham-tu-mau-huu-co-san-xuat-son-261049.aspx
50,4312,14827/TB-TCHQ,2014,https://thuvienphapluat.vn/van-ban/Xuat-nhap-khau/Thong-bao-14827-TB-TCHQ-nam-2014-phan-loai-hang-hoa-xuat-nhap-khau-Hoa-chat-xuc-tien-san-xuat-cao-su-261043.aspx
50,4314,14824/TB-TCHQ,2014,https://thuvienphapluat.vn/van-ban/Xuat-nhap-khau/Thong-bao-14824-TB-TCHQ-2014-ket-qua-phan-loai-Polyamit-dang-nguyen-sinh-dung-san-xuat-son-xuat-nhap-khau-261040.aspx
50,4316,14826/TB-TCHQ,2014,https://thuvienphapluat.vn/van-ban/Xuat-nhap-khau/Thong-bao-14826-TB-TCHQ-nam-2014-phan-loai-hang-hoa-xuat-nhap-khau-Hoa-chat-san-xuat-cao-su-261042.aspx
50,4318,14808/TB-TCHQ,2014,https://thuvienphapluat.vn/van-ban/Xuat-nhap-khau/Thong-bao-14808-TB-TCHQ-nam-2014-phan-loai-hang-hoa-xuat-nhap-khau-Nhua-Polyurethane-san-xuat-son-261051.aspx
50,4320,14804/TB-TCHQ,2014,https://thuvienphapluat.vn/van-ban/Xuat-nhap-khau/Thong-bao-14804-TB-TCHQ-nam-2014-phan-loai-hang-hoa-xuat-nhap-khau-Sua-bot-tach-kem-san-xuat-Milo-Nescafe-261060.aspx
50,4324,14823/TB-TCHQ,2014,https://thuvienphapluat.vn/van-ban/Xuat-nhap-khau/Thong-bao-14823-TB-TCHQ-2014-ket-qua-phan-loai-Nhua-duong-dac-nong-cap-do-60-70-xuat-nhap-khau-261039.aspx
50,4326,14813/TB-TCHQ,2014,https://thuvienphapluat.vn/van-ban/Xuat-nhap-khau/Thong-bao-14813-TB-TCHQ-nam-2014-phan-loai-hang-hoa-xuat-nhap-khau-Che-pham-xuc-tac-F40P-261063.aspx
50,4328,14803/TB-TCHQ,2014,https://thuvienphapluat.vn/van-ban/Xuat-nhap-khau/Thong-bao-14803-TB-TCHQ-nam-2014-phan-loai-hang-hoa-xuat-nhap-khau-Che-pham-lam-sach-be-mat-kim-loai-261059.aspx
50,4330,14817/TB-TCHQ,2014,https://thuvienphapluat.vn/van-ban/Xuat-nhap-khau/Thong-bao-14817-TB-TCHQ-2014-ket-qua-phan-loai-Hop-chat-di-vong-khac-DTDM-xuat-nhap-khau-261067.aspx
50,4332,14822/TB-TCHQ,2014,https://thuvienphapluat.vn/van-ban/Xuat-nhap-khau/Thong-bao-14822-TB-TCHQ-nam-2014-phan-loai-hang-hoa-xuat-nhap-khau-Bot-Talc-Mistrofil-HS20-san-xuat-son-261072.aspx
50,4334,14807/TB-TCHQ,2014,https://thuvienphapluat.vn/van-ban/Xuat-nhap-khau/Thong-bao-14807-TB-TCHQ-nam-2014-phan-loai-hang-hoa-xuat-nhap-khau-Che-pham-tu-mau-huu-co-san-xuat-son-261050.aspx
50,4336,14815/TB-TCHQ,2014,https://thuvienphapluat.vn/van-ban/Xuat-nhap-khau/Thong-bao-14815-TB-TCHQ-2014-ket-qua-phan-loai-Axit-beo-monocarboxylic-cong-nghiep-STAC-xuat-nhap-khau-261065.aspx
50,4338,14828/TB-TCHQ,2014,https://thuvienphapluat.vn/van-ban/Xuat-nhap-khau/Thong-bao-14828-TB-TCHQ-nam-2014-phan-loai-hang-hoa-xuat-nhap-khau-Hoa-chat-san-xuat-cao-su-261044.aspx
50,4340,14829/TB-TCHQ,2014,https://thuvienphapluat.vn/van-ban/Xuat-nhap-khau/Thong-bao-14829-TB-TCHQ-2014-ket-qua-phan-loai-Hoa-chat-san-xuat-cao-su-Tetrametyl-thiuram-Monosulfide-xuat-nhap-khau-261045.aspx
50,4342,14830/TB-TCHQ,2014,https://thuvienphapluat.vn/van-ban/Xuat-nhap-khau/Thong-bao-14830-TB-TCHQ-nam-2014-phan-loai-hang-hoa-xuat-nhap-khau-Hoa-chat-san-xuat-cao-su-261046.aspx
50,4344,14802/TB-TCHQ,2014,https://thuvienphapluat.vn/van-ban/Xuat-nhap-khau/Thong-bao-14802-TB-TCHQ-nam-2014-phan-loai-hang-hoa-xuat-nhap-khau-Sua-bot-chua-them-duong-san-xuat-Milo-261058.aspx
50,4348,14819/TB-TCHQ,2014,https://thuvienphapluat.vn/van-ban/Xuat-nhap-khau/Thong-bao-14819-TB-TCHQ-nam-2014-phan-loai-hang-hoa-xuat-nhap-khau-Dung-dich-chong-phun-trao-261069.aspx
50,4350,14687/TB-TCHQ,2014,https://thuvienphapluat.vn/van-ban/Xuat-nhap-khau/Thong-bao-14687-TB-TCHQ-2014-ket-qua-phan-loai-SL-150-2014-%23-SL-150-Luu-huynh-xuat-nhap-khau-261118.aspx
50,4351,14704/TB-TCHQ,2014,https://thuvienphapluat.vn/van-ban/Xuat-nhap-khau/Thong-bao-14704-TB-TCHQ-2014-ket-qua-phan-loai-Thuoc-nhuom-dung-trong-cong-nghiep-det-nhuom-xuat-nhap-khau-260708.aspx
50,4352,14757/TB-TCHQ,2014,https://thuvienphapluat.vn/van-ban/Xuat-nhap-khau/Thong-bao-14757-TB-TCHQ-nam-2014-phan-loai-hang-hoa-xuat-nhap-khau-Che-pham-rua-dung-trong-xi-ma-260506.aspx
50,4353,14743/TB-TCHQ,2014,https://thuvienphapluat.vn/van-ban/Xuat-nhap-khau/Thong-bao-14743-TB-TCHQ-nam-2014-phan-loai-hang-hoa-xuat-nhap-khau-Che-pham-thuoc-nhuom-hoat-tinh-260554.aspx
50,4355,14679/TB-TCHQ,2014,https://thuvienphapluat.vn/van-ban/Xuat-nhap-khau/Thong-bao-14679-TB-TCHQ-2014-phan-loai-hang-hoa-xuat-nhap-khau-Muoi-canxi-Tetrapropylene-benzensulphonate-261117.aspx
50,4356,14684/TB-TCHQ,2014,https://thuvienphapluat.vn/van-ban/Xuat-nhap-khau/Thong-bao-14684-TB-TCHQ-nam-2014-phan-loai-hang-hoa-xuat-nhap-khau-ST-1801-2014-%23-ST-1801-Chat-xuc-tac-261129.aspx
50,4357,14726/TB-TCHQ,2014,https://thuvienphapluat.vn/van-ban/Xuat-nhap-khau/Thong-bao-14726-TB-TCHQ-2014-ket-qua-xac-dinh-truoc-ma-so-doi-voi-PARTS-CLEANER-C7-260493.aspx
51,4358,14752/TB-TCHQ,2014,https://thuvienphapluat.vn/van-ban/Xuat-nhap-khau/Thong-bao-14752-TB-TCHQ-2014-phan-loai-hang-hoa-xuat-nhap-khau-Econase-XT-25-Bo-sung-enzyme-Xylanase-260504.aspx
51,4360,14722/TB-TCHQ,2014,https://thuvienphapluat.vn/van-ban/Xuat-nhap-khau/Thong-bao-14722-TB-TCHQ-2014-ket-qua-xac-dinh-truoc-ma-so-doi-voi-GP-Cleaner-N-260484.aspx
51,4361,14693/TB-TCHQ,2014,https://thuvienphapluat.vn/van-ban/Xuat-nhap-khau/Thong-bao-14693-TB-TCHQ-nam-2014-phan-loai-hang-hoa-xuat-nhap-khau-Muoi-cua-axit-benzoic-260697.aspx
51,4362,14754/TB-TCHQ,2014,https://thuvienphapluat.vn/van-ban/Xuat-nhap-khau/Thong-bao-14754-TB-TCHQ-nam-2014-phan-loai-hang-hoa-xuat-nhap-khau-Phu-gia-cao-su-261037.aspx
51,4364,14677/TB-TCHQ,2014,https://thuvienphapluat.vn/van-ban/Xuat-nhap-khau/Thong-bao-14677-TB-TCHQ-nam-2014-phan-loai-hang-hoa-xuat-nhap-khau-Hat-nhua-261249.aspx
51,4366,14670/TB-TCHQ,2014,https://thuvienphapluat.vn/van-ban/Xuat-nhap-khau/Thong-bao-14670-TB-TCHQ-2014-phan-loai-hang-hoa-xuat-nhap-khau-Chat-mau-phan-tan-san-xuat-son-261233.aspx
51,4368,14700/TB-TCHQ,2014,https://thuvienphapluat.vn/van-ban/Xuat-nhap-khau/Thong-bao-14700-TB-TCHQ-nam-2014-phan-loai-hang-hoa-xuat-nhap-khau-Hoa-chat-xu-ly-nuoc-260704.aspx
51,4369,14748/TB-TCHQ,2014,https://thuvienphapluat.vn/van-ban/Xuat-nhap-khau/Thong-bao-14748-TB-TCHQ-nam-2014-phan-loai-hang-hoa-xuat-nhap-khau-Sorbidex-71122-270kg-DM-Sorbitol-260555.aspx
51,4370,14723/TB-TCHQ,2014,https://thuvienphapluat.vn/van-ban/Xuat-nhap-khau/Thong-bao-14723-TB-TCHQ-nam-2014-ket-qua-xac-dinh-truoc-ma-so-Che-pham-lam-sach-be-mat-kim-loai-260490.aspx
51,4371,14709/TB-TCHQ,2014,https://thuvienphapluat.vn/van-ban/Xuat-nhap-khau/Thong-bao-14709-TB-TCHQ-2014-ket-qua-phan-loai-Chat-huu-co-dung-de-tay-vai-Nicca-suncleaner-Can-EZ-xuat-nhap-khau-260712.aspx
51,4372,14673/TB-TCHQ,2014,https://thuvienphapluat.vn/van-ban/Xuat-nhap-khau/Thong-bao-14673-TB-TCHQ-nam-2014-phan-loai-hang-hoa-xuat-nhap-khau-Hat-mau-dung-trong-nganh-nhua-261228.aspx
51,4374,14685/TB-TCHQ,2014,https://thuvienphapluat.vn/van-ban/Xuat-nhap-khau/Thong-bao-14685-TB-TCHQ-nam-2014-phan-loai-hang-hoa-xuat-nhap-khau-ZNO99-7-2014-1-%23-ZNO99-7-Kem-oxit-261130.aspx
51,4375,14683/TB-TCHQ,2014,https://thuvienphapluat.vn/van-ban/Xuat-nhap-khau/Thong-bao-14683-TB-TCHQ-nam-2014-phan-loai-hang-hoa-xuat-nhap-khau-Oxygen-Absorber-tui-hut-chan-khong-261128.aspx
51,4376,14676/TB-TCHQ,2014,https://thuvienphapluat.vn/van-ban/Xuat-nhap-khau/Thong-bao-14676-TB-TCHQ-nam-2014-phan-loai-hang-hoa-xuat-nhap-khau-Day-han-dien-bang-thep-hop-kim-261248.aspx
51,4378,14708/TB-TCHQ,2014,https://thuvienphapluat.vn/van-ban/Xuat-nhap-khau/Thong-bao-14708-TB-TCHQ-2014-ket-qua-phan-loai-Mo-boi-tron-BM50-hang-Orelub-xuat-nhap-khau-260711.aspx
51,4379,14710/TB-TCHQ,2014,https://thuvienphapluat.vn/van-ban/Xuat-nhap-khau/Thong-bao-14710-TB-TCHQ-nam-2014-phan-loai-hang-hoa-xuat-nhap-khau-Chat-gan-dung-cho-khuon-bao-tay-261225.aspx
51,4381,14674/TB-TCHQ,2014,https://thuvienphapluat.vn/van-ban/Xuat-nhap-khau/Thong-bao-14674-TB-TCHQ-nam-2014-phan-loai-hang-hoa-xuat-nhap-khau-Hat-nhua-261246.aspx
51,4383,14755/TB-TCHQ,2014,https://thuvienphapluat.vn/van-ban/Xuat-nhap-khau/Thong-bao-14755-TB-TCHQ-2014-ket-qua-phan-loai-Quantum-TR-5000-L-xuat-nhap-khau-261038.aspx
51,4385,14672/TB-TCHQ,2014,https://thuvienphapluat.vn/van-ban/Xuat-nhap-khau/Thong-bao-14672-TB-TCHQ-2014-phan-loai-Hat-mau-dung-trong-nganh-nhua-xuat-nhap-khau-261227.aspx
51,4387,14681/TB-TCHQ,2014,https://thuvienphapluat.vn/van-ban/Xuat-nhap-khau/Thong-bao-14681-TB-TCHQ-2014-ket-qua-phan-loai-Chat-chong-oxy-hoa-Tinuvin-5060-xuat-nhap-khau-261126.aspx
51,4388,14669/TB-TCHQ,2014,https://thuvienphapluat.vn/van-ban/Xuat-nhap-khau/Thong-bao-14669-TB-TCHQ-nam-2014-phan-loai-hang-hoa-xuat-nhap-khau-Hat-mau-dung-trong-nganh-nhua-261116.aspx
51,4389,14751/TB-TCHQ,2014,https://thuvienphapluat.vn/van-ban/Xuat-nhap-khau/Thong-bao-14751-TB-TCHQ-2014-ket-qua-phan-loai-Phu-gia-nano-cho-nhien-lieu-xuat-nhap-khau-260556.aspx
51,4391,14717/TB-TCHQ,2014,https://thuvienphapluat.vn/van-ban/Xuat-nhap-khau/Thong-bao-14717-TB-TCHQ-2014-ket-qua-xac-dinh-truoc-ma-so-doi-voi-SABICRO-COLORED-260713.aspx
51,4392,14702/TB-TCHQ,2014,https://thuvienphapluat.vn/van-ban/Xuat-nhap-khau/Thong-bao-14702-TB-TCHQ-nam-2014-phan-loai-hang-hoa-xuat-nhap-khau-Hoa-chat-xu-ly-nuoc-260706.aspx
51,4393,14725/TB-TCHQ,2014,https://thuvienphapluat.vn/van-ban/Xuat-nhap-khau/Thong-bao-14725-TB-TCHQ-nam-2014-ket-qua-xac-dinh-truoc-ma-so-Che-pham-lam-sach-be-mat-kim-loai-260492.aspx
52,4394,14680/TB-TCHQ,2014,https://thuvienphapluat.vn/van-ban/Xuat-nhap-khau/Thong-bao-14680-TB-TCHQ-2014-ket-qua-phan-loai-men-su-dang-hat-xuat-nhap-khau-261125.aspx
52,4395,14705/TB-TCHQ,2014,https://thuvienphapluat.vn/van-ban/Xuat-nhap-khau/Thong-bao-14705-TB-TCHQ-nam-2014-phan-loai-hang-hoa-xuat-nhap-khau-Chat-hoat-dong-be-mat-san-xuat-son-261250.aspx
52,4397,14747/TB-TCHQ,2014,https://thuvienphapluat.vn/van-ban/Xuat-nhap-khau/Thong-bao-14747-TB-TCHQ-nam-2014-phan-loai-hang-hoa-xuat-nhap-khau-Softener-Flake-TF-445B-lam-mem-bong-260494.aspx
52,4399,14701/TB-TCHQ,2014,https://thuvienphapluat.vn/van-ban/Xuat-nhap-khau/Thong-bao-14701-TB-TCHQ-nam-2014-phan-loai-hang-hoa-xuat-nhap-khau-Hoa-chat-xu-ly-nuoc-Benzalkonium-chloride-260705.aspx
52,4400,14695/TB-TCHQ,2014,https://thuvienphapluat.vn/van-ban/Xuat-nhap-khau/Thong-bao-14695-TB-TCHQ-nam-2014-phan-loai-hang-hoa-xuat-nhap-khau-Polyisocyanate-nguyen-sinh-long-san-xuat-son-260699.aspx
52,4401,14750/TB-TCHQ,2014,https://thuvienphapluat.vn/van-ban/Xuat-nhap-khau/Thong-bao-14750-TB-TCHQ-nam-2014-phan-loai-hang-hoa-xuat-nhap-khau-Econase-XT-25-L-260498.aspx
52,4403,14744/TB-TCHQ,2014,https://thuvienphapluat.vn/van-ban/Xuat-nhap-khau/Thong-bao-14744-TB-TCHQ-2014-ket-qua-phan-loai-Chat-xu-ly-bong-xuat-nhap-khau-260486.aspx
52,4405,14756/TB-TCHQ,2014,https://thuvienphapluat.vn/van-ban/Xuat-nhap-khau/Thong-bao-14756-TB-TCHQ-2014-phan-loai-hang-hoa-xuat-nhap-khau-Quantum-TR-5000-p-Bo-sung-enzyme-Xylanase-260505.aspx
52,4406,14682/TB-TCHQ,2014,https://thuvienphapluat.vn/van-ban/Xuat-nhap-khau/Thong-bao-14682-TB-TCHQ-2014-ket-qua-phan-loai-Chat-chong-oxy-hoa-Tinuvin-400-xuat-nhap-khau-261127.aspx
52,4407,14721/TB-TCHQ,2014,https://thuvienphapluat.vn/van-ban/Xuat-nhap-khau/Thong-bao-14721-TB-TCHQ-nam-2014-ket-qua-xac-dinh-truoc-ma-so-Che-pham-lam-sach-be-mat-kim-loai-260483.aspx
52,4408,14703/TB-TCHQ,2014,https://thuvienphapluat.vn/van-ban/Xuat-nhap-khau/Thong-bao-14703-TB-TCHQ-nam-2014-phan-loai-hang-hoa-xuat-nhap-khau-Chat-mau-huu-co-260707.aspx
52,4409,14727/TB-TCHQ,2014,https://thuvienphapluat.vn/van-ban/Xuat-nhap-khau/Thong-bao-14727-TB-TCHQ-2014-ket-qua-xac-dinh-truoc-ma-so-260485.aspx
52,4410,14749/TB-TCHQ,2014,https://thuvienphapluat.vn/van-ban/Xuat-nhap-khau/Thong-bao-14749-TB-TCHQ-2014-ket-qua-phan-loai-chat-lam-mem-bong-xuat-nhap-khau-260495.aspx
52,4412,14675/TB-TCHQ,2014,https://thuvienphapluat.vn/van-ban/Xuat-nhap-khau/Thong-bao-14675-TB-TCHQ-nam-2014-phan-loai-hang-hoa-xuat-nhap-khau-Hat-mau-dung-trong-nganh-nhua-261247.aspx
52,4414,14699/TB-TCHQ,2014,https://thuvienphapluat.vn/van-ban/Xuat-nhap-khau/Thong-bao-14699-TB-TCHQ-nam-2014-phan-loai-hang-hoa-xuat-nhap-khau-Soi-Polyester-260703.aspx
52,4415,14690/TB-TCHQ,2014,https://thuvienphapluat.vn/van-ban/Xuat-nhap-khau/Thong-bao-14690-TB-TCHQ-nam-2014-phan-loai-hang-hoa-xuat-nhap-khau-Gas-lanh-HFC-32-261120.aspx
52,4416,14694/TB-TCHQ,2014,https://thuvienphapluat.vn/van-ban/Xuat-nhap-khau/Thong-bao-14694-TB-TCHQ-2014-phan-loai-hang-hoa-xuat-nhap-khau-Polyisocyanate-nguyen-sinh-long-san-xuat-son-260698.aspx
52,4417,14686/TB-TCHQ,2014,https://thuvienphapluat.vn/van-ban/Xuat-nhap-khau/Thong-bao-14686-TB-TCHQ-nam-2014-phan-loai-hang-hoa-xuat-nhap-khau-Kem-oxit-261131.aspx
52,4418,14689/TB-TCHQ,2014,https://thuvienphapluat.vn/van-ban/Xuat-nhap-khau/Thong-bao-14689-TB-TCHQ-2014-ket-qua-phan-loai-Desmear-Solution-PTH-1200Na-Sodium-Permanganate-xuat-nhap-khau-261132.aspx
52,4419,14724/TB-TCHQ,2014,https://thuvienphapluat.vn/van-ban/Xuat-nhap-khau/Thong-bao-14724-TB-TCHQ-nam-2014-ket-qua-xac-dinh-truoc-ma-so-Che-pham-lam-sach-be-mat-kim-loai-260491.aspx
52,4420,14678/TB-TCHQ,2014,https://thuvienphapluat.vn/van-ban/Xuat-nhap-khau/Thong-bao-14678-TB-TCHQ-2014-phan-loai-hang-hoa-xuat-nhap-khau-Chat-hoan-tat-Laucol-STP-special-Conc-nganh-nhuom-261124.aspx
52,4421,14707/TB-TCHQ,2014,https://thuvienphapluat.vn/van-ban/Xuat-nhap-khau/Thong-bao-14707-TB-TCHQ-2014-ket-qua-phan-loai-Thep-hop-kim-Bo-xuat-nhap-khau-260710.aspx
52,4422,14720/TB-TCHQ,2014,https://thuvienphapluat.vn/van-ban/Xuat-nhap-khau/Thong-bao-14720-TB-TCHQ-nam-2014-ket-qua-xac-dinh-truoc-ma-so-Che-pham-chong-gi-co-dau-boi-tron-260482.aspx
52,4423,14696/TB-TCHQ,2014,https://thuvienphapluat.vn/van-ban/Xuat-nhap-khau/Thong-bao-14696-TB-TCHQ-nam-2014-phan-loai-hang-hoa-xuat-nhap-khau-Chat-mau-phan-tan-san-xuat-son-260700.aspx
52,4424,14691/TB-TCHQ,2014,https://thuvienphapluat.vn/van-ban/Xuat-nhap-khau/Thong-bao-14691-TB-TCHQ-nam-2014-phan-loai-hang-hoa-xuat-nhap-khau-Caustic-Soda-Liquid-48-min-261121.aspx
53,4425,14688/TB-TCHQ,2014,https://thuvienphapluat.vn/van-ban/Xuat-nhap-khau/Thong-bao-14688-TB-TCHQ-2014-ket-qua-phan-loai-Ti-Pure-2014-%23-Ti-Pure-Che-pham-tu-dioxit-titan-xuat-nhap-khau-261119.aspx
53,4426,14692/TB-TCHQ,2014,https://thuvienphapluat.vn/van-ban/Xuat-nhap-khau/Thong-bao-14692-TB-TCHQ-nam-2014-phan-loai-hang-hoa-xuat-nhap-khau-chat-nhuom-da-261122.aspx
53,4427,14753/TB-TCHQ,2014,https://thuvienphapluat.vn/van-ban/Xuat-nhap-khau/Thong-bao-14753-TB-TCHQ-nam-2014-phan-loai-hang-hoa-xuat-nhap-khau-Hon-hop-chat-huu-co-san-xuat-my-pham-261036.aspx
53,4429,14762/TB-TCHQ,2014,https://thuvienphapluat.vn/van-ban/Xuat-nhap-khau/Thong-bao-14762-TB-TCHQ-2014-ket-qua-xac-dinh-truoc-ma-so-doi-voi-Induslube-2032-260507.aspx
53,4430,14759/TB-TCHQ,2014,https://thuvienphapluat.vn/van-ban/Xuat-nhap-khau/Thong-bao-14759-TB-TCHQ-2014-ket-qua-xac-dinh-truoc-ma-so-doi-voi-Center-Oil-F-281-260500.aspx
53,4431,14761/TB-TCHQ,2014,https://thuvienphapluat.vn/van-ban/Xuat-nhap-khau/Thong-bao-14761-TB-TCHQ-nam-2014-ket-qua-xac-dinh-truoc-ma-so-Dau-boi-tron-260502.aspx
53,4432,14758/TB-TCHQ,2014,https://thuvienphapluat.vn/van-ban/Xuat-nhap-khau/Thong-bao-14758-TB-TCHQ-2014-ket-qua-xac-dinh-truoc-ma-so-doi-voi-Center-Cool-EM-306-260499.aspx
53,4433,14745/TB-TCHQ,2014,https://thuvienphapluat.vn/van-ban/Xuat-nhap-khau/Thong-bao-14745-TB-TCHQ-nam-2014-phan-loai-hang-hoa-xuat-nhap-khau-Polyacrylate-nguyen-sinh-dang-long-260487.aspx
53,4435,14697/TB-TCHQ,2014,https://thuvienphapluat.vn/van-ban/Xuat-nhap-khau/Thong-bao-14697-TB-TCHQ-nam-2014-phan-loai-hang-hoa-xuat-nhap-khau-Hoa-chat-trong-xay-dung-Neopentilglycol-260701.aspx
53,4436,14706/TB-TCHQ,2014,https://thuvienphapluat.vn/van-ban/Xuat-nhap-khau/Thong-bao-14706-TB-TCHQ-2014-ket-qua-phan-loai-Thep-khong-gi-can-nong-dang-cuon-sus-304-xuat-nhap-khau-260709.aspx
53,4437,14718/TB-TCHQ,2014,https://thuvienphapluat.vn/van-ban/Xuat-nhap-khau/Thong-bao-14718-TB-TCHQ-2014-ket-qua-xac-dinh-truoc-ma-so-doi-voi-RAKUTORERU-260714.aspx
53,4438,14719/TB-TCHQ,2014,https://thuvienphapluat.vn/van-ban/Xuat-nhap-khau/Thong-bao-14719-TB-TCHQ-2014-ket-qua-xac-dinh-truoc-ma-so-doi-voi-LEGATO-260715.aspx
53,4439,14760/TB-TCHQ,2014,https://thuvienphapluat.vn/van-ban/Xuat-nhap-khau/Thong-bao-14760-TB-TCHQ-2014-ket-qua-xac-dinh-truoc-ma-so-Center-Oil-B-106-260501.aspx
53,4440,14763/TB-TCHQ,2014,https://thuvienphapluat.vn/van-ban/Xuat-nhap-khau/Thong-bao-14763-TB-TCHQ-2014-ket-qua-xac-dinh-truoc-ma-so-doi-voi-Induslube-2068-260508.aspx
53,4441,14746/TB-TCHQ,2014,https://thuvienphapluat.vn/van-ban/Xuat-nhap-khau/Thong-bao-14746-TB-TCHQ-nam-2014-phan-loai-hang-hoa-xuat-nhap-khau-Che-pham-lam-sach-hoat-dong-be-mat-260503.aspx
53,4443,14698/TB-TCHQ,2014,https://thuvienphapluat.vn/van-ban/Xuat-nhap-khau/Thong-bao-14698-TB-TCHQ-2014-phan-loai-hang-hoa-xuat-nhap-khau-nguyen-lieu-Vai-soi-tong-hop-san-xuat-lot-mui-giay-260702.aspx
53,4444,14489/TB-TCHQ,2014,https://thuvienphapluat.vn/van-ban/Xuat-nhap-khau/Thong-bao-14489-TB-TCHQ-nam-2014-phan-loai-hang-hoa-xuat-nhap-khau-Vai-det-kim-moc-260481.aspx
53,4445,14475/TB-TCHQ,2014,https://thuvienphapluat.vn/van-ban/Xuat-nhap-khau/Thong-bao-14475-TB-TCHQ-nam-2014-phan-loai-hang-hoa-xuat-nhap-khau-Chat-tro-loc-xu-ly-nuoc-thai-cong-nghiep-260480.aspx
53,4446,14367/TB-TCHQ,2014,https://thuvienphapluat.vn/van-ban/Xuat-nhap-khau/Thong-bao-14367-TB-TCHQ-nam-2014-phan-loai-hang-hoa-xuat-nhap-khau-Polybutylen-terephthalate-259666.aspx
53,4447,14370/TB-TCHQ,2014,https://thuvienphapluat.vn/van-ban/Xuat-nhap-khau/Thong-bao-14370-TB-TCHQ-nam-2014-phan-loai-hang-hoa-xuat-nhap-khau-Nhua-maleic-259667.aspx
53,4448,14366/TB-TCHQ,2014,https://thuvienphapluat.vn/van-ban/Xuat-nhap-khau/Thong-bao-14366-TB-TCHQ-nam-2014-phan-loai-hang-hoa-xuat-nhap-khau-Dexibuprofen-san-xuat-thuoc-259665.aspx
53,4449,14360/TB-TCHQ,2014,https://thuvienphapluat.vn/van-ban/Xuat-nhap-khau/Thong-bao-14360-TB-TCHQ-nam-2014-phan-loai-Hon-hop-chat-thom-dung-trong-cong-nghiep-259676.aspx
53,4450,14391/TB-TCHQ,2014,https://thuvienphapluat.vn/van-ban/Xuat-nhap-khau/Thong-bao-14391-TB-TCHQ-nam-2014-phan-loai-Luoi-thuy-tinh-det-bang-soi-cat-hat-tron-mau-vang-259657.aspx
53,4451,14361/TB-TCHQ,2014,https://thuvienphapluat.vn/van-ban/Xuat-nhap-khau/Thong-bao-14361-TB-TCHQ-nam-2014-phan-loai-hang-hoa-xuat-nhap-khau-Thep-hop-kim-dang-thanh-que-259654.aspx
53,4452,14363/TB-TCHQ,2014,https://thuvienphapluat.vn/van-ban/Xuat-nhap-khau/Thong-bao-14363-TB-TCHQ-2014-ket-qua-phan-loai-hang-xuat-nhap-khau-Che-pham-chong-o-xi-hoa-259662.aspx
54,4453,14392/TB-TCHQ,2014,https://thuvienphapluat.vn/van-ban/Xuat-nhap-khau/Thong-bao-14392-TB-TCHQ-nam-2014-phan-loai-hang-hoa-xuat-nhap-khau-Chiet-xuat-mach-nha-dang-long-259668.aspx
54,4454,14371/TB-TCHQ,2014,https://thuvienphapluat.vn/van-ban/Xuat-nhap-khau/Thong-bao-14371-TB-TCHQ-nam-2014-phan-loai-Che-pham-hoa-hoc-nganh-cong-nghiep-hoa-chat-259656.aspx
54,4455,14359/TB-TCHQ,2014,https://thuvienphapluat.vn/van-ban/Xuat-nhap-khau/Thong-bao-14359-TB-TCHQ-2014-ket-qua-phan-loai-doi-voi-hang-hoa-xuat-nhap-khau-thuoc-mau-259661.aspx
54,4456,14369/TB-TCHQ,2014,https://thuvienphapluat.vn/van-ban/Xuat-nhap-khau/Thong-bao-14369-TB-TCHQ-nam-2014-phan-loai-Gel-dung-tren-da-Dao-hong-don-serum-259655.aspx
54,4457,14356/TB-TCHQ,2014,https://thuvienphapluat.vn/van-ban/Xuat-nhap-khau/Thong-bao-14356-TB-TCHQ-nam-2014-phan-loai-hang-hoa-xuat-nhap-khau-Che-pham-lam-sach-khac-259673.aspx
54,4458,14389/TB-TCHQ,2014,https://thuvienphapluat.vn/van-ban/Xuat-nhap-khau/Thong-bao-14389-TB-TCHQ-nam-2014-phan-loai-hang-hoa-xuat-nhap-khau-Mangnesium-Chloride-259680.aspx
54,4459,14362/TB-TCHQ,2014,https://thuvienphapluat.vn/van-ban/Xuat-nhap-khau/Thong-bao-14362-TB-TCHQ-nam-2014-phan-loai-Thep-hinh-chu-H-can-nong-hop-kim-259677.aspx
54,4460,14364/TB-TCHQ,2014,https://thuvienphapluat.vn/van-ban/Xuat-nhap-khau/Thong-bao-14364-TB-TCHQ-2014-ket-qua-phan-loai-doi-voi-hang-hoa-xuat-nhap-khau-Chat-xu-ly-259663.aspx
54,4461,14393/TB-TCHQ,2014,https://thuvienphapluat.vn/van-ban/Xuat-nhap-khau/Thong-bao-14393-TB-TCHQ-nam-2014-phan-loai-xuat-nhap-khau-Hon-hop-nhan-mut-259658.aspx
54,4463,14357/TB-TCHQ,2014,https://thuvienphapluat.vn/van-ban/Xuat-nhap-khau/Thong-bao-14357-TB-TCHQ-nam-2014-phan-loai-hang-hoa-xuat-nhap-khau-Chat-phu-gia-Calciumcarbonate-TC-1015-259674.aspx
54,4464,14358/TB-TCHQ,2014,https://thuvienphapluat.vn/van-ban/Xuat-nhap-khau/Thong-bao-14358-TB-TCHQ-nam-2014-phan-loai-Hon-hop-dung-moi-huu-co-trong-cong-nghiep-dien-tu-259675.aspx
54,4465,14390/TB-TCHQ,2014,https://thuvienphapluat.vn/van-ban/Xuat-nhap-khau/Thong-bao-14390-TB-TCHQ-nam-2014-phan-loai-hang-hoa-xuat-nhap-khau-thuoc-mau-Colour-Base-VN81235-259681.aspx
54,4466,14365/TB-TCHQ,2014,https://thuvienphapluat.vn/van-ban/Xuat-nhap-khau/Thong-bao-14365-TB-TCHQ-nam-2014-phan-loai-hang-hoa-xuat-nhap-khau-Chat-xu-ly-dung-dich-polymer-259664.aspx
54,4467,14372/TB-TCHQ,2014,https://thuvienphapluat.vn/van-ban/Xuat-nhap-khau/Thong-bao-14372-TB-TCHQ-nam-2014-phan-loai-Giay-cuon-dinh-luong-san-xuat-bao-bi-carton-259678.aspx
54,4468,14291/TB-TCHQ,2014,https://thuvienphapluat.vn/van-ban/Xuat-nhap-khau/Thong-bao-14291-TB-TCHQ-2014-phan-loai-hang-hoa-xuat-nhap-khau-Thuoc-tru-con-trung-san-xuat-nhang-muoi-259653.aspx
54,4470,14297/TB-TCHQ,2014,https://thuvienphapluat.vn/van-ban/Xuat-nhap-khau/Thong-bao-14297-TB-TCHQ-nam-2014-phan-loai-hang-hoa-xuat-nhap-khau-CF700RW-san-xuat-son-cong-nghiep-259634.aspx
54,4471,14288/TB-TCHQ,2014,https://thuvienphapluat.vn/van-ban/Xuat-nhap-khau/Thong-bao-14288-TB-TCHQ-nam-2014-phan-loai-Aliette-800WG-Thuoc-diet-nam-259645.aspx
54,4472,14289/TB-TCHQ,2014,https://thuvienphapluat.vn/van-ban/Xuat-nhap-khau/Thong-bao-14289-TB-TCHQ-nam-2014-phan-loai-hang-hoa-xuat-nhap-khau-Thep-tam-dang-cuon-259652.aspx
54,4473,14292/TB-TCHQ,2014,https://thuvienphapluat.vn/van-ban/Xuat-nhap-khau/Thong-bao-14292-TB-TCHQ-nam-2014-phan-loai-Giay-tham-dau-cat-chu-cho-may-dap-ky-tu-so-259647.aspx
54,4474,14334/TB-TCHQ,2014,https://thuvienphapluat.vn/van-ban/Xuat-nhap-khau/Thong-bao-14334-TB-TCHQ-nam-2014-phan-loai-Giay-da-trang-dang-cuon-259637.aspx
54,4475,14294/TB-TCHQ,2014,https://thuvienphapluat.vn/van-ban/Xuat-nhap-khau/Thong-bao-14294-TB-TCHQ-nam-2014-phan-loai-Giay-dang-cuon-38G-m2-san-xuat-tem-nhan-259649.aspx
54,4476,14355/TB-TCHQ,2014,https://thuvienphapluat.vn/van-ban/Xuat-nhap-khau/Thong-bao-14355-TB-TCHQ-nam-2014-phan-loai-xuat-nhap-khau-Tam-lot-tran-nha-259638.aspx
54,4477,14293/TB-TCHQ,2014,https://thuvienphapluat.vn/van-ban/Xuat-nhap-khau/Thong-bao-14293-TB-TCHQ-nam-2014-phan-loai-LTR-Low-Fat-Milk-Carton-P2-Giay-phuc-hop-259648.aspx
54,4478,14299/TB-TCHQ,2014,https://thuvienphapluat.vn/van-ban/Xuat-nhap-khau/Thong-bao-14299-TB-TCHQ-nam-2014-phan-loai-hang-hoa-xuat-nhap-khau-Luu-huynh-san-xuat-chat-tay-rua-259636.aspx
54,4479,14295/TB-TCHQ,2014,https://thuvienphapluat.vn/van-ban/Xuat-nhap-khau/Thong-bao-14295-TB-TCHQ-nam-2014-phan-loai-hang-hoa-xuat-nhap-khau-Phu-gia-pha-che-dau-boi-tron-259632.aspx
55,4480,14290/TB-TCHQ,2014,https://thuvienphapluat.vn/van-ban/Xuat-nhap-khau/Thong-bao-14290-TB-TCHQ-nam-2014-phan-loai-Che-pham-tay-rua-lam-sach-be-mat-kim-loai-M-100-259646.aspx
55,4481,14296/TB-TCHQ,2014,https://thuvienphapluat.vn/van-ban/Xuat-nhap-khau/Thong-bao-14296-TB-TCHQ-nam-2014-phan-loai-hang-hoa-xuat-nhap-khau-Che-pham-hoa-hoc-san-xuat-son-259633.aspx
55,4482,14112/TB-TCHQ,2014,https://thuvienphapluat.vn/van-ban/Xuat-nhap-khau/Thong-bao-14112-TB-TCHQ-nam-2014-phan-loai-hang-hoa-xuat-nhap-khau-Gach-chiu-lua-ANCARBON-259297.aspx
55,4483,14118/TB-TCHQ,2014,https://thuvienphapluat.vn/van-ban/Xuat-nhap-khau/Thong-bao-14118-TB-TCHQ-nam-2014-phan-loai-hang-hoa-xuat-nhap-khau-Butanediol-259291.aspx
55,4484,14109/TB-TCHQ,2014,https://thuvienphapluat.vn/van-ban/Xuat-nhap-khau/Thong-bao-14109-TB-TCHQ-2014-ket-qua-phan-loai-Chat-lam-sach-kim-loai-Slag-Catcher-xuat-nhap-khau-259294.aspx
55,4485,14111/TB-TCHQ,2014,https://thuvienphapluat.vn/van-ban/Xuat-nhap-khau/Thong-bao-14111-TB-TCHQ-2014-ket-qua-phan-loai-Bot-zircon-xuat-nhap-khau-259296.aspx
55,4486,14087/TB-TCHQ,2014,https://thuvienphapluat.vn/van-ban/Xuat-nhap-khau/Thong-bao-14087-TB-TCHQ-2014-ket-qua-phan-loai-Nguyen-lieu-thuc-pham-Dam-sua-xuat-nhap-khau-259293.aspx
55,4487,14110/TB-TCHQ,2014,https://thuvienphapluat.vn/van-ban/Xuat-nhap-khau/Thong-bao-14110-TB-TCHQ-nam-2014-phan-loai-hang-hoa-xuat-nhap-khau-Bot-zirconium-duc-kim-loai-259295.aspx
55,4488,14116/TB-TCHQ,2014,https://thuvienphapluat.vn/van-ban/Xuat-nhap-khau/Thong-bao-14116-TB-TCHQ-2014-ket-qua-phan-loai-Phu-gia-cao-su-Preparasion-RA-101-xuat-nhap-khau-259290.aspx
55,4489,14114/TB-TCHQ,2014,https://thuvienphapluat.vn/van-ban/Xuat-nhap-khau/Thong-bao-14114-TB-TCHQ-nam-2014-phan-loai-hang-hoa-xuat-nhap-khau-Chat-lam-uot-be-mat-259299.aspx
55,4490,14113/TB-TCHQ,2014,https://thuvienphapluat.vn/van-ban/Xuat-nhap-khau/Thong-bao-14113-TB-TCHQ-nam-2014-phan-loai-hang-hoa-xuat-nhap-khau-NXL-Nuoc-xu-ly-Loctite-Bondace-233SM-259298.aspx
55,4491,14115/TB-TCHQ,2014,https://thuvienphapluat.vn/van-ban/Xuat-nhap-khau/Thong-bao-14115-TB-TCHQ-2014-phan-loai-hang-hoa-xuat-nhap-khau-Accelerator-HMT-xuc-tien-san-xuat-lop-xe-259300.aspx
55,4492,14117/TB-TCHQ,2014,https://thuvienphapluat.vn/van-ban/Xuat-nhap-khau/Thong-bao-14117-TB-TCHQ-2014-ket-qua-phan-loai-Phu-gia-cao-su-Rubber-Vulcanizing-Agent-S80-xuat-nhap-khau-259301.aspx
55,4493,14086/TB-TCHQ,2014,https://thuvienphapluat.vn/van-ban/Xuat-nhap-khau/Thong-bao-14086-TB-TCHQ-nam-2014-phan-loai-hang-hoa-xuat-nhap-khau-Hoa-chat-phan-tach-nhom-259292.aspx
55,4494,14010/TB-TCHQ,2014,https://thuvienphapluat.vn/van-ban/Xuat-nhap-khau/Thong-bao-14010-TB-TCHQ-nam-2014-phan-loai-hang-hoa-xuat-nhap-khau-Ester-axit-vo-co-san-xuat-son-259283.aspx
55,4495,14011/TB-TCHQ,2014,https://thuvienphapluat.vn/van-ban/Xuat-nhap-khau/Thong-bao-14011-TB-TCHQ-nam-2014-phan-loai-hang-hoa-xuat-nhap-khau-Hop-chat-amino-chuc-oxy-259284.aspx
55,4496,13940/TB-TCHQ,2014,https://thuvienphapluat.vn/van-ban/Xuat-nhap-khau/Thong-bao-13940-TB-TCHQ-nam-2014-phan-loai-hang-hoa-xuat-nhap-khau-Thep-cacbon-mem-dang-tan-259281.aspx
55,4497,13941/TB-TCHQ,2014,https://thuvienphapluat.vn/van-ban/Xuat-nhap-khau/Thong-bao-13941-TB-TCHQ-nam-2014-phan-loai-hang-hoa-xuat-nhap-khau-nguyen-lieu-san-xuat-son-259282.aspx
55,4498,13905/TB-TCHQ,2014,https://thuvienphapluat.vn/van-ban/Xuat-nhap-khau/Thong-bao-13905-TB-TCHQ-2014-ket-qua-phan-loai-Bot-Sino-Crack-Expansive-Mortar-xuat-nhap-khau-259276.aspx
55,4499,13906/TB-TCHQ,2014,https://thuvienphapluat.vn/van-ban/Xuat-nhap-khau/Thong-bao-13906-TB-TCHQ-2014-ket-qua-phan-loai-ong-thuy-tinh-huu-co-trong-suot-xuat-nhap-khau-259277.aspx
55,4500,13907/TB-TCHQ,2014,https://thuvienphapluat.vn/van-ban/Xuat-nhap-khau/Thong-bao-13907-TB-TCHQ-2014-ket-qua-phan-loai-Tetrahydrofuran-xuat-nhap-khau-259278.aspx
55,4501,13909/TB-TCHQ,2014,https://thuvienphapluat.vn/van-ban/Xuat-nhap-khau/Thong-bao-13909-TB-TCHQ-2014-phan-loai-xuat-nhap-khau-Nhua-polyme-vinyl-Mowital-B60H-san-xuat-son-259280.aspx
55,4502,13908/TB-TCHQ,2014,https://thuvienphapluat.vn/van-ban/Xuat-nhap-khau/Thong-bao-13908-TB-TCHQ-2014-ket-qua-phan-loai-Thuoc-dieu-hoa-sinh-truong-cay-trong-xuat-nhap-khau-259279.aspx
55,4503,13857/TB-TCHQ,2014,https://thuvienphapluat.vn/van-ban/Xuat-nhap-khau/Thong-bao-13857-TB-TCHQ-nam-2014-phan-loai-hang-hoa-xuat-nhap-khau-Polyete-dang-nguyen-sinh-258409.aspx
55,4504,13847/TB-TCHQ,2014,https://thuvienphapluat.vn/van-ban/Xuat-nhap-khau/Thong-bao-13847-TB-TCHQ-nam-2014-ket-qua-phan-loai-doi-voi-Calcium-Hydroxide-xuat-nhap-khau-258393.aspx
56,4505,13852/TB-TCHQ,2014,https://thuvienphapluat.vn/van-ban/Xuat-nhap-khau/Thong-bao-13852-TB-TCHQ-2014-ket-qua-phan-loai-Polyisocyanate-nguyen-sinh-dang-long-xuat-nhap-khau-258406.aspx
56,4506,13862/TB-TCHQ,2014,https://thuvienphapluat.vn/van-ban/Xuat-nhap-khau/Thong-bao-13862-TB-TCHQ-nam-2014-phan-loai-hang-hoa-xuat-nhap-khau-Chat-don-mau-Blue-Masterbatch-258413.aspx
56,4507,13859/TB-TCHQ,2014,https://thuvienphapluat.vn/van-ban/Xuat-nhap-khau/Thong-bao-13859-TB-TCHQ-nam-2014-phan-loai-hang-hoa-xuat-nhap-khau-Hat-nhua-san-xuat-may-giat-258411.aspx
56,4508,13860/TB-TCHQ,2014,https://thuvienphapluat.vn/van-ban/Xuat-nhap-khau/Thong-bao-13860-TB-TCHQ-nam-2014-phan-loai-hang-hoa-xuat-nhap-khau-Chat-hoan-tat-giu-do-ben-mau-vai-258412.aspx
56,4509,13849/TB-TCHQ,2014,https://thuvienphapluat.vn/van-ban/Xuat-nhap-khau/Thong-bao-13849-TB-TCHQ-nam-2014-phan-loai-hang-hoa-xuat-nhap-khau-Giay-phu-mang-det-PE-258403.aspx
56,4510,13851/TB-TCHQ,2014,https://thuvienphapluat.vn/van-ban/Xuat-nhap-khau/Thong-bao-13851-TB-TCHQ-2014-ket-qua-phan-loai-Hoa-chat-cong-nghiep-xuat-nhap-khau-258405.aspx
56,4511,13850/TB-TCHQ,2014,https://thuvienphapluat.vn/van-ban/Xuat-nhap-khau/Thong-bao-13850-TB-TCHQ-2014-ket-qua-phan-loai-Thuoc-mau-vo-co-tu-dioxit-titan-xuat-nhap-khau-258404.aspx
56,4512,13858/TB-TCHQ,2014,https://thuvienphapluat.vn/van-ban/Xuat-nhap-khau/Thong-bao-13858-TB-TCHQ-nam-2014-phan-loai-hang-hoa-xuat-nhap-khau-Hat-nhua-258410.aspx
56,4513,13865/TB-TCHQ,2014,https://thuvienphapluat.vn/van-ban/Xuat-nhap-khau/Thong-bao-13865-TB-TCHQ-nam-2014-phan-loai-hang-hoa-xuat-nhap-khau-Dong-xu-bang-dong-258398.aspx
56,4514,13846/TB-TCHQ,2014,https://thuvienphapluat.vn/van-ban/Xuat-nhap-khau/Thong-bao-13846-TB-TCHQ-nam-2014-phan-loai-hang-hoa-xuat-nhap-khau-Bot-nhua-dac-tinh-cao-su-258401.aspx
56,4515,13853/TB-TCHQ,2014,https://thuvienphapluat.vn/van-ban/Xuat-nhap-khau/Thong-bao-13853-TB-TCHQ-2014-ket-qua-phan-loai-Hat-nhua-pc-p-a0183-xuat-nhap-khau-258407.aspx
56,4516,13854/TB-TCHQ,2014,https://thuvienphapluat.vn/van-ban/Xuat-nhap-khau/Thong-bao-13854-TB-TCHQ-nam-2014-phan-loai-hang-hoa-xuat-nhap-khau-Hat-nhua-pbt-258394.aspx
56,4517,13861/TB-TCHQ,2014,https://thuvienphapluat.vn/van-ban/Xuat-nhap-khau/Thong-bao-13861-TB-TCHQ-nam-2014-phan-loai-hang-hoa-xuat-nhap-khau-Chat-phu-tro-cong-nghiep-det-258396.aspx
56,4518,13855/TB-TCHQ,2014,https://thuvienphapluat.vn/van-ban/Xuat-nhap-khau/Thong-bao-13855-TB-TCHQ-2014-ket-qua-phan-loai-Hat-nhua-tpe-0287-xuat-nhap-khau-258408.aspx
56,4519,13864/TB-TCHQ,2014,https://thuvienphapluat.vn/van-ban/Xuat-nhap-khau/Thong-bao-13864-TB-TCHQ-nam-2014-phan-loai-hang-hoa-xuat-nhap-khau-Chat-chong-dinh-258414.aspx
56,4520,13856/TB-TCHQ,2014,https://thuvienphapluat.vn/van-ban/Xuat-nhap-khau/Thong-bao-13856-TB-TCHQ-nam-2014-phan-loai-hang-hoa-xuat-nhap-khau-Da-duc-xay-dung-258395.aspx
56,4521,13863/TB-TCHQ,2014,https://thuvienphapluat.vn/van-ban/Xuat-nhap-khau/Thong-bao-13863-TB-TCHQ-nam-2014-phan-loai-hang-hoa-xuat-nhap-khau-Thuoc-mau-san-xuat-muc-in-258397.aspx
56,4522,13848/TB-TCHQ,2014,https://thuvienphapluat.vn/van-ban/Xuat-nhap-khau/Thong-bao-13848-TB-TCHQ-2014-ket-qua-phan-loai-Giay-trang-phu-mang-det-PE-xuat-nhap-khau-258402.aspx
56,4523,13818/TB-TCHQ,2014,https://thuvienphapluat.vn/van-ban/Xuat-nhap-khau/Thong-bao-13818-TB-TCHQ-2014-ket-qua-phan-loai-Che-pham-hoa-hoc-cong-nghiep-hoa-chat-xuat-nhap-khau-258392.aspx
56,4524,13776/TB-TCHQ,2014,https://thuvienphapluat.vn/van-ban/Xuat-nhap-khau/Thong-bao-13776-TB-TCHQ-2014-ket-qua-phan-loai-Chat-tham-uot-dang-anion-dang-long-san-xuat-son-xuat-nhap-khau-258375.aspx
56,4525,13785/TB-TCHQ,2014,https://thuvienphapluat.vn/van-ban/Xuat-nhap-khau/Thong-bao-13785-TB-TCHQ-nam-2014-phan-loai-hang-hoa-xuat-nhap-khau-Kep-bang-thep-258388.aspx
56,4526,13779/TB-TCHQ,2014,https://thuvienphapluat.vn/van-ban/Xuat-nhap-khau/Thong-bao-13779-TB-TCHQ-2014-ket-qua-phan-loai-Nhua-alkyd-nguyen-sinh-dang-long-san-xuat-son-xuat-nhap-khau-258378.aspx
56,4527,13774/TB-TCHQ,2014,https://thuvienphapluat.vn/van-ban/Xuat-nhap-khau/Thong-bao-13774-TB-TCHQ-2014-ket-qua-phan-loai-Chat-mau-dung-trong-cong-nghiep-san-xuat-son-xuat-nhap-khau-258374.aspx
56,4528,13783/TB-TCHQ,2014,https://thuvienphapluat.vn/van-ban/Xuat-nhap-khau/Thong-bao-13783-TB-TCHQ-2014-ket-qua-phan-loai-Hop-chat-polymeric-isocyanate-nguyen-sinh-xuat-nhap-khau-258380.aspx
56,4529,13772/TB-TCHQ,2014,https://thuvienphapluat.vn/van-ban/Xuat-nhap-khau/Thong-bao-13772-TB-TCHQ-2014-ket-qua-phan-loai-Chat-mau-san-xuat-son-Crome-Yellow-400GH-xuat-nhap-khau-258391.aspx
57,4530,13775/TB-TCHQ,2014,https://thuvienphapluat.vn/van-ban/Xuat-nhap-khau/Thong-bao-13775-TB-TCHQ-2014-ket-qua-phan-loai-Che-pham-mau-vo-co-tu-hop-chat-crom-xuat-nhap-khau-258384.aspx
57,4531,13781/TB-TCHQ,2014,https://thuvienphapluat.vn/van-ban/Xuat-nhap-khau/Thong-bao-13781-TB-TCHQ-2014-ket-qua-phan-loai-Hat-nhua-EVA-7360M-xuat-nhap-khau-258379.aspx
57,4532,13784/TB-TCHQ,2014,https://thuvienphapluat.vn/van-ban/Xuat-nhap-khau/Thong-bao-13784-TB-TCHQ-nam-2014-phan-loai-hang-hoa-xuat-nhap-khau-Nhua-Millionate-MR-200-258387.aspx
57,4533,13777/TB-TCHQ,2014,https://thuvienphapluat.vn/van-ban/Xuat-nhap-khau/Thong-bao-13777-TB-TCHQ-2014-ket-qua-phan-loai-Methyl-ethyl-keton-san-xuat-son-xuat-nhap-khau-258376.aspx
57,4534,13780/TB-TCHQ,2014,https://thuvienphapluat.vn/van-ban/Xuat-nhap-khau/Thong-bao-13780-TB-TCHQ-nam-2014-phan-loai-hang-hoa-xuat-nhap-khau-Nhua-alkyd-san-xuat-son-258385.aspx
57,4535,13773/TB-TCHQ,2014,https://thuvienphapluat.vn/van-ban/Xuat-nhap-khau/Thong-bao-13773-TB-TCHQ-2014-ket-qua-phan-loai-Chat-mau-san-xuat-son-Heliogen-Green-xuat-nhap-khau-258383.aspx
57,4536,13782/TB-TCHQ,2014,https://thuvienphapluat.vn/van-ban/Xuat-nhap-khau/Thong-bao-13782-TB-TCHQ-nam-2014-phan-loai-hang-hoa-xuat-nhap-khau-Dung-dich-Millionate-MR-2-258386.aspx
57,4537,13797/TB-TCHQ,2014,https://thuvienphapluat.vn/van-ban/Xuat-nhap-khau/Thong-bao-13797-TB-TCHQ-nam-2014-phan-loai-hang-hoa-xuat-nhap-khau-Hon-hop-chat-thom-258390.aspx
57,4538,13778/TB-TCHQ,2014,https://thuvienphapluat.vn/van-ban/Xuat-nhap-khau/Thong-bao-13778-TB-TCHQ-2014-ket-qua-phan-loai-Nhua-alkyd-nguyen-sinh-dang-long-san-xuat-son-xuat-nhap-khau-258377.aspx
57,4539,13786/TB-TCHQ,2014,https://thuvienphapluat.vn/van-ban/Xuat-nhap-khau/Thong-bao-13786-TB-TCHQ-nam-2014-phan-loai-hang-hoa-xuat-nhap-khau-Hon-hop-hydrocacbon-thom-258389.aspx
57,4540,13693/TB-TCHQ,2014,https://thuvienphapluat.vn/van-ban/Xuat-nhap-khau/Thong-bao-13693-TB-TCHQ-nam-2014-phan-loai-hang-hoa-xuat-nhap-khau-Titan-oxit-nganh-son-258491.aspx
57,4542,13722/TB-TCHQ,2014,https://thuvienphapluat.vn/van-ban/Xuat-nhap-khau/Thong-bao-13722-TB-TCHQ-2014-ket-qua-phan-loai-Gel-lam-sach-nhe-nhang-giup-ngan-ngua-mun-trung-ca-xuat-nhap-khau-258470.aspx
57,4544,13679/TB-TCHQ,2014,https://thuvienphapluat.vn/van-ban/Xuat-nhap-khau/Thong-bao-13679-TB-TCHQ-2014-ket-qua-phan-loai-Nhom-hop-kim-can-phang-xuat-nhap-khau-258361.aspx
57,4546,13719/TB-TCHQ,2014,https://thuvienphapluat.vn/van-ban/Xuat-nhap-khau/Thong-bao-13719-TB-TCHQ-nam-2014-phan-loai-hang-hoa-xuat-nhap-khau-Chat-hoan-tat-da-ZS6680-258467.aspx
57,4548,13704/TB-TCHQ,2014,https://thuvienphapluat.vn/van-ban/Xuat-nhap-khau/Thong-bao-13704-TB-TCHQ-2014-ket-qua-phan-loai-Che-pham-chua-dau-Silicon-xuat-nhap-khau-258454.aspx
57,4550,13730/TB-TCHQ,2014,https://thuvienphapluat.vn/van-ban/Xuat-nhap-khau/Thong-bao-13730-TB-TCHQ-2014-ket-qua-phan-loai-Bot-tinh-luyen-thep-xuat-nhap-khau-258478.aspx
57,4552,13690/TB-TCHQ,2014,https://thuvienphapluat.vn/van-ban/Xuat-nhap-khau/Thong-bao-13690-TB-TCHQ-2014-ket-qua-phan-loai-Hop-chat-solid-acid-calcium-chloride-xuat-nhap-khau-258484.aspx
57,4554,13691/TB-TCHQ,2014,https://thuvienphapluat.vn/van-ban/Xuat-nhap-khau/Thong-bao-13691-TB-TCHQ-2014-ket-qua-phan-loai-Nhua-deo-dung-trong-nganh-son-NC-FW-200-xuat-nhap-khau-258489.aspx
57,4556,13728/TB-TCHQ,2014,https://thuvienphapluat.vn/van-ban/Xuat-nhap-khau/Thong-bao-13728-TB-TCHQ-2014-phan-loai-hang-hoa-xuat-nhap-khau-Orange-Oxide-C21-Chat-mau-khac-258476.aspx
57,4558,13677/TB-TCHQ,2014,https://thuvienphapluat.vn/van-ban/Xuat-nhap-khau/Thong-bao-13677-TB-TCHQ-2014-ket-qua-phan-loai-Ong-thep-khong-hop-kim-xuat-nhap-khau-258359.aspx
57,4560,13685/TB-TCHQ,2014,https://thuvienphapluat.vn/van-ban/Xuat-nhap-khau/Thong-bao-13685-TB-TCHQ-2014-ket-qua-phan-loai-Thuoc-mau-SW-L-Green-B-901V-xuat-nhap-khau-258479.aspx
57,4562,13689/TB-TCHQ,2014,https://thuvienphapluat.vn/van-ban/Xuat-nhap-khau/Thong-bao-13689-TB-TCHQ-2014-ket-qua-phan-loai-Che-pham-xuc-tac-phan-ung-nhua-Polyurethane-xuat-nhap-khau-258483.aspx
57,4564,13707/TB-TCHQ,2014,https://thuvienphapluat.vn/van-ban/Xuat-nhap-khau/Thong-bao-13707-TB-TCHQ-2014-ket-qua-phan-loai-Natrisilicat-xuat-nhap-khau-258457.aspx
57,4566,13716/TB-TCHQ,2014,https://thuvienphapluat.vn/van-ban/Xuat-nhap-khau/Thong-bao-13716-TB-TCHQ-nam-2014-phan-loai-hang-hoa-xuat-nhap-khau-Chat-BJ-Ultra-phu-gia-xi-mang-258464.aspx
57,4568,13700/TB-TCHQ,2014,https://thuvienphapluat.vn/van-ban/Xuat-nhap-khau/Thong-bao-13700-TB-TCHQ-2014-ket-qua-phan-loai-Disparlon-4200-20-xuat-nhap-khau-258450.aspx
58,4570,13713/TB-TCHQ,2014,https://thuvienphapluat.vn/van-ban/Xuat-nhap-khau/Thong-bao-13713-TB-TCHQ-2014-ket-qua-phan-loai-Da-tran-chau-xuat-nhap-khau-258431.aspx
58,4572,13711/TB-TCHQ,2014,https://thuvienphapluat.vn/van-ban/Xuat-nhap-khau/Thong-bao-13711-TB-TCHQ-nam-2014-phan-loai-hang-hoa-xuat-nhap-khau-Magienesium-oxy-hoa-bot-magie-oxit-258429.aspx
58,4574,13727/TB-TCHQ,2014,https://thuvienphapluat.vn/van-ban/Xuat-nhap-khau/Thong-bao-13727-TB-TCHQ-2014-phan-loai-hang-hoa-xuat-nhap-khau-Red-oxide-C17-Chat-mau-khac-258475.aspx
58,4576,13731/TB-TCHQ,2014,https://thuvienphapluat.vn/van-ban/Xuat-nhap-khau/Thong-bao-13731-TB-TCHQ-nam-2014-phan-loai-hang-hoa-xuat-nhap-khau-Cat-nhom-oxy-hoa-258469.aspx
58,4578,13684/TB-TCHQ,2014,https://thuvienphapluat.vn/van-ban/Xuat-nhap-khau/Thong-bao-13684-TB-TCHQ-nam-2014-phan-loai-hang-hoa-xuat-nhap-khau-Thuoc-mau-258463.aspx
58,4580,13724/TB-TCHQ,2014,https://thuvienphapluat.vn/van-ban/Xuat-nhap-khau/Thong-bao-13724-TB-TCHQ-2014-ket-qua-phan-loai-Chat-xuc-tien-luu-hoa-cao-su-da-dieu-che-ETU-xuat-nhap-khau-258472.aspx
58,4582,13725/TB-TCHQ,2014,https://thuvienphapluat.vn/van-ban/Xuat-nhap-khau/Thong-bao-13725-TB-TCHQ-2014-ket-qua-phan-loai-Che-pham-xuc-tac-F40SR-xuat-nhap-khau-258473.aspx
58,4584,13695/TB-TCHQ,2014,https://thuvienphapluat.vn/van-ban/Xuat-nhap-khau/Thong-bao-13695-TB-TCHQ-nam-2014-phan-loai-hang-hoa-xuat-nhap-khau-Hop-kim-dong-kem-258493.aspx
58,4586,13712/TB-TCHQ,2014,https://thuvienphapluat.vn/van-ban/Xuat-nhap-khau/Thong-bao-13712-TB-TCHQ-2014-ket-qua-phan-loai-Dat-chiu-lua-xuat-nhap-khau-258430.aspx
58,4588,13709/TB-TCHQ,2014,https://thuvienphapluat.vn/van-ban/Xuat-nhap-khau/Thong-bao-13709-TB-TCHQ-2014-ket-qua-phan-loai-Da-tran-chau-xuat-nhap-khau-258459.aspx
58,4590,13717/TB-TCHQ,2014,https://thuvienphapluat.vn/van-ban/Xuat-nhap-khau/Thong-bao-13717-TB-TCHQ-nam-2014-phan-loai-hang-hoa-xuat-nhap-khau-Sap-danh-bong-da-RC6700-258465.aspx
58,4592,13715/TB-TCHQ,2014,https://thuvienphapluat.vn/van-ban/Xuat-nhap-khau/Thong-bao-13715-TB-TCHQ-2014-ket-qua-phan-loai-Chat-phu-gia-xi-mang-BA-58L-xuat-nhap-khau-258433.aspx
58,4594,13723/TB-TCHQ,2014,https://thuvienphapluat.vn/van-ban/Xuat-nhap-khau/Thong-bao-13723-TB-TCHQ-2014-ket-qua-phan-loai-Chat-xuc-tien-luu-hoa-cao-su-da-dieu-che-D-xuat-nhap-khau-258471.aspx
58,4596,13675/TB-TCHQ,2014,https://thuvienphapluat.vn/van-ban/Xuat-nhap-khau/Thong-bao-13675-TB-TCHQ-2014-ket-qua-phan-loai-Thep-cuon-can-nguoi-xuat-nhap-khau-258357.aspx
58,4598,13726/TB-TCHQ,2014,https://thuvienphapluat.vn/van-ban/Xuat-nhap-khau/Thong-bao-13726-TB-TCHQ-nam-2014-phan-loai-hang-hoa-xuat-nhap-khau-Red-oxide-C17-Chat-mau-khac-258474.aspx
58,4600,13697/TB-TCHQ,2014,https://thuvienphapluat.vn/van-ban/Xuat-nhap-khau/Thong-bao-13697-TB-TCHQ-2014-ket-qua-phan-loai-Lionogen-Violet-FG-6143G-Thuoc-mau-huu-co-xuat-nhap-khau-258486.aspx
58,4602,13698/TB-TCHQ,2014,https://thuvienphapluat.vn/van-ban/Xuat-nhap-khau/Thong-bao-13698-TB-TCHQ-2014-ket-qua-phan-loai-Aqurys-Ts-11-Polymer-Acrylic-NVL-san-xuat-muc-in-xuat-nhap-khau-258487.aspx
58,4604,13692/TB-TCHQ,2014,https://thuvienphapluat.vn/van-ban/Xuat-nhap-khau/Thong-bao-13692-TB-TCHQ-nam-2014-phan-loai-hang-hoa-xuat-nhap-khau-Bot-silic-dioxit-san-xuat-son-258490.aspx
58,4606,13676/TB-TCHQ,2014,https://thuvienphapluat.vn/van-ban/Xuat-nhap-khau/Thong-bao-13676-TB-TCHQ-2014-ket-qua-phan-loai-Vai-det-thoi-co-chua-soi-dan-hoi-xuat-nhap-khau-258358.aspx
58,4608,13678/TB-TCHQ,2014,https://thuvienphapluat.vn/van-ban/Xuat-nhap-khau/Thong-bao-13678-TB-TCHQ-2014-ket-qua-phan-loai-Thep-khong-hop-kim-xuat-nhap-khau-258360.aspx
58,4610,13680/TB-TCHQ,2014,https://thuvienphapluat.vn/van-ban/Xuat-nhap-khau/Thong-bao-13680-TB-TCHQ-2014-ket-qua-phan-loai-Thuoc-mau-SU-Red-E-6BV-xuat-nhap-khau-258362.aspx
58,4612,13720/TB-TCHQ,2014,https://thuvienphapluat.vn/van-ban/Xuat-nhap-khau/Thong-bao-13720-TB-TCHQ-nam-2014-phan-loai-hang-hoa-xuat-nhap-khau-dung-moi-huu-co-Nuoc-xu-ly-311FT6-258468.aspx
58,4614,13699/TB-TCHQ,2014,https://thuvienphapluat.vn/van-ban/Xuat-nhap-khau/Thong-bao-13699-TB-TCHQ-2014-ket-qua-phan-loai-Afcona-4201-Nhua-polyurethan-xuat-nhap-khau-258488.aspx
58,4616,13729/TB-TCHQ,2014,https://thuvienphapluat.vn/van-ban/Xuat-nhap-khau/Thong-bao-13729-TB-TCHQ-nam-2014-phan-loai-hang-hoa-xuat-nhap-khau-Corundum-nhan-tao-cat-kim-cuong-258477.aspx
58,4618,13687/TB-TCHQ,2014,https://thuvienphapluat.vn/van-ban/Xuat-nhap-khau/Thong-bao-13687-TB-TCHQ-2014-ket-qua-phan-loai-Thuoc-mau-SU-Violet-1001V-xuat-nhap-khau-258481.aspx
59,4620,13706/TB-TCHQ,2014,https://thuvienphapluat.vn/van-ban/Xuat-nhap-khau/Thong-bao-13706-TB-TCHQ-2014-ket-qua-phan-loai-Natri-silicat-xuat-nhap-khau-258456.aspx
59,4622,13694/TB-TCHQ,2014,https://thuvienphapluat.vn/van-ban/Xuat-nhap-khau/Thong-bao-13694-TB-TCHQ-nam-2014-phan-loai-hang-hoa-xuat-nhap-khau-My-pham-lam-sach-da-258492.aspx
59,4624,13686/TB-TCHQ,2014,https://thuvienphapluat.vn/van-ban/Xuat-nhap-khau/Thong-bao-13686-TB-TCHQ-2014-ket-qua-phan-loai-Thuoc-mau-SU-Violet-109V-xuat-nhap-khau-258480.aspx
59,4626,13718/TB-TCHQ,2014,https://thuvienphapluat.vn/van-ban/Xuat-nhap-khau/Thong-bao-13718-TB-TCHQ-nam-2014-phan-loai-hang-hoa-xuat-nhap-khau-Chat-lam-sach-da-TR1100-258466.aspx
59,4628,13682/TB-TCHQ,2014,https://thuvienphapluat.vn/van-ban/Xuat-nhap-khau/Thong-bao-13682-TB-TCHQ-nam-2014-phan-loai-hang-hoa-xuat-nhap-khau-Thuoc-mau-SW-White-3613V-258461.aspx
59,4630,13683/TB-TCHQ,2014,https://thuvienphapluat.vn/van-ban/Xuat-nhap-khau/Thong-bao-13683-TB-TCHQ-nam-2014-phan-loai-hang-hoa-xuat-nhap-khau-Thuoc-mau-Yellow-1131V-258462.aspx
59,4632,13710/TB-TCHQ,2014,https://thuvienphapluat.vn/van-ban/Xuat-nhap-khau/Thong-bao-13710-TB-TCHQ-nam-2014-phan-loai-hang-hoa-xuat-nhap-khau-Magienesium-oxy-hoa-258460.aspx
59,4634,13721/TB-TCHQ,2014,https://thuvienphapluat.vn/van-ban/Xuat-nhap-khau/Thong-bao-13721-TB-TCHQ-nam-2014-phan-loai-hang-hoa-xuat-nhap-khau-Nuoc-xu-ly-258435.aspx
59,4636,13708/TB-TCHQ,2014,https://thuvienphapluat.vn/van-ban/Xuat-nhap-khau/Thong-bao-13708-TB-TCHQ-2014-ket-qua-phan-loai-Silic-xuat-nhap-khau-258458.aspx
59,4638,13705/TB-TCHQ,2014,https://thuvienphapluat.vn/van-ban/Xuat-nhap-khau/Thong-bao-13705-TB-TCHQ-2014-ket-qua-phan-loai-Chat-hoat-dong-be-mat-huu-co-xuat-nhap-khau-258455.aspx
59,4640,13681/TB-TCHQ,2014,https://thuvienphapluat.vn/van-ban/Xuat-nhap-khau/Thong-bao-13681-TB-TCHQ-2014-ket-qua-phan-loai-hang-hoa-xuat-nhap-khau-Thuoc-mau-SW-Navy-B-259V-258363.aspx
59,4642,13688/TB-TCHQ,2014,https://thuvienphapluat.vn/van-ban/Xuat-nhap-khau/Thong-bao-13688-TB-TCHQ-2014-ket-qua-phan-loai-Thuoc-mau-SU-Red-6709V-xuat-nhap-khau-258482.aspx
59,4644,13696/TB-TCHQ,2014,https://thuvienphapluat.vn/van-ban/Xuat-nhap-khau/Thong-bao-13696-TB-TCHQ-2014-ket-qua-phan-loai-DS-0700-Chat-mau-xuat-nhap-khau-258485.aspx
59,4646,13701/TB-TCHQ,2014,https://thuvienphapluat.vn/van-ban/Xuat-nhap-khau/Thong-bao-13701-TB-TCHQ-2014-ket-qua-phan-loai-Newcol-780-xuat-nhap-khau-258451.aspx
59,4648,13702/TB-TCHQ,2014,https://thuvienphapluat.vn/van-ban/Xuat-nhap-khau/Thong-bao-13702-TB-TCHQ-2014-ket-qua-phan-loai-Day-han-bang-thep-hop-kim-METAL-xuat-nhap-khau-258452.aspx
59,4650,13703/TB-TCHQ,2014,https://thuvienphapluat.vn/van-ban/Xuat-nhap-khau/Thong-bao-13703-TB-TCHQ-2014-ket-qua-phan-loai-Sap-xuat-nhap-khau-258453.aspx
59,4652,13714/TB-TCHQ,2014,https://thuvienphapluat.vn/van-ban/Xuat-nhap-khau/Thong-bao-13714-TB-TCHQ-2014-ket-qua-phan-loai-Chat-lam-mem-cao-su-xuat-nhap-khau-258432.aspx
59,4654,13626/TB-TCHQ,2014,https://thuvienphapluat.vn/van-ban/Xuat-nhap-khau/Thong-bao-13626-TB-TCHQ-nam-2014-phan-loai-hang-hoa-xuat-nhap-khau-Phu-gia-cao-su-257636.aspx
59,4656,13656/TB-TCHQ,2014,https://thuvienphapluat.vn/van-ban/Xuat-nhap-khau/Thong-bao-13656-TB-TCHQ-nam-2014-phan-loai-hang-hoa-xuat-nhap-khau-Huong-ca-phe-257823.aspx
59,4657,13657/TB-TCHQ,2014,https://thuvienphapluat.vn/van-ban/Xuat-nhap-khau/Thong-bao-13657-TB-TCHQ-nam-2014-phan-loai-hang-hoa-xuat-nhap-khau-Huong-ca-phe-257824.aspx
59,4658,13600/TB-TCHQ,2014,https://thuvienphapluat.vn/van-ban/Xuat-nhap-khau/Thong-bao-13600-TB-TCHQ-nam-2014-phan-loai-hang-hoa-xuat-nhap-khau-Chat-hoan-tat-Printed-257699.aspx
59,4660,13599/TB-TCHQ,2014,https://thuvienphapluat.vn/van-ban/Xuat-nhap-khau/Thong-bao-13599-TB-TCHQ-nam-2014-phan-loai-hang-hoa-xuat-nhap-khau-Chat-Silicone-Emulsion-san-xuat-khan-uot-257228.aspx
59,4662,13578/TB-TCHQ,2014,https://thuvienphapluat.vn/van-ban/Xuat-nhap-khau/Thong-bao-13578-TB-TCHQ-nam-2014-phan-loai-hang-hoa-xuat-nhap-khau-Dau-nhua-bam-day-du-257695.aspx
59,4664,13570/TB-TCHQ,2014,https://thuvienphapluat.vn/van-ban/Xuat-nhap-khau/Thong-bao-13570-TB-TCHQ-2014-ket-qua-phan-loai-Fragrance-Orange-Love-TSG-xuat-nhap-khau-257675.aspx
59,4666,13528/TB-TCHQ,2014,https://thuvienphapluat.vn/van-ban/Xuat-nhap-khau/Thong-bao-13528-TB-TCHQ-nam-2014-phan-loai-hang-hoa-xuat-nhap-khau-Chat-hoan-tat-256608.aspx
60,4668,13576/TB-TCHQ,2014,https://thuvienphapluat.vn/van-ban/Xuat-nhap-khau/Thong-bao-13576-TB-TCHQ-nam-2014-phan-loai-hang-hoa-xuat-nhap-khau-Nhua-ALKYD-dang-long-257693.aspx
60,4670,13545/TB-TCHQ,2014,https://thuvienphapluat.vn/van-ban/Xuat-nhap-khau/Thong-bao-13545-TB-TCHQ-nam-2014-phan-loai-hang-hoa-xuat-nhap-khau-La-Han-Qua-kho-lam-nuoc-uong-257312.aspx
60,4672,13535/TB-TCHQ,2014,https://thuvienphapluat.vn/van-ban/Xuat-nhap-khau/Thong-bao-13535-TB-TCHQ-nam-2014-phan-loai-hang-hoa-xuat-nhap-khau-Nhua-urea-nguyen-sinh-257337.aspx
60,4673,13577/TB-TCHQ,2014,https://thuvienphapluat.vn/van-ban/Xuat-nhap-khau/Thong-bao-13577-TB-TCHQ-nam-2014-phan-loai-hang-hoa-xuat-nhap-khau-nhua-nhiet-deo-acrylic-san-xuat-son-257694.aspx
60,4675,13573/TB-TCHQ,2014,https://thuvienphapluat.vn/van-ban/Xuat-nhap-khau/Thong-bao-13573-TB-TCHQ-nam-2014-phan-loai-hang-hoa-xuat-nhap-khau-Che-pham-xuc-tac-san-xuat-giay-dep-257692.aspx
60,4678,13529/TB-TCHQ,2014,https://thuvienphapluat.vn/van-ban/Xuat-nhap-khau/Thong-bao-13529-TB-TCHQ-nam-2014-phan-loai-hang-hoa-xuat-nhap-khau-Tiona-595-titanium-dioxide-san-xuat-son-256609.aspx
60,4680,13538/TB-TCHQ,2014,https://thuvienphapluat.vn/van-ban/Xuat-nhap-khau/Thong-bao-13538-TB-TCHQ-nam-2014-phan-loai-hang-hoa-xuat-nhap-khau-Dung-moi-257303.aspx
60,4682,13580/TB-TCHQ,2014,https://thuvienphapluat.vn/van-ban/Xuat-nhap-khau/Thong-bao-13580-TB-TCHQ-nam-2014-phan-loai-hang-hoa-xuat-nhap-khau-Day-thep-cuon-khong-hop-kim-257697.aspx
60,4684,13534/TB-TCHQ,2014,https://thuvienphapluat.vn/van-ban/Xuat-nhap-khau/Thong-bao-13534-TB-TCHQ-nam-2014-phan-loai-hang-hoa-xuat-nhap-khau-chat-ket-dinh-dan-go-257336.aspx
60,4685,13539/TB-TCHQ,2014,https://thuvienphapluat.vn/van-ban/Xuat-nhap-khau/Thong-bao-13539-TB-TCHQ-nam-2014-phan-loai-hang-hoa-xuat-nhap-khau-Huong-tra-thao-moc-257304.aspx
60,4687,13532/TB-TCHQ,2014,https://thuvienphapluat.vn/van-ban/Xuat-nhap-khau/Thong-bao-13532-TB-TCHQ-nam-2014-phan-loai-hang-hoa-xuat-nhap-khau-Thep-khong-hop-kim-can-nguoi-257334.aspx
60,4689,13536/TB-TCHQ,2014,https://thuvienphapluat.vn/van-ban/Xuat-nhap-khau/Thong-bao-13536-TB-TCHQ-nam-2014-phan-loai-hang-hoa-xuat-nhap-khau-Hop-chat-phu-be-mat-kim-loai-257338.aspx
60,4691,13544/TB-TCHQ,2014,https://thuvienphapluat.vn/van-ban/Xuat-nhap-khau/Thong-bao-13544-TB-TCHQ-nam-2014-phan-loai-hang-hoa-xuat-nhap-khau-La-Co-Ke-say-kho-lam-nuoc-uong-257307.aspx
60,4693,13575/TB-TCHQ,2014,https://thuvienphapluat.vn/van-ban/Xuat-nhap-khau/Thong-bao-13575-TB-TCHQ-nam-2014-phan-loai-hang-hoa-xuat-nhap-khau-Che-pham-hoat-dong-be-mat-256733.aspx
60,4695,13574/TB-TCHQ,2014,https://thuvienphapluat.vn/van-ban/Xuat-nhap-khau/Thong-bao-13574-TB-TCHQ-2014-ket-qua-phan-loai-Che-pham-hoat-dong-be-mat-dang-bot-xuat-nhap-khau-256732.aspx
60,4697,13540/TB-TCHQ,2014,https://thuvienphapluat.vn/van-ban/Xuat-nhap-khau/Thong-bao-13540-TB-TCHQ-nam-2014-phan-loai-hang-hoa-xuat-nhap-khau-Che-pham-chong-tron-nganh-det-256591.aspx
60,4699,13531/TB-TCHQ,2014,https://thuvienphapluat.vn/van-ban/Xuat-nhap-khau/Thong-bao-13531-TB-TCHQ-nam-2014-phan-loai-hang-hoa-xuat-nhap-khau-Che-pham-hoat-dong-be-mat-my-pham-256611.aspx
60,4701,13530/TB-TCHQ,2014,https://thuvienphapluat.vn/van-ban/Xuat-nhap-khau/Thong-bao-13530-TB-TCHQ-nam-2014-phan-loai-hang-hoa-xuat-nhap-khau-Sap-nhan-tao-tao-do-bong-cao-su-256610.aspx
60,4703,13543/TB-TCHQ,2014,https://thuvienphapluat.vn/van-ban/Xuat-nhap-khau/Thong-bao-13543-TB-TCHQ-nam-2014-phan-loai-hang-hoa-xuat-nhap-khau-Chat-xuc-tien-luu-hoa-cao-su-257296.aspx
60,4705,13547/TB-TCHQ,2014,https://thuvienphapluat.vn/van-ban/Xuat-nhap-khau/Thong-bao-13547-TB-TCHQ-nam-2014-phan-loai-hang-hoa-xuat-nhap-khau-Cao-su-tong-hop-257314.aspx
60,4707,13537/TB-TCHQ,2014,https://thuvienphapluat.vn/van-ban/Xuat-nhap-khau/Thong-bao-13537-TB-TCHQ-2014-ket-qua-phan-loai-Hop-chat-phu-be-mat-kim-loai-Catalix-xuat-nhap-khau-257311.aspx
60,4709,13546/TB-TCHQ,2014,https://thuvienphapluat.vn/van-ban/Xuat-nhap-khau/Thong-bao-13546-TB-TCHQ-2014-ket-qua-phan-loai-Su-trang-xuat-nhap-khau-257313.aspx
60,4711,13579/TB-TCHQ,2014,https://thuvienphapluat.vn/van-ban/Xuat-nhap-khau/Thong-bao-13579-TB-TCHQ-nam-2014-phan-loai-hang-hoa-xuat-nhap-khau-Day-thep-cuon-khong-hop-kim-257696.aspx
60,4713,13571/TB-TCHQ,2014,https://thuvienphapluat.vn/van-ban/Xuat-nhap-khau/Thong-bao-13571-TB-TCHQ-2014-ket-qua-phan-loai-Chat-lam-day-da-Juvederm-Voluma-with-Lidocaine-xuat-nhap-khau-257676.aspx
60,4715,13581/TB-TCHQ,2014,https://thuvienphapluat.vn/van-ban/Xuat-nhap-khau/Thong-bao-13581-TB-TCHQ-nam-2014-phan-loai-hang-hoa-xuat-nhap-khau-Thep-thanh-cacbon-thap-257698.aspx
61,4717,13542/TB-TCHQ,2014,https://thuvienphapluat.vn/van-ban/Xuat-nhap-khau/Thong-bao-13542-TB-TCHQ-2014-ket-qua-phan-loai-Solvent-Naphtha-M-xuat-nhap-khau-257306.aspx
61,4719,13572/TB-TCHQ,2014,https://thuvienphapluat.vn/van-ban/Xuat-nhap-khau/Thong-bao-13572-TB-TCHQ-2014-ket-qua-phan-loai-Trang-thiet-bi-y-te-xuat-nhap-khau-257677.aspx
61,4721,13541/TB-TCHQ,2014,https://thuvienphapluat.vn/van-ban/Xuat-nhap-khau/Thong-bao-13541-TB-TCHQ-nam-2014-phan-loai-hang-hoa-xuat-nhap-khau-Chat-tay-trang-257305.aspx
61,4723,13479/TB-TCHQ,2014,https://thuvienphapluat.vn/van-ban/Xuat-nhap-khau/Thong-bao-13479-TB-TCHQ-2014-ket-qua-phan-loai-Silica-Liquid-xuat-nhap-khau-257309.aspx
61,4725,13481/TB-TCHQ,2014,https://thuvienphapluat.vn/van-ban/Xuat-nhap-khau/Thong-bao-13481-TB-TCHQ-2014-ket-qua-phan-loai-Nhua-Purposepolystyrene-nguyen-sinh-dang-hat-xuat-nhap-khau-257300.aspx
61,4727,13482/TB-TCHQ,2014,https://thuvienphapluat.vn/van-ban/Xuat-nhap-khau/Thong-bao-13482-TB-TCHQ-2014-ket-qua-phan-loai-cao-su-Thermoplastic-xuat-nhap-khau-257301.aspx
61,4729,13486/TB-TCHQ,2014,https://thuvienphapluat.vn/van-ban/Xuat-nhap-khau/Thong-bao-13486-TB-TCHQ-2014-ket-qua-phan-loai-Nuoc-xu-ly-xuat-nhap-khau-257293.aspx
61,4731,13515/TB-TCHQ,2014,https://thuvienphapluat.vn/van-ban/Xuat-nhap-khau/Thong-bao-13515-TB-TCHQ-nam-2014-phan-loai-hang-hoa-xuat-nhap-khau-Che-pham-xuc-tac-DC40SR-257349.aspx
61,4733,13492/TB-TCHQ,2014,https://thuvienphapluat.vn/van-ban/Xuat-nhap-khau/Thong-bao-13492-TB-TCHQ-nam-2014-phan-loai-hang-hoa-xuat-nhap-khau-phu-lieu-san-xuat-lap-rap-xe-o-to-257328.aspx
61,4735,13473/TB-TCHQ,2014,https://thuvienphapluat.vn/van-ban/Xuat-nhap-khau/Thong-bao-13473-TB-TCHQ-2014-ket-qua-phan-loai-38C-xuat-nhap-khau-257291.aspx
61,4737,13471/TB-TCHQ,2014,https://thuvienphapluat.vn/van-ban/Xuat-nhap-khau/Thong-bao-13471-TB-TCHQ-2014-ket-qua-phan-loai-hang-hoa-xuat-nhap-khau-257289.aspx
61,4739,13510/TB-TCHQ,2014,https://thuvienphapluat.vn/van-ban/Xuat-nhap-khau/Thong-bao-13510-TB-TCHQ-nam-2014-phan-loai-hang-hoa-xuat-nhap-khau-Vecni-loai-chiu-nhiet-257332.aspx
61,4741,13491/TB-TCHQ,2014,https://thuvienphapluat.vn/van-ban/Xuat-nhap-khau/Thong-bao-13491-TB-TCHQ-nam-2014-phan-loai-hang-hoa-xuat-nhap-khau-Ruou-monodyric-no-san-xuat-chat-hoa-deo-257327.aspx
61,4743,13518/TB-TCHQ,2014,https://thuvienphapluat.vn/van-ban/Xuat-nhap-khau/Thong-bao-13518-TB-TCHQ-2014-ket-qua-phan-loai-Hop-chat-cau-truc-1-vong-benzothiazol-chua-ngung-tu-257352.aspx
61,4745,13511/TB-TCHQ,2014,https://thuvienphapluat.vn/van-ban/Xuat-nhap-khau/Thong-bao-13511-TB-TCHQ-2014-ket-qua-phan-loai-Vecni-loai-chiu-nhiet-tren-100%c2%b0C-xuat-nhap-khau-257323.aspx
61,4747,13472/TB-TCHQ,2014,https://thuvienphapluat.vn/van-ban/Xuat-nhap-khau/Thong-bao-13472-TB-TCHQ-2014-ket-qua-phan-loai-hang-hoa-xuat-nhap-khau-257290.aspx
61,4749,13485/TB-TCHQ,2014,https://thuvienphapluat.vn/van-ban/Xuat-nhap-khau/Thong-bao-13485-TB-TCHQ-nam-2014-phan-loai-hang-hoa-xuat-nhap-khau-Thuoc-mau-cac-loai-256607.aspx
61,4751,13468/TB-TCHQ,2014,https://thuvienphapluat.vn/van-ban/Xuat-nhap-khau/Thong-bao-13468-TB-TCHQ-nam-2014-phan-loai-hang-hoa-xuat-nhap-khau-san-xuat-phu-gia-sieu-deo-256589.aspx
61,4753,13475/TB-TCHQ,2014,https://thuvienphapluat.vn/van-ban/Xuat-nhap-khau/Thong-bao-13475-TB-TCHQ-nam-2014-phan-loai-hang-hoa-xuat-nhap-khau-Chat-hoat-dong-be-mat-256581.aspx
61,4755,13488/TB-TCHQ,2014,https://thuvienphapluat.vn/van-ban/Xuat-nhap-khau/Thong-bao-13488-TB-TCHQ-2014-ket-qua-phan-loai-Vai-bien-xuat-nhap-khau-257295.aspx
61,4757,13469/TB-TCHQ,2014,https://thuvienphapluat.vn/van-ban/Xuat-nhap-khau/Thong-bao-13469-TB-TCHQ-nam-2014-phan-loai-hang-hoa-xuat-nhap-khau-Dau-boi-tron-257287.aspx
61,4759,13516/TB-TCHQ,2014,https://thuvienphapluat.vn/van-ban/Xuat-nhap-khau/Thong-bao-13516-TB-TCHQ-nam-2014-phan-loai-hang-hoa-xuat-nhap-khau-Hop-chat-cau-truc-1-vong-257350.aspx
61,4761,13480/TB-TCHQ,2014,https://thuvienphapluat.vn/van-ban/Xuat-nhap-khau/Thong-bao-13480-TB-TCHQ-2014-ket-qua-phan-loai-Cao-su-tong-hop-xuat-nhap-khau-257310.aspx
61,4763,13478/TB-TCHQ,2014,https://thuvienphapluat.vn/van-ban/Xuat-nhap-khau/Thong-bao-13478-TB-TCHQ-2014-ket-qua-phan-loai-Axeton-xuat-nhap-khau-257308.aspx
61,4765,13484/TB-TCHQ,2014,https://thuvienphapluat.vn/van-ban/Xuat-nhap-khau/Thong-bao-13484-TB-TCHQ-nam-2014-phan-loai-hang-hoa-xuat-nhap-khau-polyurethane-system-257292.aspx
62,4767,13470/TB-TCHQ,2014,https://thuvienphapluat.vn/van-ban/Xuat-nhap-khau/Thong-bao-13470-TB-TCHQ-nam-2014-phan-loai-hang-hoa-xuat-nhap-khau-Dau-boi-tron-257288.aspx
62,4769,13490/TB-TCHQ,2014,https://thuvienphapluat.vn/van-ban/Xuat-nhap-khau/Thong-bao-13490-TB-TCHQ-nam-2014-phan-loai-hang-hoa-xuat-nhap-khau-Natri-Alumiat-Sodium-Alminata-257326.aspx
62,4771,13512/TB-TCHQ,2014,https://thuvienphapluat.vn/van-ban/Xuat-nhap-khau/Thong-bao-13512-TB-TCHQ-2014-ket-qua-phan-loai-Axit-beo-monocarboxylic-cong-nghiep-xuat-nhap-khau-257324.aspx
62,4773,13474/TB-TCHQ,2014,https://thuvienphapluat.vn/van-ban/Xuat-nhap-khau/Thong-bao-13474-TB-TCHQ-nam-2014-phan-loai-hang-hoa-xuat-nhap-khau-Silicon-nguyen-sinh-dang-long-256590.aspx
62,4775,13513/TB-TCHQ,2014,https://thuvienphapluat.vn/van-ban/Xuat-nhap-khau/Thong-bao-13513-TB-TCHQ-nam-2014-phan-loai-hang-hoa-xuat-nhap-khau-Che-pham-xuc-tac-F40SR-257347.aspx
62,4777,13519/TB-TCHQ,2014,https://thuvienphapluat.vn/van-ban/Xuat-nhap-khau/Thong-bao-13519-TB-TCHQ-nam-2014-phan-loai-hang-hoa-xuat-nhap-khau-Cao-su-hon-hop-257333.aspx
62,4779,13506/TB-TCHQ,2014,https://thuvienphapluat.vn/van-ban/Xuat-nhap-khau/Thong-bao-13506-TB-TCHQ-nam-2014-phan-loai-hang-hoa-xuat-nhap-khau-Polyether-polyol-4210GB-257331.aspx
62,4781,13494/TB-TCHQ,2014,https://thuvienphapluat.vn/van-ban/Xuat-nhap-khau/Thong-bao-13494-TB-TCHQ-nam-2014-phan-loai-hang-hoa-xuat-nhap-khau-Hoa-chat-tao-bong-257330.aspx
62,4783,13487/TB-TCHQ,2014,https://thuvienphapluat.vn/van-ban/Xuat-nhap-khau/Thong-bao-13487-TB-TCHQ-nam-2014-phan-loai-hang-hoa-xuat-nhap-khau-Nhua-tu-dau-mo-hat-tron-257294.aspx
62,4785,13483/TB-TCHQ,2014,https://thuvienphapluat.vn/van-ban/Xuat-nhap-khau/Thong-bao-13483-TB-TCHQ-nam-2014-phan-loai-hang-hoa-xuat-nhap-khau-Cao-su-Chlorinatied-257302.aspx
62,4787,13476/TB-TCHQ,2014,https://thuvienphapluat.vn/van-ban/Xuat-nhap-khau/Thong-bao-13476-TB-TCHQ-nam-2014-phan-loai-hang-hoa-xuat-nhap-khau-Protein-thuy-phan-Hydrotriticum-WQ-256605.aspx
62,4789,13489/TB-TCHQ,2014,https://thuvienphapluat.vn/van-ban/Xuat-nhap-khau/Thong-bao-13489-TB-TCHQ-nam-2014-phan-loai-hang-hoa-xuat-nhap-khau-Thanh-thep-257346.aspx
62,4791,13514/TB-TCHQ,2014,https://thuvienphapluat.vn/van-ban/Xuat-nhap-khau/Thong-bao-13514-TB-TCHQ-nam-2014-phan-loai-hang-hoa-xuat-nhap-khau-Che-pham-xuc-tac-ACT-55-257348.aspx
62,4793,13517/TB-TCHQ,2014,https://thuvienphapluat.vn/van-ban/Xuat-nhap-khau/Thong-bao-13517-TB-TCHQ-nam-2014-phan-loai-hang-hoa-xuat-nhap-khau-Chat-xuc-tien-luu-hoa-cao-su-257351.aspx
62,4795,13493/TB-TCHQ,2014,https://thuvienphapluat.vn/van-ban/Xuat-nhap-khau/Thong-bao-13493-TB-TCHQ-nam-2014-phan-loai-hang-hoa-xuat-nhap-khau-Son-bao-ve-gam-257329.aspx
62,4797,13477/TB-TCHQ,2014,https://thuvienphapluat.vn/van-ban/Xuat-nhap-khau/Thong-bao-13477-TB-TCHQ-nam-2014-phan-loai-hang-hoa-xuat-nhap-khau-Nguyen-lieu-phu-gia-xay-dung-256606.aspx
62,4799,13427/TB-TCHQ,2014,https://thuvienphapluat.vn/van-ban/Xuat-nhap-khau/Thong-bao-13427-TB-TCHQ-nam-2014-phan-loai-hang-hoa-xuat-nhap-khau-Chat-phu-gia-xi-mang-257860.aspx
62,4800,13444/TB-TCHQ,2014,https://thuvienphapluat.vn/van-ban/Xuat-nhap-khau/Thong-bao-13444-TB-TCHQ-nam-2014-phan-loai-hang-hoa-xuat-nhap-khau-Thep-khong-hop-kim-258347.aspx
62,4802,13437/TB-TCHQ,2014,https://thuvienphapluat.vn/van-ban/Xuat-nhap-khau/Thong-bao-13437-TB-TCHQ-nam-2014-phan-loai-hang-hoa-xuat-nhap-khau-Bong-thien-nhien-257861.aspx
62,4803,13439/TB-TCHQ,2014,https://thuvienphapluat.vn/van-ban/Xuat-nhap-khau/Thong-bao-13439-TB-TCHQ-nam-2014-phan-loai-hang-hoa-xuat-nhap-khau-Bong-thien-nhien-257818.aspx
62,4804,13432/TB-TCHQ,2014,https://thuvienphapluat.vn/van-ban/Xuat-nhap-khau/Thong-bao-13432-TB-TCHQ-2014-ket-qua-phan-loai-Che-pham-xuc-tac-PEROXYMON-F-40-xuat-nhap-khau-258342.aspx
62,4806,13443/TB-TCHQ,2014,https://thuvienphapluat.vn/van-ban/Xuat-nhap-khau/Thong-bao-13443-TB-TCHQ-nam-2014-phan-loai-hang-hoa-xuat-nhap-khau-Bong-thien-nhien-258346.aspx
62,4808,13438/TB-TCHQ,2014,https://thuvienphapluat.vn/van-ban/Xuat-nhap-khau/Thong-bao-13438-TB-TCHQ-nam-2014-phan-loai-hang-hoa-xuat-nhap-khau-Bong-thien-nhien-257862.aspx
62,4809,13434/TB-TCHQ,2014,https://thuvienphapluat.vn/van-ban/Xuat-nhap-khau/Thong-bao-13434-TB-TCHQ-nam-2014-phan-loai-hang-hoa-xuat-nhap-khau-Ru-lo-su-chiu-lua-lo-nung-gach-men-256587.aspx
62,4811,13442/TB-TCHQ,2014,https://thuvienphapluat.vn/van-ban/Xuat-nhap-khau/Thong-bao-13442-TB-TCHQ-nam-2014-phan-loai-hang-hoa-xuat-nhap-khau-Thanh-thep-du-ung-luc-257821.aspx
63,4812,13436/TB-TCHQ,2014,https://thuvienphapluat.vn/van-ban/Xuat-nhap-khau/Thong-bao-13436-TB-TCHQ-nam-2014-phan-loai-hang-hoa-xuat-nhap-khau-Soi-100-nylon-chi-so-70D-1-moi-258345.aspx
63,4813,13429/TB-TCHQ,2014,https://thuvienphapluat.vn/van-ban/Xuat-nhap-khau/Thong-bao-13429-TB-TCHQ-2014-ket-qua-phan-loai-Soi-filament-tong-hop-xuat-nhap-khau-258340.aspx
63,4815,13428/TB-TCHQ,2014,https://thuvienphapluat.vn/van-ban/Xuat-nhap-khau/Thong-bao-13428-TB-TCHQ-2014-ket-qua-phan-loai-Vecni-loai-chiu-nhiet-ULTRALITE-U-900-xuat-nhap-khau-258339.aspx
63,4817,13446/TB-TCHQ,2014,https://thuvienphapluat.vn/van-ban/Xuat-nhap-khau/Thong-bao-13446-TB-TCHQ-2014-ket-qua-phan-loai-Chat-chong-tham-san-xuat-giay-HI-PHASE-1178-xuat-nhap-khau-258349.aspx
63,4818,13426/TB-TCHQ,2014,https://thuvienphapluat.vn/van-ban/Xuat-nhap-khau/Thong-bao-13426-TB-TCHQ-2014-ket-qua-phan-loai-FE-200-xuat-nhap-khau-257816.aspx
63,4819,13430/TB-TCHQ,2014,https://thuvienphapluat.vn/van-ban/Xuat-nhap-khau/Thong-bao-13430-TB-TCHQ2014-ket-qua-phan-loai-Chat-pha-loang-DISPERSANT-AC35-xuat-nhap-khau-258341.aspx
63,4821,13440/TB-TCHQ,2014,https://thuvienphapluat.vn/van-ban/Xuat-nhap-khau/Thong-bao-13440-TB-TCHQ-nam-2014-phan-loai-hang-hoa-xuat-nhap-khau-Bong-thien-nhien-257819.aspx
63,4822,13433/TB-TCHQ,2014,https://thuvienphapluat.vn/van-ban/Xuat-nhap-khau/Thong-bao-13433-TB-TCHQ-2014-ket-qua-phan-loai-Cao-su-acrylonitril-butadien-xuat-nhap-khau-258343.aspx
63,4824,13435/TB-TCHQ,2014,https://thuvienphapluat.vn/van-ban/Xuat-nhap-khau/Thong-bao-13435-TB-TCHQ-nam-2014-phan-loai-hang-hoa-xuat-nhap-khau-Soi-Nylon-258344.aspx
63,4826,13445/TB-TCHQ,2014,https://thuvienphapluat.vn/van-ban/Xuat-nhap-khau/Thong-bao-13445-TB-TCHQ-nam-2014-phan-loai-hang-hoa-xuat-nhap-khau-Thep-khong-hop-kim-258348.aspx
63,4828,13447/TB-TCHQ,2014,https://thuvienphapluat.vn/van-ban/Xuat-nhap-khau/Thong-bao-13447-TB-TCHQ-nam-2014-phan-loai-hang-hoa-xuat-nhap-khau-Sat-oxit-san-xuat-son-256588.aspx
63,4830,13441/TB-TCHQ,2014,https://thuvienphapluat.vn/van-ban/Xuat-nhap-khau/Thong-bao-13441-TB-TCHQ-nam-2014-phan-loai-hang-hoa-xuat-nhap-khau-Bong-thien-nhien-257820.aspx
63,4831,13431/TB-TCHQ,2014,https://thuvienphapluat.vn/van-ban/Xuat-nhap-khau/Thong-bao-13431-TB-TCHQ-nam-2014-phan-loai-hang-hoa-xuat-nhap-khau-Polyme-tu-olefin-khac-257817.aspx
63,4832,13385/TB-TCHQ,2014,https://thuvienphapluat.vn/van-ban/Xuat-nhap-khau/Thong-bao-13385-TB-TCHQ-2014-ket-qua-phan-loai-Chat-lam-sang-soi-xuat-nhap-khau-257856.aspx
63,4833,13399/TB-TCHQ,2014,https://thuvienphapluat.vn/van-ban/Xuat-nhap-khau/Thong-bao-13399-TB-TCHQ-nam-2014-phan-loai-hang-hoa-xuat-nhap-khau-Thuoc-mau-Su-Red-602V-256580.aspx
63,4835,13386/TB-TCHQ,2014,https://thuvienphapluat.vn/van-ban/Xuat-nhap-khau/Thong-bao-13386-TB-TCHQ-2014-ket-qua-phan-loai-keo-Base-Resin-Hardener-xuat-nhap-khau-257857.aspx
63,4836,13405/TB-TCHQ,2014,https://thuvienphapluat.vn/van-ban/Xuat-nhap-khau/Thong-bao-13405-TB-TCHQ-nam-2014-phan-loai-hang-hoa-xuat-nhap-khau-Thuoc-mau-Su-Yellow-1191V-256519.aspx
63,4838,13404/TB-TCHQ,2014,https://thuvienphapluat.vn/van-ban/Xuat-nhap-khau/Thong-bao-13404-TB-TCHQ-nam-2014-phan-loai-hang-hoa-xuat-nhap-khau-Thuoc-mau-Su-White-T-3202V-256518.aspx
63,4840,13387/TB-TCHQ,2014,https://thuvienphapluat.vn/van-ban/Xuat-nhap-khau/Thong-bao-13387-TB-TCHQ-2014-ket-qua-phan-loai-Chat-pha-loang-son-xuat-nhap-khau-257858.aspx
63,4841,13397/TB-TCHQ,2014,https://thuvienphapluat.vn/van-ban/Xuat-nhap-khau/Thong-bao-13397-TB-TCHQ-nam-2014-phan-loai-hang-hoa-xuat-nhap-khau-Name-plate-257859.aspx
63,4842,13407/TB-TCHQ,2014,https://thuvienphapluat.vn/van-ban/Xuat-nhap-khau/Thong-bao-13407-TB-TCHQ-nam-2014-phan-loai-hang-hoa-xuat-nhap-khau-Thuoc-mau-Su-Blue-201V-256521.aspx
63,4844,13398/TB-TCHQ,2014,https://thuvienphapluat.vn/van-ban/Xuat-nhap-khau/Thong-bao-13398-TB-TCHQ-2014-phan-loai-Chat-hoat-dong-be-mat-dang-khong-phan-ly-dang-long-xuat-nhap-khau-258018.aspx
63,4845,13388/TB-TCHQ,2014,https://thuvienphapluat.vn/van-ban/Xuat-nhap-khau/Thong-bao-13388-TB-TCHQ-nam-2014-phan-loai-hang-hoa-xuat-nhap-khau-Polypropylene-hat-256511.aspx
63,4847,13383/TB-TCHQ,2014,https://thuvienphapluat.vn/van-ban/Xuat-nhap-khau/Thong-bao-13383-TB-TCHQ-2014-ket-qua-phan-loai-Blackey-xuat-nhap-khau-257927.aspx
63,4848,13401/TB-TCHQ,2014,https://thuvienphapluat.vn/van-ban/Xuat-nhap-khau/Thong-bao-13401-TB-TCHQ-nam-2014-phan-loai-hang-hoa-xuat-nhap-khau-Thuoc-mau-Su-Blue-2-256515.aspx
64,4850,13408/TB-TCHQ,2014,https://thuvienphapluat.vn/van-ban/Xuat-nhap-khau/Thong-bao-13408-TB-TCHQ-nam-2014-phan-loai-hang-hoa-xuat-nhap-khau-Thuoc-mau-SW-Orange-4629V-256584.aspx
64,4852,13402/TB-TCHQ,2014,https://thuvienphapluat.vn/van-ban/Xuat-nhap-khau/Thong-bao-13402-TB-TCHQ-nam-2014-phan-loai-hang-hoa-xuat-nhap-khau-Thuoc-mau-Su-Pink-8BV-256516.aspx
64,4854,13384/TB-TCHQ,2014,https://thuvienphapluat.vn/van-ban/Xuat-nhap-khau/Thong-bao-13384-TB-TCHQ-2014-ket-qua-phan-loai-Chat-xuc-tac-hydrocerol-2035-xuat-nhap-khau-257855.aspx
64,4855,13403/TB-TCHQ,2014,https://thuvienphapluat.vn/van-ban/Xuat-nhap-khau/Thong-bao-13403-TB-TCHQ-nam-2014-phan-loai-hang-hoa-xuat-nhap-khau-Thuoc-mau-Su-White-3012V-256517.aspx
64,4857,13406/TB-TCHQ,2014,https://thuvienphapluat.vn/van-ban/Xuat-nhap-khau/Thong-bao-13406-TB-TCHQ-nam-2014-phan-loai-hang-hoa-xuat-nhap-khau-Thuoc-mau-Scu-Green-910V-256520.aspx
64,4859,13409/TB-TCHQ,2014,https://thuvienphapluat.vn/van-ban/Xuat-nhap-khau/Thong-bao-13409-TB-TCHQ-nam-2014-phan-loai-hang-hoa-xuat-nhap-khau-Thuoc-mau-SW-Red-B-66-256585.aspx
64,4861,13390/TB-TCHQ,2014,https://thuvienphapluat.vn/van-ban/Xuat-nhap-khau/Thong-bao-13390-TB-TCHQ-nam-2014-phan-loai-hang-hoa-xuat-nhap-khau-Klinofeed-trong-thuc-an-chan-nuoi-256513.aspx
64,4863,13400/TB-TCHQ,2014,https://thuvienphapluat.vn/van-ban/Xuat-nhap-khau/Thong-bao-13400-TB-TCHQ-nam-2014-phan-loai-hang-hoa-xuat-nhap-khau-Thuoc-mau-Su-Black-B-7809V-256514.aspx
64,4865,13410/TB-TCHQ,2014,https://thuvienphapluat.vn/van-ban/Xuat-nhap-khau/Thong-bao-13410-TB-TCHQ-nam-2014-phan-loai-hang-hoa-xuat-nhap-khau-Thuoc-mau-SW-Black-7321NV-256586.aspx
64,4867,13389/TB-TCHQ,2014,https://thuvienphapluat.vn/van-ban/Xuat-nhap-khau/Thong-bao-13389-TB-TCHQ-nam-2014-phan-loai-hang-hoa-xuat-nhap-khau-Polypropylene-long-256512.aspx
64,4869,13300/TB-TCHQ,2014,https://thuvienphapluat.vn/van-ban/Xuat-nhap-khau/Thong-bao-13300-TB-TCHQ-2014-ket-qua-phan-loai-Hop-chat-N-N-xuat-nhap-khau-257038.aspx
64,4872,13302/TB-TCHQ,2014,https://thuvienphapluat.vn/van-ban/Xuat-nhap-khau/Thong-bao-13302-TB-TCHQ-2014-phan-loai-hang-hoa-xuat-nhap-khau-Peroxit-ete-257040.aspx
64,4875,13320/TB-TCHQ,2014,https://thuvienphapluat.vn/van-ban/Xuat-nhap-khau/Thong-bao-13320-TB-TCHQ-nam-2014-phan-loai-hang-hoa-xuat-nhap-khau-Thuoc-mau-cac-loai-256574.aspx
64,4877,13304/TB-TCHQ,2014,https://thuvienphapluat.vn/van-ban/Xuat-nhap-khau/Thong-bao-13304-TB-TCHQ-nam-2014-phan-loai-hang-hoa-xuat-nhap-khau-Che-pham-hoa-hoc-cong-nghiep-257068.aspx
64,4879,13365/TB-TCHQ,2014,https://thuvienphapluat.vn/van-ban/Xuat-nhap-khau/Thong-bao-13365-TB-TCHQ-nam-2014-phan-loai-hang-hoa-xuat-nhap-khau-Hon-hop-chat-thom-my-pham-256579.aspx
64,4881,13353/TB-TCHQ,2014,https://thuvienphapluat.vn/van-ban/Xuat-nhap-khau/Thong-bao-13353-TB-TCHQ-nam-2014-phan-loai-hang-hoa-xuat-nhap-khau-Dich-chiet-xuat-tu-re-Gung-256578.aspx
64,4883,13315/TB-TCHQ,2014,https://thuvienphapluat.vn/van-ban/Xuat-nhap-khau/Thong-bao-13315-TB-TCHQ-2014-phan-loai-hang-hoa-xuat-nhap-khau-Thep-cuon-can-nguoi-khong-gi-257058.aspx
64,4885,13307/TB-TCHQ,2014,https://thuvienphapluat.vn/van-ban/Xuat-nhap-khau/Thong-bao-13307-TB-TCHQ-2014-ket-qua-phan-loai-Hop-chat-chua-amin-xuat-nhap-khau-257071.aspx
64,4887,13308/TB-TCHQ,2014,https://thuvienphapluat.vn/van-ban/Xuat-nhap-khau/Thong-bao-13308-TB-TCHQ-2014-ket-qua-phan-loai-Hop-chat-di-vong-khac-xuat-nhap-khau-257072.aspx
64,4889,13305/TB-TCHQ,2014,https://thuvienphapluat.vn/van-ban/Xuat-nhap-khau/Thong-bao-13305-TB-TCHQ-2014-phan-loai-hang-hoa-xuat-nhap-khau-Soi-thuy-tinh-257069.aspx
64,4891,13312/TB-TCHQ,2014,https://thuvienphapluat.vn/van-ban/Xuat-nhap-khau/Thong-bao-13312-TB-TCHQ-2014-ket-qua-phan-loai-Thep-hop-kim-can-nong-dang-que-thanh-xuat-nhap-khau-257055.aspx
64,4893,13329/TB-TCHQ,2014,https://thuvienphapluat.vn/van-ban/Xuat-nhap-khau/Thong-bao-13329-TB-TCHQ-nam-2014-phan-loai-hang-hoa-xuat-nhap-khau-Bot-mica-san-xuat-son-256575.aspx
64,4895,13306/TB-TCHQ,2014,https://thuvienphapluat.vn/van-ban/Xuat-nhap-khau/Thong-bao-13306-TB-TCHQ-2014-ket-qua-phan-loai-Che-pham-xuc-tac-ACT-55-xuat-nhap-khau-257070.aspx
64,4897,13310/TB-TCHQ,2014,https://thuvienphapluat.vn/van-ban/Xuat-nhap-khau/Thong-bao-13310-TB-TCHQ-2014-phan-loai-hang-hoa-xuat-nhap-khau-Che-pham-chong-oxy-hoa-cao-su-257074.aspx
64,4899,13331/TB-TCHQ,2014,https://thuvienphapluat.vn/van-ban/Xuat-nhap-khau/Thong-bao-13331-TB-TCHQ-nam-2014-phan-loai-hang-hoa-xuat-nhap-khau-Bot-mica-256577.aspx
65,4901,13301/TB-TCHQ,2014,https://thuvienphapluat.vn/van-ban/Xuat-nhap-khau/Thong-bao-13301-TB-TCHQ-2014-phan-loai-hang-hoa-xuat-nhap-khau-Thanh-giua-chop-quat-257039.aspx
65,4903,13314/TB-TCHQ,2014,https://thuvienphapluat.vn/van-ban/Xuat-nhap-khau/Thong-bao-13314-TB-TCHQ-2014-phan-loai-hang-hoa-xuat-nhap-khau-Thep-cuon-can-nguoi-khong-gi-257057.aspx
65,4905,13303/TB-TCHQ,2014,https://thuvienphapluat.vn/van-ban/Xuat-nhap-khau/Thong-bao-13303-TB-TCHQ-2014-ket-qua-phan-loai-Dua-6A1360-xuat-nhap-khau-257053.aspx
65,4907,13311/TB-TCHQ,2014,https://thuvienphapluat.vn/van-ban/Xuat-nhap-khau/Thong-bao-13311-TB-TCHQ-2014-ket-qua-phan-loai-Cao-su-tong-hop-Compound-Rubber-xuat-nhap-khau-257054.aspx
65,4909,13313/TB-TCHQ,2014,https://thuvienphapluat.vn/van-ban/Xuat-nhap-khau/Thong-bao-13313-TB-TCHQ-2014-ket-qua-phan-loai-Thep-cuon-khong-hop-kim-xuat-nhap-khau-257056.aspx
65,4911,13309/TB-TCHQ,2014,https://thuvienphapluat.vn/van-ban/Xuat-nhap-khau/Thong-bao-13309-TB-TCHQ-2014-phan-loai-hang-hoa-xuat-nhap-khau-Che-pham-chong-oxy-hoa-cao-su-257073.aspx
65,4913,13330/TB-TCHQ,2014,https://thuvienphapluat.vn/van-ban/Xuat-nhap-khau/Thong-bao-13330-TB-TCHQ-nam-2014-phan-loai-hang-hoa-xuat-nhap-khau-Bot-oxit-silic-san-xuat-son-256576.aspx
65,4915,13258/TB-TCHQ,2014,https://thuvienphapluat.vn/van-ban/Xuat-nhap-khau/Thong-bao-13258-TB-TCHQ-2014-phan-loai-hang-hoa-xuat-nhap-khau-Nhua-polyme-acrylic-256933.aspx
65,4916,13264/TB-TCHQ,2014,https://thuvienphapluat.vn/van-ban/Xuat-nhap-khau/Thong-bao-13264-TB-TCHQ-2014-ket-qua-phan-loai-Thuoc-mau-cac-loai-xuat-nhap-khau-256009.aspx
65,4918,13250/TB-TCHQ,2014,https://thuvienphapluat.vn/van-ban/Xuat-nhap-khau/Thong-bao-13250-TB-TCHQ-nam-2014-phan-loai-hang-hoa-xuat-nhap-khau-Ruou-mach-ho-san-xuat-son-255995.aspx
65,4920,13256/TB-TCHQ,2014,https://thuvienphapluat.vn/van-ban/Xuat-nhap-khau/Thong-bao-13256-TB-TCHQ-nam-2014-phan-loai-hang-hoa-xuat-nhap-khau-Cat-thach-anh-256931.aspx
65,4921,13263/TB-TCHQ,2014,https://thuvienphapluat.vn/van-ban/Xuat-nhap-khau/Thong-bao-13263-TB-TCHQ-nam-2014-phan-loai-hang-hoa-xuat-nhap-khau-Tinh-bot-san-bien-tinh-256008.aspx
65,4923,13252/TB-TCHQ,2014,https://thuvienphapluat.vn/van-ban/Xuat-nhap-khau/Thong-bao-13252-TB-TCHQ-nam-2014-phan-loai-hang-hoa-xuat-nhap-khau-Nhua-Epoxy-trong-dung-moi-255997.aspx
65,4925,13232/TB-TCHQ,2014,https://thuvienphapluat.vn/van-ban/Xuat-nhap-khau/Thong-bao-13232-TB-TCHQ-nam-2014-phan-loai-hang-hoa-xuat-nhap-khau-Dong-dang-que-256003.aspx
65,4927,13249/TB-TCHQ,2014,https://thuvienphapluat.vn/van-ban/Xuat-nhap-khau/Thong-bao-13249-TB-TCHQ-nam-2014-phan-loai-hang-hoa-xuat-nhap-khau-Nhua-Alkyt-long-san-xuat-son-256004.aspx
65,4929,13261/TB-TCHQ,2014,https://thuvienphapluat.vn/van-ban/Xuat-nhap-khau/Thong-bao-13261-TB-TCHQ-2014-phan-loai-hang-hoa-xuat-nhap-khau-nguyen-lieu-Milo-ngu-coc-dinh-duong-256935.aspx
65,4930,13265/TB-TCHQ,2014,https://thuvienphapluat.vn/van-ban/Xuat-nhap-khau/Thong-bao-13265-TB-TCHQ-2014-ket-qua-phan-loai-Thuoc-mau-cac-loai-xuat-nhap-khau-256010.aspx
65,4932,13257/TB-TCHQ,2014,https://thuvienphapluat.vn/van-ban/Xuat-nhap-khau/Thong-bao-13257-TB-TCHQ-2014-phan-loai-hang-hoa-xuat-nhap-khau-Nhua-polyamit-256932.aspx
65,4933,13239/TB-TCHQ,2014,https://thuvienphapluat.vn/van-ban/Xuat-nhap-khau/Thong-bao-13239-TB-TCHQ-nam-2014-phan-loai-hang-hoa-xuat-nhap-khau-Dipping-oil-8662-255788.aspx
65,4935,13248/TB-TCHQ,2014,https://thuvienphapluat.vn/van-ban/Xuat-nhap-khau/Thong-bao-13248-TB-TCHQ-nam-2014-phan-loai-hang-hoa-xuat-nhap-khau-Nhua-Copolymer-vinyl-axetat-256928.aspx
65,4936,13224/TB-TCHQ,2014,https://thuvienphapluat.vn/van-ban/Xuat-nhap-khau/Thong-bao-13224-TB-TCHQ-2014-ket-qua-phan-loai-Bari-Sulphat-xuat-nhap-khau-256000.aspx
65,4938,13227/TB-TCHQ,2014,https://thuvienphapluat.vn/van-ban/Xuat-nhap-khau/Thong-bao-13227-TB-TCHQ-nam-2014-phan-loai-hang-hoa-xuat-nhap-khau-Chat-xu-ly-P-135F-tang-cuong-ket-dinh-256001.aspx
65,4940,13228/TB-TCHQ,2014,https://thuvienphapluat.vn/van-ban/Xuat-nhap-khau/Thong-bao-13228-TB-TCHQ-nam-2014-phan-loai-hang-hoa-xuat-nhap-khau-Chat-xu-ly-F-206-tang-cuong-ket-dinh-256002.aspx
65,4942,13259/TB-TCHQ,2014,https://thuvienphapluat.vn/van-ban/Xuat-nhap-khau/Thong-bao-13259-TB-TCHQ-nam-2014-phan-loai-hang-hoa-xuat-nhap-khau-Selen-nguyen-lieu-nganh-luyen-chi-256007.aspx
65,4944,13247/TB-TCHQ,2014,https://thuvienphapluat.vn/van-ban/Xuat-nhap-khau/Thong-bao-13247-TB-TCHQ-nam-2014-phan-loai-hang-hoa-xuat-nhap-khau-Huong-ca-phe-256927.aspx
66,4945,13262/TB-TCHQ,2014,https://thuvienphapluat.vn/van-ban/Xuat-nhap-khau/Thong-bao-13262-TB-TCHQ-2014-phan-loai-hang-hoa-xuat-nhap-khau-Huong-lieu-CN-hon-hop-chat-thom-256936.aspx
66,4946,13255/TB-TCHQ,2014,https://thuvienphapluat.vn/van-ban/Xuat-nhap-khau/Thong-bao-13255-TB-TCHQ-nam-2014-phan-loai-hang-hoa-xuat-nhap-khau-Thuoc-diet-nam-CPT-Copper-pyrithione-256929.aspx
66,4947,13253/TB-TCHQ,2014,https://thuvienphapluat.vn/van-ban/Xuat-nhap-khau/Thong-bao-13253-TB-TCHQ-nam-2014-phan-loai-hang-hoa-xuat-nhap-khau-VECNI-dung-san-xuat-son-256005.aspx
66,4949,13268/TB-TCHQ,2014,https://thuvienphapluat.vn/van-ban/Xuat-nhap-khau/Thong-bao-13268-TB-TCHQ-nam-2014-phan-loai-hang-hoa-xuat-nhap-khau-Hon-hop-polyethylene-glycol-256937.aspx
66,4950,13260/TB-TCHQ,2014,https://thuvienphapluat.vn/van-ban/Xuat-nhap-khau/Thong-bao-13260-TB-TCHQ-2014-phan-loai-hang-hoa-xuat-nhap-khau-Nguyen-lieu-san-xuat-hat-nhua-256934.aspx
66,4951,13254/TB-TCHQ,2014,https://thuvienphapluat.vn/van-ban/Xuat-nhap-khau/Thong-bao-13254-TB-TCHQ-nam-2014-phan-loai-hang-hoa-xuat-nhap-khau-VECNI-dung-san-xuat-son-256006.aspx
66,4953,13251/TB-TCHQ,2014,https://thuvienphapluat.vn/van-ban/Xuat-nhap-khau/Thong-bao-13251-TB-TCHQ-2014-ket-qua-phan-loai-Hydroxit-va-oxit-sat-xuat-nhap-khau-255996.aspx
66,4955,13197/TB-TCHQ,2014,https://thuvienphapluat.vn/van-ban/Xuat-nhap-khau/Thong-bao-13197-TB-TCHQ-nam-2014-phan-loai-hang-hoa-xuat-nhap-khau-Ethylene-glycol-san-xuat-muc-in-255975.aspx
66,4957,13192/TB-TCHQ,2014,https://thuvienphapluat.vn/van-ban/Xuat-nhap-khau/Thong-bao-13192-TB-TCHQ-nam-2014-phan-loai-hang-hoa-xuat-nhap-khau-Polyeste-san-xuat-muc-in-255955.aspx
66,4959,13186/TB-TCHQ,2014,https://thuvienphapluat.vn/van-ban/Xuat-nhap-khau/Thong-bao-13186-TB-TCHQ-2014-ket-qua-phan-loai-Isophoron-diamine-xuat-nhap-khau-255948.aspx
66,4961,13184/TB-TCHQ,2014,https://thuvienphapluat.vn/van-ban/Xuat-nhap-khau/Thong-bao-13184-TB-TCHQ-2014-ket-qua-phan-loai-Axit-nhua-cay-xuat-nhap-khau-255946.aspx
66,4963,13190/TB-TCHQ,2014,https://thuvienphapluat.vn/van-ban/Xuat-nhap-khau/Thong-bao-13190-TB-TCHQ-nam-2014-phan-loai-hang-hoa-xuat-nhap-khau-san-xuat-muc-in-255953.aspx
66,4965,13162/TB-TCHQ,2014,https://thuvienphapluat.vn/van-ban/Xuat-nhap-khau/Thong-bao-13162-TB-TCHQ-nam-2014-phan-loai-hang-hoa-xuat-nhap-khau-Phu-gia-san-xuat-son-255941.aspx
66,4967,13164/TB-TCHQ,2014,https://thuvienphapluat.vn/van-ban/Xuat-nhap-khau/Thong-bao-13164-TB-TCHQ-nam-2014-phan-loai-hang-hoa-xuat-nhap-khau-Thuoc-mau-san-xuat-son-255943.aspx
66,4969,13187/TB-TCHQ,2014,https://thuvienphapluat.vn/van-ban/Xuat-nhap-khau/Thong-bao-13187-TB-TCHQ-2014-ket-qua-phan-loai-Isophorone-Diisocyanate-xuat-nhap-khau-255950.aspx
66,4971,13188/TB-TCHQ,2014,https://thuvienphapluat.vn/van-ban/Xuat-nhap-khau/Thong-bao-13188-TB-TCHQ-2014-ket-qua-phan-loai-Tetra-n-butyl-titanate-xuat-nhap-khau-255951.aspx
66,4973,13165/TB-TCHQ,2014,https://thuvienphapluat.vn/van-ban/Xuat-nhap-khau/Thong-bao-13165-TB-TCHQ-nam-2014-phan-loai-hang-hoa-xuat-nhap-khau-Thuoc-mau-san-xuat-son-255944.aspx
66,4975,13163/TB-TCHQ,2014,https://thuvienphapluat.vn/van-ban/Xuat-nhap-khau/Thong-bao-13163-TB-TCHQ-nam-2014-phan-loai-hang-hoa-xuat-nhap-khau-Thuoc-mau-san-xuat-son-255942.aspx
66,4976,13191/TB-TCHQ,2014,https://thuvienphapluat.vn/van-ban/Xuat-nhap-khau/Thong-bao-13191-TB-TCHQ-nam-2014-phan-loai-hang-hoa-xuat-nhap-khau-Polyeste-san-xuat-muc-in-255954.aspx
66,4978,13201/TB-TCHQ,2014,https://thuvienphapluat.vn/van-ban/Xuat-nhap-khau/Thong-bao-13201-TB-TCHQ-nam-2014-phan-loai-hang-hoa-xuat-nhap-khau-Nhom-tho-dinh-hinh-255976.aspx
66,4980,13195/TB-TCHQ,2014,https://thuvienphapluat.vn/van-ban/Xuat-nhap-khau/Thong-bao-13195-TB-TCHQ-nam-2014-phan-loai-hang-hoa-xuat-nhap-khau-Alphatic-Amine-san-xuat-muc-in-255973.aspx
66,4982,13185/TB-TCHQ,2014,https://thuvienphapluat.vn/van-ban/Xuat-nhap-khau/Thong-bao-13185-TB-TCHQ-2014-ket-qua-phan-loai-Isophorone-Diisocyanate-xuat-nhap-khau-255947.aspx
66,4984,13189/TB-TCHQ,2014,https://thuvienphapluat.vn/van-ban/Xuat-nhap-khau/Thong-bao-13189-TB-TCHQ-2014-ket-qua-phan-loai-Polyoxypropulene-Glycol-xuat-nhap-khau-255952.aspx
66,4986,13193/TB-TCHQ,2014,https://thuvienphapluat.vn/van-ban/Xuat-nhap-khau/Thong-bao-13193-TB-TCHQ-nam-2014-phan-loai-hang-hoa-xuat-nhap-khau-Diethylenetriamine-san-xuat-muc-in-255956.aspx
66,4988,13196/TB-TCHQ,2014,https://thuvienphapluat.vn/van-ban/Xuat-nhap-khau/Thong-bao-13196-TB-TCHQ-nam-2014-phan-loai-hang-hoa-xuat-nhap-khau-Diethanolamin-san-xuat-muc-in-255974.aspx
67,4990,13194/TB-TCHQ,2014,https://thuvienphapluat.vn/van-ban/Xuat-nhap-khau/Thong-bao-13194-TB-TCHQ-nam-2014-phan-loai-hang-hoa-xuat-nhap-khau-Ethylenediamine-san-xuat-muc-in-255972.aspx
67,4992,13166/TB-TCHQ,2014,https://thuvienphapluat.vn/van-ban/Xuat-nhap-khau/Thong-bao-13166-TB-TCHQ-2014-ket-qua-phan-loai-Thuoc-mau-san-xuat-son-Yellow-980L-xuat-nhap-khau-255945.aspx
67,4994,13097/TB-TCHQ,2014,https://thuvienphapluat.vn/van-ban/Xuat-nhap-khau/Thong-bao-13097-TB-TCHQ-nam-2014-phan-loai-hang-hoa-xuat-nhap-khau-terephthalate-lam-chat-hoa-deo-nhua-256653.aspx
67,4996,13105/TB-TCHQ,2014,https://thuvienphapluat.vn/van-ban/Xuat-nhap-khau/Thong-bao-13105-TB-TCHQ-nam-2014-phan-loai-hang-hoa-xuat-nhap-khau-Sap-nhan-tao-256659.aspx
67,4998,13101/TB-TCHQ,2014,https://thuvienphapluat.vn/van-ban/Xuat-nhap-khau/Thong-bao-13101-TB-TCHQ-nam-2014-phan-loai-hang-hoa-xuat-nhap-khau-Thep-khong-hop-kim-can-phang-nguoi-dai-256656.aspx
67,5000,13100/TB-TCHQ,2014,https://thuvienphapluat.vn/van-ban/Xuat-nhap-khau/Thong-bao-13100-TB-TCHQ-nam-2014-phan-loai-hang-hoa-xuat-nhap-khau-Axit-tactaric-Tartaric-acid-255591.aspx
67,5002,13103/TB-TCHQ,2014,https://thuvienphapluat.vn/van-ban/Xuat-nhap-khau/Thong-bao-13103-TB-TCHQ-nam-2014-phan-loai-hang-hoa-xuat-nhap-khau-Thep-du-ung-luc-256658.aspx
67,5004,13104/TB-TCHQ,2014,https://thuvienphapluat.vn/van-ban/Xuat-nhap-khau/Thong-bao-13104-TB-TCHQ-nam-2014-phan-loai-hang-hoa-xuat-nhap-khau-Tinh-bot-bap-bien-tinh-255592.aspx
67,5006,13102/TB-TCHQ,2014,https://thuvienphapluat.vn/van-ban/Xuat-nhap-khau/Thong-bao-13102-TB-TCHQ-nam-2014-phan-loai-hang-hoa-xuat-nhap-khau-Thep-tam-khong-hop-kim-can-nguoi-256657.aspx
67,5008,13107/TB-TCHQ,2014,https://thuvienphapluat.vn/van-ban/Xuat-nhap-khau/Thong-bao-13107-TB-TCHQ-nam-2014-phan-loai-hang-hoa-xuat-nhap-khau-Polyaromatic-sulfonate-nguyen-sinh-256661.aspx
67,5010,13106/TB-TCHQ,2014,https://thuvienphapluat.vn/van-ban/Xuat-nhap-khau/Thong-bao-13106-TB-TCHQ-nam-2014-phan-loai-hang-hoa-xuat-nhap-khau-Nguyen-lieu-mui-thom-thuc-an-chan-nuoi-256660.aspx
67,5012,13131/TB-TCHQ,2014,https://thuvienphapluat.vn/van-ban/Xuat-nhap-khau/Thong-bao-13131-TB-TCHQ-nam-2014-phan-loai-hang-hoa-xuat-nhap-khau-Chat-hoan-tat-256662.aspx
67,5014,13099/TB-TCHQ,2014,https://thuvienphapluat.vn/van-ban/Xuat-nhap-khau/Thong-bao-13099-TB-TCHQ-nam-2014-phan-loai-hang-hoa-xuat-nhap-khau-Chat-hoa-deo-256655.aspx
67,5016,13096/TB-TCHQ,2014,https://thuvienphapluat.vn/van-ban/Xuat-nhap-khau/Thong-bao-13096-TB-TCHQ-2014-ket-qua-xac-dinh-truoc-ma-so-Coolgel-256410.aspx
67,5018,13132/TB-TCHQ,2014,https://thuvienphapluat.vn/van-ban/Xuat-nhap-khau/Thong-bao-13132-TB-TCHQ-nam-2014-phan-loai-hang-hoa-xuat-nhap-khau-Ngo-ngot-256663.aspx
67,5020,13098/TB-TCHQ,2014,https://thuvienphapluat.vn/van-ban/Xuat-nhap-khau/Thong-bao-13098-TB-TCHQ-2014-ket-qua-phan-loai-Methyl-ethyl-ketone-xuat-nhap-khau-256654.aspx
67,5022,13050/TB-TCHQ,2014,https://thuvienphapluat.vn/van-ban/Xuat-nhap-khau/Thong-bao-13050-TB-TCHQ-2014-ket-qua-phan-loai-Dau-dua-nguyen-chat-xuat-nhap-khau-255626.aspx
67,5024,13058/TB-TCHQ,2014,https://thuvienphapluat.vn/van-ban/Xuat-nhap-khau/Thong-bao-13058-TB-TCHQ-2014-ket-qua-phan-loai-Bot-talc-TL-3-san-xuat-son-xuat-nhap-khau-256185.aspx
67,5025,13042/TB-TCHQ,2014,https://thuvienphapluat.vn/van-ban/Xuat-nhap-khau/Thong-bao-13042-TB-TCHQ-nam-2014-phan-loai-hang-hoa-xuat-nhap-khau-Giay-cuon-san-xuat-bao-bi-carton-256178.aspx
67,5026,13033/TB-TCHQ,2014,https://thuvienphapluat.vn/van-ban/Xuat-nhap-khau/Thong-bao-13033-TB-TCHQ-nam-2014-phan-loai-hang-hoa-xuat-nhap-khau-Pty-Min-A-255622.aspx
67,5028,13061/TB-TCHQ,2014,https://thuvienphapluat.vn/van-ban/Xuat-nhap-khau/Thong-bao-13061-TB-TCHQ-nam-2014-phan-loai-hang-hoa-xuat-nhap-khau-Bot-magie-oxit-256188.aspx
67,5029,13056/TB-TCHQ,2014,https://thuvienphapluat.vn/van-ban/Xuat-nhap-khau/Thong-bao-13056-TB-TCHQ-2014-ket-qua-phan-loai-Thuoc-mau-cac-loai-xuat-nhap-khau-255629.aspx
67,5031,13049/TB-TCHQ,2014,https://thuvienphapluat.vn/van-ban/Xuat-nhap-khau/Thong-bao-13049-TB-TCHQ-2014-ket-qua-phan-loai-Chat-trao-doi-ion-tu-polyme-nguyen-sinh-xuat-nhap-khau-256184.aspx
67,5032,13034/TB-TCHQ,2014,https://thuvienphapluat.vn/van-ban/Xuat-nhap-khau/Thong-bao-13034-TB-TCHQ-nam-2014-phan-loai-hang-hoa-xuat-nhap-khau-GT-Vit-PMX-No-1-255623.aspx
67,5034,13035/TB-TCHQ,2014,https://thuvienphapluat.vn/van-ban/Xuat-nhap-khau/Thong-bao-13035-TB-TCHQ-nam-2014-phan-loai-hang-hoa-xuat-nhap-khau-GT-Vit-PMX-No-3-255624.aspx
68,5036,13030/TB-TCHQ,2014,https://thuvienphapluat.vn/van-ban/Xuat-nhap-khau/Thong-bao-13030-TB-TCHQ-nam-2014-phan-loai-hang-hoa-xuat-nhap-khau-Jaco-Vitamix-201-255619.aspx
68,5038,13046/TB-TCHQ,2014,https://thuvienphapluat.vn/van-ban/Xuat-nhap-khau/Thong-bao-13046-TB-TCHQ-nam-2014-phan-loai-hang-hoa-xuat-nhap-khau-La-thach-kho-lam-nuoc-uong-256181.aspx
68,5039,13060/TB-TCHQ,2014,https://thuvienphapluat.vn/van-ban/Xuat-nhap-khau/Thong-bao-13060-TB-TCHQ-nam-2014-phan-loai-hang-hoa-xuat-nhap-khau-Voi-song-dang-cuc-roi-256187.aspx
68,5040,13031/TB-TCHQ,2014,https://thuvienphapluat.vn/van-ban/Xuat-nhap-khau/Thong-bao-13031-TB-TCHQ-2014-ket-qua-phan-loai-Jaco-Vitamix-601-Bo-sung-Premix-Vitamin-xuat-nhap-khau-255620.aspx
68,5042,13040/TB-TCHQ,2014,https://thuvienphapluat.vn/van-ban/Xuat-nhap-khau/Thong-bao-13040-TB-TCHQ-2014-ket-qua-phan-loai-Bot-tra-xanh-Green-tea-ext-xuat-nhap-khau-255625.aspx
68,5044,13059/TB-TCHQ,2014,https://thuvienphapluat.vn/van-ban/Xuat-nhap-khau/Thong-bao-13059-TB-TCHQ-nam-2014-phan-loai-hang-hoa-xuat-nhap-khau-Dau-boi-tron-banh-rang-256186.aspx
68,5045,13043/TB-TCHQ,2014,https://thuvienphapluat.vn/van-ban/Xuat-nhap-khau/Thong-bao-13043-TB-TCHQ-nam-2014-phan-loai-hang-hoa-xuat-nhap-khau-Hoa-Kim-ngan-kho-lam-nuoc-uong-256179.aspx
68,5046,13032/TB-TCHQ,2014,https://thuvienphapluat.vn/van-ban/Xuat-nhap-khau/Thong-bao-13032-TB-TCHQ-nam-2014-phan-loai-hang-hoa-xuat-nhap-khau-Pig-Min-thuc-an-chan-nuoi-255621.aspx
68,5048,13076/TB-TCHQ,2014,https://thuvienphapluat.vn/van-ban/Xuat-nhap-khau/Thong-bao-13076-TB-TCHQ-2014-ket-qua-phan-loai-Chat-dung-de-pha-loang-800-additive-xuat-nhap-khau-255589.aspx
68,5050,13062/TB-TCHQ,2014,https://thuvienphapluat.vn/van-ban/Xuat-nhap-khau/Thong-bao-13062-TB-TCHQ-2014-ket-qua-phan-loai-Muc-in-Tekprint-sw-xuat-nhap-khau-256176.aspx
68,5051,13063/TB-TCHQ,2014,https://thuvienphapluat.vn/van-ban/Xuat-nhap-khau/Thong-bao-13063-TB-TCHQ-2014-ket-qua-phan-loai-Muc-in-Tekprint-SB-xuat-nhap-khau-256177.aspx
68,5052,13044/TB-TCHQ,2014,https://thuvienphapluat.vn/van-ban/Xuat-nhap-khau/Thong-bao-13044-TB-TCHQ-nam-2014-phan-loai-hang-hoa-xuat-nhap-khau-Cay-bong-gao-kho-lam-nuoc-uong-256180.aspx
68,5053,13051/TB-TCHQ,2014,https://thuvienphapluat.vn/van-ban/Xuat-nhap-khau/Thong-bao-13051-TB-TCHQ-2014-ket-qua-phan-loai-Bot-sua-Whey-xuat-nhap-khau-255627.aspx
68,5055,13075/TB-TCHQ,2014,https://thuvienphapluat.vn/van-ban/Xuat-nhap-khau/Thong-bao-13075-TB-TCHQ-2014-ket-qua-phan-loai-Natri-Nitrate-dang-bot-xuat-nhap-khau-255631.aspx
68,5057,13077/TB-TCHQ,2014,https://thuvienphapluat.vn/van-ban/Xuat-nhap-khau/Thong-bao-13077-TB-TCHQ-nam-2014-phan-loai-hang-hoa-xuat-nhap-khau-Chat-lam-sach-be-mat-kim-loai-255590.aspx
68,5059,13057/TB-TCHQ,2014,https://thuvienphapluat.vn/van-ban/Xuat-nhap-khau/Thong-bao-13057-TB-TCHQ-2014-ket-qua-phan-loai-Thuoc-mau-cac-loai-xuat-nhap-khau-255630.aspx
68,5061,13047/TB-TCHQ,2014,https://thuvienphapluat.vn/van-ban/Xuat-nhap-khau/Thong-bao-13047-TB-TCHQ-2014-ket-qua-phan-loai-Goc-cay-dia-hoang-xuat-nhap-khau-256182.aspx
68,5062,13048/TB-TCHQ,2014,https://thuvienphapluat.vn/van-ban/Xuat-nhap-khau/Thong-bao-13048-TB-TCHQ-2014-ket-qua-phan-loai-Chitin-B-Grade-xuat-nhap-khau-256183.aspx
68,5063,13016/TB-TCHQ,2014,https://thuvienphapluat.vn/van-ban/Xuat-nhap-khau/Thong-bao-13016-TB-TCHQ-2014-ket-qua-phan-loai-Muc-in-xuat-nhap-khau-256923.aspx
68,5064,13018/TB-TCHQ,2014,https://thuvienphapluat.vn/van-ban/Xuat-nhap-khau/Thong-bao-13018-TB-TCHQ-nam-2014-phan-loai-hang-hoa-xuat-nhap-khau-Muc-in-Yellow-ink-256925.aspx
68,5065,13017/TB-TCHQ,2014,https://thuvienphapluat.vn/van-ban/Xuat-nhap-khau/Thong-bao-13017-TB-TCHQ-2014-ket-qua-phan-loai-Muc-in-Brown-ink-xuat-nhap-khau-256924.aspx
68,5066,13020/TB-TCHQ,2014,https://thuvienphapluat.vn/van-ban/Xuat-nhap-khau/Thong-bao-13020-TB-TCHQ-nam-2014-phan-loai-hang-hoa-xuat-nhap-khau-Chat-dung-duc-trong-kinh-Luperox-IPP-27-256926.aspx
68,5067,12924/TB-TCHQ,2014,https://thuvienphapluat.vn/van-ban/Xuat-nhap-khau/Thong-bao-12924-TB-TCHQ-nam-2014-phan-loai-hang-hoa-xuat-nhap-khau-Chat-lam-mat-san-xuat-my-pham-255121.aspx
68,5069,12922/TB-TCHQ,2014,https://thuvienphapluat.vn/van-ban/Xuat-nhap-khau/Thong-bao-12922-TB-TCHQ-2014-ket-qua-phan-loai-Alps-Seisui-0-5-kg-xuat-nhap-khau-256173.aspx
68,5070,12923/TB-TCHQ,2014,https://thuvienphapluat.vn/van-ban/Xuat-nhap-khau/Thong-bao-12923-TB-TCHQ-nam-2014-phan-loai-hang-hoa-xuat-nhap-khau-Nhua-dinh-gam-xe-256174.aspx
69,5071,12920/TB-TCHQ,2014,https://thuvienphapluat.vn/van-ban/Xuat-nhap-khau/Thong-bao-12920-TB-TCHQ-2014-ket-qua-phan-loai-Son-bong-than-xe-xuat-nhap-khau-256171.aspx
69,5072,12925/TB-TCHQ,2014,https://thuvienphapluat.vn/van-ban/Xuat-nhap-khau/Thong-bao-12925-TB-TCHQ-2014-ket-qua-phan-loai-KLA-GARD-xuat-nhap-khau-256175.aspx
69,5073,12921/TB-TCHQ,2014,https://thuvienphapluat.vn/van-ban/Xuat-nhap-khau/Thong-bao-12921-TB-TCHQ-2014-ket-qua-phan-loai-Melio-Oil-PW-110-liq-xuat-nhap-khau-256172.aspx
69,5074,12878/TB-TCHQ,2014,https://thuvienphapluat.vn/van-ban/Xuat-nhap-khau/Thong-bao-12878-TB-TCHQ-nam-2014-phan-loai-hang-hoa-xuat-nhap-khau-Eastman-son-go-255120.aspx
69,5076,12877/TB-TCHQ,2014,https://thuvienphapluat.vn/van-ban/Xuat-nhap-khau/Thong-bao-12877-TB-TCHQ-nam-2014-phan-loai-hang-hoa-xuat-nhap-khau-Luu-huynh-luu-hoa-cao-su-255119.aspx
69,5078,12831/TB-TCHQ,2014,https://thuvienphapluat.vn/van-ban/Xuat-nhap-khau/Thong-bao-12831-TB-TCHQ-2014-ket-qua-phan-loai-Thep-khong-hop-kim-dang-cuon-xuat-nhap-khau-257064.aspx
69,5079,12830/TB-TCHQ,2014,https://thuvienphapluat.vn/van-ban/Xuat-nhap-khau/Thong-bao-12830-TB-TCHQ-nam-2014-phan-loai-hang-hoa-xuat-nhap-khau-Thep-khong-hop-kim-256880.aspx
69,5080,12821/TB-TCHQ,2014,https://thuvienphapluat.vn/van-ban/Xuat-nhap-khau/Thong-bao-12821-TB-TCHQ-nam-2014-phan-loai-hang-hoa-xuat-nhap-khau-Nguyen-lieu-dung-dich-khoan-dau-khi-256922.aspx
69,5081,12771/TB-TCHQ,2014,https://thuvienphapluat.vn/van-ban/Xuat-nhap-khau/Thong-bao-12771-TB-TCHQ-nam-2014-phan-loai-hang-hoa-xuat-nhap-khau-Nguyen-lieu-thuc-an-chan-nuoi-255400.aspx
69,5082,12781/TB-TCHQ,2014,https://thuvienphapluat.vn/van-ban/Xuat-nhap-khau/Thong-bao-12781-TB-TCHQ-2014-ket-qua-phan-loai-Hop-chat-vong-benzothiazol-xuat-nhap-khau-255407.aspx
69,5083,12761/TB-TCHQ,2014,https://thuvienphapluat.vn/van-ban/Xuat-nhap-khau/Thong-bao-12761-TB-TCHQ-nam-2014-phan-loai-hang-hoa-xuat-nhap-khau-Cao-su-tong-hop-san-xuat-vo-ruot-xe-255393.aspx
69,5084,12764/TB-TCHQ,2014,https://thuvienphapluat.vn/van-ban/Xuat-nhap-khau/Thong-bao-12764-TB-TCHQ-nam-2014-phan-loai-hang-hoa-xuat-nhap-khau-Nhom-hop-kim-255395.aspx
69,5085,12767/TB-TCHQ,2014,https://thuvienphapluat.vn/van-ban/Xuat-nhap-khau/Thong-bao-12767-TB-TCHQ-nam-2014-phan-loai-hang-hoa-xuat-nhap-khau-Day-dai-thep-255397.aspx
69,5086,12820/TB-TCHQ,2014,https://thuvienphapluat.vn/van-ban/Xuat-nhap-khau/Thong-bao-12820-TB-TCHQ-nam-2014-phan-loai-hang-hoa-xuat-nhap-khau-Che-pham-hoa-hoc-san-xuat-son-256921.aspx
69,5087,12773/TB-TCHQ,2014,https://thuvienphapluat.vn/van-ban/Xuat-nhap-khau/Thong-bao-12773-TB-TCHQ-nam-2014-phan-loai-hang-hoa-xuat-nhap-khau-muoi-carbon-255403.aspx
69,5088,12778/TB-TCHQ,2014,https://thuvienphapluat.vn/van-ban/Xuat-nhap-khau/Thong-bao-12778-TB-TCHQ-nam-2014-phan-loai-hang-hoa-xuat-nhap-khau-Dung-dich-lam-cung-kho-255404.aspx
69,5089,12782/TB-TCHQ,2014,https://thuvienphapluat.vn/van-ban/Xuat-nhap-khau/Thong-bao-12782-TB-TCHQ-2014-ket-qua-phan-loai-Hop-chat-luu-huynh-huu-co-BZ-xuat-nhap-khau-255408.aspx
69,5090,12809/TB-TCHQ,2014,https://thuvienphapluat.vn/van-ban/Xuat-nhap-khau/Thong-bao-12809-TB-TCHQ-2014-ket-qua-phan-loai-Chat-xuc-tien-luu-hoa-cao-su-da-dieu-che-P-40-xuat-nhap-khau-256873.aspx
69,5091,12814/TB-TCHQ,2014,https://thuvienphapluat.vn/van-ban/Xuat-nhap-khau/Thong-bao-12814-TB-TCHQ-2014-phan-loai-hang-hoa-xuat-nhap-khau-Che-pham-lam-sach-da-257062.aspx
69,5092,12816/TB-TCHQ,2014,https://thuvienphapluat.vn/van-ban/Xuat-nhap-khau/Thong-bao-12816-TB-TCHQ-nam-2014-phan-loai-hang-hoa-xuat-nhap-khau-polyeste-256878.aspx
69,5093,12776/TB-TCHQ,2014,https://thuvienphapluat.vn/van-ban/Xuat-nhap-khau/Thong-bao-12776-TB-TCHQ-2014-ket-qua-phan-loai-Cao-su-tong-hop-xuat-nhap-khau-255367.aspx
69,5094,12769/TB-TCHQ,2014,https://thuvienphapluat.vn/van-ban/Xuat-nhap-khau/Thong-bao-12769-TB-TCHQ-2014-ket-qua-phan-loai-Bang-nhua-LS-Strip-MPM-JR-7-5-0-080-xuat-nhap-khau-255398.aspx
69,5095,12810/TB-TCHQ,2014,https://thuvienphapluat.vn/van-ban/Xuat-nhap-khau/Thong-bao-12810-TB-TCHQ-nam-2014-phan-loai-hang-hoa-xuat-nhap-khau-Che-pham-tach-khuon-chua-dau-silicon-256874.aspx
69,5096,12818/TB-TCHQ,2014,https://thuvienphapluat.vn/van-ban/Xuat-nhap-khau/Thong-bao-12818-TB-TCHQ-nam-2014-phan-loai-hang-hoa-xuat-nhap-khau-Polymer-tu-acrylic-Vamac-GLS-256920.aspx
69,5097,12762/TB-TCHQ,2014,https://thuvienphapluat.vn/van-ban/Xuat-nhap-khau/Thong-bao-12762-TB-TCHQ-2014-ket-qua-phan-loai-PROTIGEN-F100-xuat-nhap-khau-255394.aspx
70,5098,12783/TB-TCHQ,2014,https://thuvienphapluat.vn/van-ban/Xuat-nhap-khau/Thong-bao-12783-TB-TCHQ-nam-2014-phan-loai-hang-hoa-xuat-nhap-khau-Che-pham-xuc-tac-DC40SR-255409.aspx
70,5099,12775/TB-TCHQ,2014,https://thuvienphapluat.vn/van-ban/Xuat-nhap-khau/Thong-bao-12775-TB-TCHQ-nam-2014-phan-loai-hang-hoa-xuat-nhap-khau-Cao-su-tong-hop-san-xuat-vo-ruot-xe-255366.aspx
70,5100,12763/TB-TCHQ,2014,https://thuvienphapluat.vn/van-ban/Xuat-nhap-khau/Thong-bao-12763-TB-TCHQ-nam-2014-phan-loai-hang-hoa-xuat-nhap-khau-Nguyen-lieu-thuc-pham-chuc-nang-254433.aspx
70,5102,12777/TB-TCHQ,2014,https://thuvienphapluat.vn/van-ban/Xuat-nhap-khau/Thong-bao-12777-TB-TCHQ-2014-ket-qua-phan-loai-Kem-han-xuat-nhap-khau-255368.aspx
70,5103,12815/TB-TCHQ,2014,https://thuvienphapluat.vn/van-ban/Xuat-nhap-khau/Thong-bao-12815-TB-TCHQ-nam-2014-phan-loai-hang-hoa-xuat-nhap-khau-Chat-mau-khac-256877.aspx
70,5104,12766/TB-TCHQ,2014,https://thuvienphapluat.vn/van-ban/Xuat-nhap-khau/Thong-bao-12766-TB-TCHQ-2014-ket-qua-phan-loai-Nhom-thoi-hop-kim-xuat-nhap-khau-255396.aspx
70,5105,12779/TB-TCHQ,2014,https://thuvienphapluat.vn/van-ban/Xuat-nhap-khau/Thong-bao-12779-TB-TCHQ-2014-ket-qua-phan-loai-Blended-Polyether-Polyols-Polymeric-MDI-xuat-nhap-khau-255405.aspx
70,5106,12770/TB-TCHQ,2014,https://thuvienphapluat.vn/van-ban/Xuat-nhap-khau/Thong-bao-12770-TB-TCHQ-2014-ket-qua-phan-loai-Thuc-an-thuy-san-AG-175-xuat-nhap-khau-255399.aspx
70,5107,12813/TB-TCHQ,2014,https://thuvienphapluat.vn/van-ban/Xuat-nhap-khau/Thong-bao-12813-TB-TCHQ-nam-2014-phan-loai-hang-hoa-xuat-nhap-khau-polyete-khac-256876.aspx
70,5108,12768/TB-TCHQ,2014,https://thuvienphapluat.vn/van-ban/Xuat-nhap-khau/Thong-bao-12768-TB-TCHQ-nam-2014-phan-loai-hang-hoa-xuat-nhap-khau-Silicon-nguyen-sinh-dang-phan-tan-254434.aspx
70,5110,12774/TB-TCHQ,2014,https://thuvienphapluat.vn/van-ban/Xuat-nhap-khau/Thong-bao-12774-TB-TCHQ-nam-2014-phan-loai-hang-hoa-xuat-nhap-khau-chat-xuc-tien-luu-hoa-cao-su-255365.aspx
70,5111,12817/TB-TCHQ,2014,https://thuvienphapluat.vn/van-ban/Xuat-nhap-khau/Thong-bao-12817-TB-TCHQ-nam-2014-phan-loai-hang-hoa-xuat-nhap-khau-Propanediol-256879.aspx
70,5112,12819/TB-TCHQ,2014,https://thuvienphapluat.vn/van-ban/Xuat-nhap-khau/Thong-bao-12819-TB-TCHQ-2014-phan-loai-hang-hoa-xuat-nhap-khau-Mo-boi-tron-257063.aspx
70,5113,12772/TB-TCHQ,2014,https://thuvienphapluat.vn/van-ban/Xuat-nhap-khau/Thong-bao-12772-TB-TCHQ-2014-ket-qua-phan-loai-Chat-chong-am-tu-vo-qua-oc-cho-da-nghien-xuat-nhap-khau-255401.aspx
70,5114,12811/TB-TCHQ,2014,https://thuvienphapluat.vn/van-ban/Xuat-nhap-khau/Thong-bao-12811-TB-TCHQ-nam-2014-phan-loai-hang-hoa-xuat-nhap-khau-Bot-sillic-256875.aspx
70,5115,12780/TB-TCHQ,2014,https://thuvienphapluat.vn/van-ban/Xuat-nhap-khau/Thong-bao-12780-TB-TCHQ-2014-ket-qua-phan-loai-Techsol-100-xuat-nhap-khau-255406.aspx
70,5116,12666/TB-TCHQ,2014,https://thuvienphapluat.vn/van-ban/Xuat-nhap-khau/Thong-bao-12666-TB-TCHQ-2014-ket-qua-xac-dinh-truoc-ma-so-253831.aspx
70,5118,12621/TB-TCHQ,2014,https://thuvienphapluat.vn/van-ban/Xuat-nhap-khau/Thong-bao-12621-TB-TCHQ-2014-ket-qua-phan-loai-Thuoc-mau-xanh-crom-dung-san-xuat-son-xuat-nhap-khau-253748.aspx
70,5120,12616/TB-TCHQ,2014,https://thuvienphapluat.vn/van-ban/Xuat-nhap-khau/Thong-bao-12616-TB-TCHQ-2014-ket-qua-phan-loai-Nhua-polyete-khac-dang-nguyen-sinh-xuat-nhap-khau-254666.aspx
70,5121,12609/TB-TCHQ,2014,https://thuvienphapluat.vn/van-ban/Xuat-nhap-khau/Thong-bao-12609-TB-TCHQ-2014-phan-loai-hang-hoa-xuat-nhap-khau-Dung-moi-polyester-polyol-254660.aspx
70,5122,12610/TB-TCHQ,2014,https://thuvienphapluat.vn/van-ban/Xuat-nhap-khau/Thong-bao-12610-TB-TCHQ-2014-phan-loai-hang-hoa-xuat-nhap-khau-Dung-moi-polyester-polyol-254661.aspx
70,5123,12618/TB-TCHQ,2014,https://thuvienphapluat.vn/van-ban/Xuat-nhap-khau/Thong-bao-12618-TB-TCHQ-2014-ket-qua-phan-loai-Nhua-amino-dang-nguyen-sinh-xuat-nhap-khau-254668.aspx
70,5124,12612/TB-TCHQ,2014,https://thuvienphapluat.vn/van-ban/Xuat-nhap-khau/Thong-bao-12612-TB-TCHQ-nam-2014-phan-loai-hang-hoa-xuat-nhap-khau-Chat-gan-BYK-san-xuat-son-253745.aspx
70,5126,12619/TB-TCHQ,2014,https://thuvienphapluat.vn/van-ban/Xuat-nhap-khau/Thong-bao-12619-TB-TCHQ-nam-2014-phan-loai-hang-hoa-xuat-nhap-khau-Thuoc-mau-cam-crom-san-xuat-son-253746.aspx
70,5128,12615/TB-TCHQ,2014,https://thuvienphapluat.vn/van-ban/Xuat-nhap-khau/Thong-bao-12615-TB-TCHQ-2014-ket-qua-phan-loai-thuoc-mau-huu-co-tong-hop-xuat-nhap-khau-254665.aspx
71,5129,12613/TB-TCHQ,2014,https://thuvienphapluat.vn/van-ban/Xuat-nhap-khau/Thong-bao-12613-TB-TCHQ-2014-phan-loai-hang-hoa-xuat-nhap-khau-Nhua-polyamit-nguyen-sinh-254663.aspx
71,5130,12606/TB-TCHQ,2014,https://thuvienphapluat.vn/van-ban/Xuat-nhap-khau/Thong-bao-12606-TB-TCHQ-2014-phan-loai-hang-hoa-xuat-nhap-khau-Bot-nhao-nhom-254657.aspx
71,5131,12617/TB-TCHQ,2014,https://thuvienphapluat.vn/van-ban/Xuat-nhap-khau/Thong-bao-12617-TB-TCHQ-2014-ket-qua-phan-loai-Nhua-polyurethane-nguyen-sinh-xuat-nhap-khau-254667.aspx
71,5132,12620/TB-TCHQ,2014,https://thuvienphapluat.vn/van-ban/Xuat-nhap-khau/Thong-bao-12620-TB-TCHQ-nam-2014-phan-loai-hang-hoa-xuat-nhap-khau-Thuoc-mau-vang-crom-san-xuat-son-253747.aspx
71,5134,12607/TB-TCHQ,2014,https://thuvienphapluat.vn/van-ban/Xuat-nhap-khau/Thong-bao-12607-TB-TCHQ-2014-phan-loai-hang-hoa-xuat-nhap-khau-Domsjo-Lignin-254658.aspx
71,5135,12622/TB-TCHQ,2014,https://thuvienphapluat.vn/van-ban/Xuat-nhap-khau/Thong-bao-12622-TB-TCHQ-2014-ket-qua-phan-loai-Chat-lam-tang-do-ket-dinh-xuat-nhap-khau-253749.aspx
71,5137,12608/TB-TCHQ,2014,https://thuvienphapluat.vn/van-ban/Xuat-nhap-khau/Thong-bao-12608-TB-TCHQ-2014-phan-loai-hang-hoa-xuat-nhap-khau-Phoi-lieu-nau-men-thuy-tinh-254659.aspx
71,5138,12611/TB-TCHQ,2014,https://thuvienphapluat.vn/van-ban/Xuat-nhap-khau/Thong-bao-12611-TB-TCHQ-2014-phan-loai-hang-hoa-xuat-nhap-khau-Chat-xu-ly-254662.aspx
71,5139,12554/TB-TCHQ,2014,https://thuvienphapluat.vn/van-ban/Xuat-nhap-khau/Thong-bao-12554-TB-TCHQ-2014-ket-qua-phan-loai-Cao-su-tong-hop-san-xuat-vo-ruot-xe-xuat-nhap-khau-254631.aspx
71,5140,12560/TB-TCHQ,2014,https://thuvienphapluat.vn/van-ban/Xuat-nhap-khau/Thong-bao-12560-TB-TCHQ-nam-2014-phan-loai-hang-hoa-xuat-nhap-khau-Che-pham-chong-oxi-hoa-cao-su-254570.aspx
71,5141,12571/TB-TCHQ,2014,https://thuvienphapluat.vn/van-ban/Xuat-nhap-khau/Thong-bao-12571-TB-TCHQ-2014-ket-qua-phan-loai-Polyamit-dang-nguyen-sinh-xuat-nhap-khau-253740.aspx
71,5143,12572/TB-TCHQ,2014,https://thuvienphapluat.vn/van-ban/Xuat-nhap-khau/Thong-bao-12572-TB-TCHQ-2014-ket-qua-phan-loai-Nhua-YD-dang-nguyen-sinh-xuat-nhap-khau-253741.aspx
71,5145,12562/TB-TCHQ,2014,https://thuvienphapluat.vn/van-ban/Xuat-nhap-khau/Thong-bao-12562-TB-TCHQ-nam-2014-phan-loai-hang-hoa-xuat-nhap-khau-Cao-sam-san-xuat-thuoc-tan-duoc-254926.aspx
71,5147,12573/TB-TCHQ,2014,https://thuvienphapluat.vn/van-ban/Xuat-nhap-khau/Thong-bao-12573-TB-TCHQ-2014-ket-qua-phan-loai-Polyme-Acrylic-dang-nguyen-sinh-xuat-nhap-khau-253742.aspx
71,5149,12543/TB-TCHQ,2014,https://thuvienphapluat.vn/van-ban/Xuat-nhap-khau/Thong-bao-12543-TB-TCHQ-nam-2014-phan-loai-hang-hoa-xuat-nhap-khau-Giay-carton-bao-bi-254624.aspx
71,5150,12553/TB-TCHQ,2014,https://thuvienphapluat.vn/van-ban/Xuat-nhap-khau/Thong-bao-12553-TB-TCHQ-2014-ket-qua-phan-loai-Cao-su-diene-chua-lien-hop-xuat-nhap-khau-254630.aspx
71,5151,12579/TB-TCHQ,2014,https://thuvienphapluat.vn/van-ban/Xuat-nhap-khau/Thong-bao-12579-TB-TCHQ-2014-ket-qua-phan-loai-Xi-mang-chiu-luc-nen-nha-xuong-Primer-G-xuat-nhap-khau-254621.aspx
71,5152,12568/TB-TCHQ,2014,https://thuvienphapluat.vn/van-ban/Xuat-nhap-khau/Thong-bao-12568-TB-TCHQ-nam-2014-phan-loai-hang-hoa-xuat-nhap-khau-Vai-gia-da-xop-dang-cuon-254619.aspx
71,5153,12561/TB-TCHQ,2014,https://thuvienphapluat.vn/van-ban/Xuat-nhap-khau/Thong-bao-12561-TB-TCHQ-2014-ket-qua-phan-loai-Chat-tro-hoan-tat-LESPOLLEN-PRE-xuat-nhap-khau-254925.aspx
71,5154,12549/TB-TCHQ,2014,https://thuvienphapluat.vn/van-ban/Xuat-nhap-khau/Thong-bao-12549-TB-TCHQ-2014-ket-qua-phan-loai-Thep-can-nguoi-khong-hop-kim-xuat-nhap-khau-254629.aspx
71,5155,12555/TB-TCHQ,2014,https://thuvienphapluat.vn/van-ban/Xuat-nhap-khau/Thong-bao-12555-TB-TCHQ-nam-2014-phan-loai-hang-hoa-xuat-nhap-khau-Cao-su-tong-hop-NBR-254632.aspx
71,5156,12576/TB-TCHQ,2014,https://thuvienphapluat.vn/van-ban/Xuat-nhap-khau/Thong-bao-12576-TB-TCHQ-2014-ket-qua-phan-loai-phoi-lieu-de-nau-thuy-tinh-men-xuat-nhap-khau-254591.aspx
71,5157,12583/TB-TCHQ,2014,https://thuvienphapluat.vn/van-ban/Xuat-nhap-khau/Thong-bao-12583-TB-TCHQ-2014-ket-qua-phan-loai-Axit-oxalic-xuat-nhap-khau-254595.aspx
71,5158,12542/TB-TCHQ,2014,https://thuvienphapluat.vn/van-ban/Xuat-nhap-khau/Thong-bao-12542-TB-TCHQ-2014-ket-qua-phan-loai-Calcium-carbonate-xuat-nhap-khau-254623.aspx
71,5160,12584/TB-TCHQ,2014,https://thuvienphapluat.vn/van-ban/Xuat-nhap-khau/Thong-bao-12584-TB-TCHQ-nam-2014-phan-loai-hang-hoa-xuat-nhap-khau-Bot-mau-san-xuat-son-254622.aspx
72,5161,12566/TB-TCHQ,2014,https://thuvienphapluat.vn/van-ban/Xuat-nhap-khau/Thong-bao-12566-TB-TCHQ-2014-ket-qua-phan-loai-Thep-khong-gi-dang-tam-xuat-nhap-khau-254589.aspx
72,5162,12558/TB-TCHQ,2014,https://thuvienphapluat.vn/van-ban/Xuat-nhap-khau/Thong-bao-12558-TB-TCHQ-2014-ket-qua-phan-loai-Cao-su-clopren-xuat-nhap-khau-254568.aspx
72,5163,12559/TB-TCHQ,2014,https://thuvienphapluat.vn/van-ban/Xuat-nhap-khau/Thong-bao-12559-TB-TCHQ-nam-2014-phan-loai-hang-hoa-xuat-nhap-khau-Vong-dem-lo-xo-254569.aspx
72,5164,12580/TB-TCHQ,2014,https://thuvienphapluat.vn/van-ban/Xuat-nhap-khau/Thong-bao-12580-TB-TCHQ-2014-ket-qua-phan-loai-Chat-lam-mau-kho-da-xuat-nhap-khau-254593.aspx
72,5165,12574/TB-TCHQ,2014,https://thuvienphapluat.vn/van-ban/Xuat-nhap-khau/Thong-bao-12574-TB-TCHQ-2014-ket-qua-phan-loai-Chat-Promoter-xuat-nhap-khau-253743.aspx
72,5167,12557/TB-TCHQ,2014,https://thuvienphapluat.vn/van-ban/Xuat-nhap-khau/Thong-bao-12557-TB-TCHQ-nam-2014-phan-loai-hang-hoa-xuat-nhap-khau-Cao-su-Styren-Butadien-tong-hop-253687.aspx
72,5169,12552/TB-TCHQ,2014,https://thuvienphapluat.vn/van-ban/Xuat-nhap-khau/Thong-bao-12552-TB-TCHQ-nam-2014-phan-loai-hang-hoa-xuat-nhap-khau-Dan-xuat-carboxylic-254618.aspx
72,5170,12567/TB-TCHQ,2014,https://thuvienphapluat.vn/van-ban/Xuat-nhap-khau/Thong-bao-12567-TB-TCHQ-2014-ket-qua-phan-loai-Mang-nhua-chong-tham-HDPE-xuat-nhap-khau-254590.aspx
72,5171,12556/TB-TCHQ,2014,https://thuvienphapluat.vn/van-ban/Xuat-nhap-khau/Thong-bao-12556-TB-TCHQ-nam-2014-phan-loai-hang-hoa-xuat-nhap-khau-Cao-su-tong-hop-254633.aspx
72,5172,12546/TB-TCHQ,2014,https://thuvienphapluat.vn/van-ban/Xuat-nhap-khau/Thong-bao-12546-TB-TCHQ-nam-2014-phan-loai-hang-hoa-xuat-nhap-khau-Dan-xuat-p-phenylene-diamin-254626.aspx
72,5173,12565/TB-TCHQ,2014,https://thuvienphapluat.vn/van-ban/Xuat-nhap-khau/Thong-bao-12565-TB-TCHQ-2014-ket-qua-phan-loai-Day-thep-khong-hop-kim-xuat-nhap-khau-254588.aspx
72,5174,12563/TB-TCHQ,2014,https://thuvienphapluat.vn/van-ban/Xuat-nhap-khau/Thong-bao-12563-TB-TCHQ-2014-ket-qua-phan-loai-Kem-hop-kim-dang-thoi-xuat-nhap-khau-253688.aspx
72,5176,12547/TB-TCHQ,2014,https://thuvienphapluat.vn/van-ban/Xuat-nhap-khau/Thong-bao-12547-TB-TCHQ-nam-2014-phan-loai-hang-hoa-xuat-nhap-khau-Thep-can-nguoi-khong-hop-kim-254627.aspx
72,5177,12569/TB-TCHQ,2014,https://thuvienphapluat.vn/van-ban/Xuat-nhap-khau/Thong-bao-12569-TB-TCHQ-nam-2014-phan-loai-hang-hoa-xuat-nhap-khau-Nhua-Epoxit-dang-long-253674.aspx
72,5179,12586/TB-TCHQ,2014,https://thuvienphapluat.vn/van-ban/Xuat-nhap-khau/Thong-bao-12586-TB-TCHQ-2014-ket-qua-phan-loai-Phu-gia-nhua-Tipet-1030-xuat-nhap-khau-253744.aspx
72,5181,12570/TB-TCHQ,2014,https://thuvienphapluat.vn/van-ban/Xuat-nhap-khau/Thong-bao-12570-TB-TCHQ-nam-2014-phan-loai-hang-hoa-xuat-nhap-khau-Hon-hop-dung-moi-vo-co-253739.aspx
72,5183,12515/TB-TCHQ,2014,https://thuvienphapluat.vn/van-ban/Xuat-nhap-khau/Thong-bao-12515-TB-TCHQ-nam-2014-dinh-chinh-11225-TB-TCHQ-phan-loai-hang-hoa-xuat-nhap-khau-254432.aspx
72,5185,12548/TB-TCHQ,2014,https://thuvienphapluat.vn/van-ban/Xuat-nhap-khau/Thong-bao-12548-TB-TCHQ-2014-ket-qua-phan-loai-Thep-hop-kim-can-nong-xuat-nhap-khau-254628.aspx
72,5186,12578/TB-TCHQ,2014,https://thuvienphapluat.vn/van-ban/Xuat-nhap-khau/Thong-bao-12578-TB-TCHQ-2014-ket-qua-phan-loai-cac-chat-tron-voi-son-xuat-nhap-khau-254592.aspx
72,5187,12581/TB-TCHQ,2014,https://thuvienphapluat.vn/van-ban/Xuat-nhap-khau/Thong-bao-12581-TB-TCHQ-2014-ket-qua-phan-loai-Chat-phu-gia-dang-keo-xuat-nhap-khau-254594.aspx
72,5188,12575/TB-TCHQ,2014,https://thuvienphapluat.vn/van-ban/Xuat-nhap-khau/Thong-bao-12575-TB-TCHQ-nam-2014-phan-loai-hang-hoa-xuat-nhap-khau-Hop-chat-lam-on-dinh-plastic-254571.aspx
72,5189,12545/TB-TCHQ,2014,https://thuvienphapluat.vn/van-ban/Xuat-nhap-khau/Thong-bao-12545-TB-TCHQ-nam-2014-phan-loai-hang-hoa-xuat-nhap-khau-Hop-chat-vo-co-huu-co-khac-Silicon-254625.aspx
72,5190,12564/TB-TCHQ,2014,https://thuvienphapluat.vn/van-ban/Xuat-nhap-khau/Thong-bao-12564-TB-TCHQ-2014-ket-qua-phan-loai-Dong-tinh-che-xuat-nhap-khau-253689.aspx
72,5192,12541/TB-TCHQ,2014,https://thuvienphapluat.vn/van-ban/Xuat-nhap-khau/Thong-bao-12541-TB-TCHQ-2014-ket-qua-phan-loai-Chat-don-bang-nhua-xuat-nhap-khau-253685.aspx
72,5194,12446/TB-TCHQ,2014,https://thuvienphapluat.vn/van-ban/Xuat-nhap-khau/Thong-bao-12446-TB-TCHQ-2014-ket-qua-phan-loai-Triphenyl-phosphate-xuat-nhap-khau-253680.aspx
73,5196,12445/TB-TCHQ,2014,https://thuvienphapluat.vn/van-ban/Xuat-nhap-khau/Thong-bao-12445-TB-TCHQ-2014-ket-qua-phan-loai-Nhua-amino-dang-long-xuat-nhap-khau-253729.aspx
73,5198,12473/TB-TCHQ,2014,https://thuvienphapluat.vn/van-ban/Xuat-nhap-khau/Thong-bao-12473-TB-TCHQ-2014-phan-loai-hang-hoa-xuat-nhap-khau-Sap-nhan-tao-254656.aspx
73,5199,12437/TB-TCHQ,2014,https://thuvienphapluat.vn/van-ban/Xuat-nhap-khau/Thong-bao-12437-TB-TCHQ-nam-2014-phan-loai-hang-xuat-nhap-khau-nguyen-lieu-nuoc-rua-chen-bot-giat-253727.aspx
73,5200,12447/TB-TCHQ,2014,https://thuvienphapluat.vn/van-ban/Xuat-nhap-khau/Thong-bao-12447-TB-TCHQ-2014-ket-qua-phan-loai-Polyme-acrylic-dang-nguyen-sinh-xuat-nhap-khau-253673.aspx
73,5202,12459/TB-TCHQ,2014,https://thuvienphapluat.vn/van-ban/Xuat-nhap-khau/Thong-bao-12459-TB-TCHQ-2014-ket-qua-phan-loai-1-3-Butylene-Glycol-xuat-nhap-khau-253684.aspx
73,5204,12449/TB-TCHQ,2014,https://thuvienphapluat.vn/van-ban/Xuat-nhap-khau/Thong-bao-12449-TB-TCHQ-2014-ket-qua-phan-loai-Che-pham-xuc-tac-dung-dong-ran-Silicon-xuat-nhap-khau-253681.aspx
73,5206,12444/TB-TCHQ,2014,https://thuvienphapluat.vn/van-ban/Xuat-nhap-khau/Thong-bao-12444-TB-TCHQ-2014-ket-qua-phan-loai-Hon-hop-dung-moi-vo-co-xuat-nhap-khau-253679.aspx
73,5208,12451/TB-TCHQ,2014,https://thuvienphapluat.vn/van-ban/Xuat-nhap-khau/Thong-bao-12451-TB-TCHQ-2014-ket-qua-phan-loai-Muoi-Carbon-xuat-nhap-khau-253683.aspx
73,5210,12450/TB-TCHQ,2014,https://thuvienphapluat.vn/van-ban/Xuat-nhap-khau/Thong-bao-12450-TB-TCHQ-nam-2014-phan-loai-hang-hoa-xuat-nhap-khau-Muoi-Than-Carbon-253682.aspx
73,5212,12443/TB-TCHQ,2014,https://thuvienphapluat.vn/van-ban/Xuat-nhap-khau/Thong-bao-12443-TB-TCHQ-2014-ket-qua-phan-loai-Cao-lanh-xuat-nhap-khau-253693.aspx
73,5214,12442/TB-TCHQ,2014,https://thuvienphapluat.vn/van-ban/Xuat-nhap-khau/Thong-bao-12442-TB-TCHQ-2014-ket-qua-phan-loai-Liner-Alkyl-Benzene-HMW-xuat-nhap-khau-253728.aspx
73,5216,12398/TB-TCHQ,2014,https://thuvienphapluat.vn/van-ban/Xuat-nhap-khau/Thong-bao-12398-TB-TCHQ-nam-2014-dinh-chinh-Thong-bao-ket-qua-phan-loai-hang-hoa-xuat-nhap-khau-254431.aspx
73,5218,12405/TB-TCHQ,2014,https://thuvienphapluat.vn/van-ban/Xuat-nhap-khau/Thong-bao-12405-TB-TCHQ-2014-dinh-chinh-11786-TB-TCHQ-256862.aspx
73,5220,12275/TB-TCHQ,2014,https://thuvienphapluat.vn/van-ban/Xuat-nhap-khau/Thong-bao-12275-TB-TCHQ-nam-2014-phan-loai-hang-hoa-xuat-nhap-khau-Hop-chat-vo-co-huu-co-253532.aspx
73,5221,12291/TB-TCHQ,2014,https://thuvienphapluat.vn/van-ban/Xuat-nhap-khau/Thong-bao-12291-TB-TCHQ-nam-2014-phan-loai-hang-hoa-xuat-nhap-khau-Che-pham-hoat-dong-be-mat-253553.aspx
73,5222,12279/TB-TCHQ,2014,https://thuvienphapluat.vn/van-ban/Xuat-nhap-khau/Thong-bao-12279-TB-TCHQ-nam-2014-phan-loai-hang-hoa-xuat-nhap-khau-Nguyen-lieu-Ca-phe-Disodium-Phosphate-256695.aspx
73,5224,12283/TB-TCHQ,2014,https://thuvienphapluat.vn/van-ban/Xuat-nhap-khau/Thong-bao-12283-TB-TCHQ-nam-2014-phan-loai-hang-hoa-xuat-nhap-khau-Bot-nhom-danh-bong-kim-loai-256699.aspx
73,5226,12284/TB-TCHQ,2014,https://thuvienphapluat.vn/van-ban/Xuat-nhap-khau/Thong-bao-12284-TB-TCHQ-nam-2014-phan-loai-hang-hoa-xuat-nhap-khau-Huong-lieu-nuoc-giat-nuoc-tay-rua-256700.aspx
73,5228,12281/TB-TCHQ,2014,https://thuvienphapluat.vn/van-ban/Xuat-nhap-khau/Thong-bao-12281-TB-TCHQ-nam-2014-phan-loai-hang-hoa-xuat-nhap-khau-Polyme-acrylic-dang-nguyen-sinh-256697.aspx
73,5230,12302/TB-TCHQ,2014,https://thuvienphapluat.vn/van-ban/Xuat-nhap-khau/Thong-bao-12302-TB-TCHQ-2014-ket-qua-phan-loai-Phan-bon-Magnesium-Sulphate-Monohydrate-power-xuat-nhap-khau-253545.aspx
73,5231,12288/TB-TCHQ,2014,https://thuvienphapluat.vn/van-ban/Xuat-nhap-khau/Thong-bao-12288-TB-TCHQ-nam-2014-phan-loai-hang-hoa-xuat-nhap-khau-Men-lam-banh-my-253542.aspx
73,5232,12285/TB-TCHQ,2014,https://thuvienphapluat.vn/van-ban/Xuat-nhap-khau/Thong-bao-12285-TB-TCHQ-nam-2014-phan-loai-hang-hoa-xuat-nhap-khau-Chat-hoat-dong-be-mat-san-xuat-son-256701.aspx
73,5234,12278/TB-TCHQ,2014,https://thuvienphapluat.vn/van-ban/Xuat-nhap-khau/Thong-bao-12278-TB-TCHQ-nam-2014-phan-loai-hang-hoa-xuat-nhap-khau-Muoi-Carbon-256691.aspx
73,5236,12289/TB-TCHQ,2014,https://thuvienphapluat.vn/van-ban/Xuat-nhap-khau/Thong-bao-12289-TB-TCHQ-2014-ket-qua-phan-loai-Hon-hop-hoa-chat-san-xuat-kem-boi-da-xuat-nhap-khau-253551.aspx
73,5237,12274/TB-TCHQ,2014,https://thuvienphapluat.vn/van-ban/Xuat-nhap-khau/Thong-bao-12274-TB-TCHQ-nam-2014-phan-loai-hang-hoa-xuat-nhap-khau-Hat-nhua-EVA-ELVAX-460-253540.aspx
74,5238,12293/TB-TCHQ,2014,https://thuvienphapluat.vn/van-ban/Xuat-nhap-khau/Thong-bao-12293-TB-TCHQ-nam-2014-phan-loai-hang-hoa-xuat-nhap-khau-Chat-hoan-tat-cong-nghiep-det-253543.aspx
74,5239,12282/TB-TCHQ,2014,https://thuvienphapluat.vn/van-ban/Xuat-nhap-khau/Thong-bao-12282-TB-TCHQ-nam-2014-phan-loai-hang-hoa-xuat-nhap-khau-Polyme-acrylic-dang-nguyen-sinh-256698.aspx
74,5241,12295/TB-TCHQ,2014,https://thuvienphapluat.vn/van-ban/Xuat-nhap-khau/Thong-bao-12295-TB-TCHQ-2014-ket-qua-phan-loai-SAUBERTAC-NANO-63S-xuat-nhap-khau-253544.aspx
74,5242,12330/TB-TCHQ,2014,https://thuvienphapluat.vn/van-ban/Xuat-nhap-khau/Thong-bao-12330-TB-TCHQ-2014-phan-loai-hang-hoa-xuat-nhap-khau-Hat-nhua-253065.aspx
74,5244,12298/TB-TCHQ,2014,https://thuvienphapluat.vn/van-ban/Xuat-nhap-khau/Thong-bao-12298-TB-TCHQ-2014-phan-loai-hang-hoa-xuat-nhap-khau-Chat-tro-xuc-tien-luu-hoa-cao-su-253060.aspx
74,5246,12276/TB-TCHQ,2014,https://thuvienphapluat.vn/van-ban/Xuat-nhap-khau/Thong-bao-12276-TB-TCHQ-nam-2014-phan-loai-hang-hoa-xuat-nhap-khau-Bot-oxit-silic-253541.aspx
74,5247,12335/TB-TCHQ,2014,https://thuvienphapluat.vn/van-ban/Xuat-nhap-khau/Thong-bao-12335-TB-TCHQ-2014-phan-loai-hang-hoa-xuat-nhap-khau-Che-pham-chua-dau-Silicon-253066.aspx
74,5249,12303/TB-TCHQ,2014,https://thuvienphapluat.vn/van-ban/Xuat-nhap-khau/Thong-bao-12303-TB-TCHQ-2014-ket-qua-phan-loai-Huong-chanh-xuat-nhap-khau-253546.aspx
74,5250,12292/TB-TCHQ,2014,https://thuvienphapluat.vn/van-ban/Xuat-nhap-khau/Thong-bao-12292-TB-TCHQ-nam-2014-phan-loai-hang-hoa-xuat-nhap-khau-Chat-huu-co-hoat-dong-be-mat-253534.aspx
74,5251,12280/TB-TCHQ,2014,https://thuvienphapluat.vn/van-ban/Xuat-nhap-khau/Thong-bao-12280-TB-TCHQ-nam-2014-phan-loai-hang-hoa-xuat-nhap-khau-Bot-ket-dinh-chiu-nhiet-256696.aspx
74,5253,12277/TB-TCHQ,2014,https://thuvienphapluat.vn/van-ban/Xuat-nhap-khau/Thong-bao-12277-TB-TCHQ-nam-2014-phan-loai-hang-hoa-xuat-nhap-khau-Oxit-sat-253533.aspx
74,5254,12294/TB-TCHQ,2014,https://thuvienphapluat.vn/van-ban/Xuat-nhap-khau/Thong-bao-12294-TB-TCHQ-nam-2014-phan-loai-hang-hoa-xuat-nhap-khau-Chat-hoan-tat-trong-cong-nghiep-det-253535.aspx
74,5255,12273/TB-TCHQ,2014,https://thuvienphapluat.vn/van-ban/Xuat-nhap-khau/Thong-bao-12273-TB-TCHQ-2014-phan-loai-hang-hoa-xuat-nhap-khau-Cao-su-silicone-nguyen-sinh-253078.aspx
74,5257,12305/TB-TCHQ,2014,https://thuvienphapluat.vn/van-ban/Xuat-nhap-khau/Thong-bao-12305-TB-TCHQ-2014-ket-qua-phan-loai-Melamin-thinner-s-xuat-nhap-khau-253547.aspx
74,5258,12300/TB-TCHQ,2014,https://thuvienphapluat.vn/van-ban/Xuat-nhap-khau/Thong-bao-12300-TB-TCHQ-2014-phan-loai-hang-hoa-xuat-nhap-khau-Hop-chat-san-xuat-bang-tai-253062.aspx
74,5261,12287/TB-TCHQ,2014,https://thuvienphapluat.vn/van-ban/Xuat-nhap-khau/Thong-bao-12287-TB-TCHQ-nam-2014-phan-loai-hang-hoa-xuat-nhap-khau-Nhua-epoxy-san-xuat-son-256702.aspx
74,5263,12286/TB-TCHQ,2014,https://thuvienphapluat.vn/van-ban/Xuat-nhap-khau/Thong-bao-12286-TB-TCHQ-2014-phan-loai-hang-hoa-xuat-nhap-khau-Huong-lieu-nuoc-tay-rua-253079.aspx
74,5265,12301/TB-TCHQ,2014,https://thuvienphapluat.vn/van-ban/Xuat-nhap-khau/Thong-bao-12301-TB-TCHQ-2014-phan-loai-hang-hoa-xuat-nhap-khau-Huong-lieu-nuoc-rua-tay-253063.aspx
74,5267,12325/TB-TCHQ,2014,https://thuvienphapluat.vn/van-ban/Xuat-nhap-khau/Thong-bao-12325-TB-TCHQ-2014-phan-loai-hang-hoa-xuat-nhap-khau-Hon-hop-dung-moi-vo-co-253064.aspx
74,5269,12299/TB-TCHQ,2014,https://thuvienphapluat.vn/van-ban/Xuat-nhap-khau/Thong-bao-12299-TB-TCHQ-2014-phan-loai-hang-hoa-xuat-nhap-khau-Chat-ket-dinh-253061.aspx
74,5271,12337/TB-TCHQ,2014,https://thuvienphapluat.vn/van-ban/Xuat-nhap-khau/Thong-bao-12337-TB-TCHQ-2014-phan-loai-hang-hoa-xuat-nhap-khau-Silicon-nguyen-sinh-253067.aspx
74,5273,12290/TB-TCHQ,2014,https://thuvienphapluat.vn/van-ban/Xuat-nhap-khau/Thong-bao-12290-TB-TCHQ-2014-ket-qua-phan-loai-Chat-huu-co-hoat-dong-be-mat-TEXPORT-TA-90-xuat-nhap-khau-253552.aspx
74,5274,12304/TB-TCHQ,2014,https://thuvienphapluat.vn/van-ban/Xuat-nhap-khau/Thong-bao-12304-TB-TCHQ-nam-2014-phan-loai-hang-hoa-xuat-nhap-khau-Thuoc-mau-253536.aspx
74,5275,12246/TB-TCHQ,2014,https://thuvienphapluat.vn/van-ban/Xuat-nhap-khau/Thong-bao-12246-TB-TCHQ-nam-2014-phan-loai-hang-hoa-xuat-nhap-khau-Thep-co-khi-thanh-tron-256690.aspx
74,5277,12233/TB-TCHQ,2014,https://thuvienphapluat.vn/van-ban/Xuat-nhap-khau/Thong-bao-12233-TB-TCHQ-2014-phan-loai-hang-hoa-xuat-nhap-khau-Chat-mau-huu-co-tong-hop-254690.aspx
75,5279,12235/TB-TCHQ,2014,https://thuvienphapluat.vn/van-ban/Xuat-nhap-khau/Thong-bao-12235-TB-TCHQ-nam-2014-phan-loai-hang-hoa-xuat-nhap-khau-Chat-mau-huu-co-tong-hop-256694.aspx
75,5281,12238/TB-TCHQ,2014,https://thuvienphapluat.vn/van-ban/Xuat-nhap-khau/Thong-bao-12238-TB-TCHQ-2014-ket-qua-phan-loai-Chat-xu-ly-be-mat-cho-nganh-giay-xuat-nhap-khau-256682.aspx
75,5283,12236/TB-TCHQ,2014,https://thuvienphapluat.vn/van-ban/Xuat-nhap-khau/Thong-bao-12236-TB-TCHQ-2014-ket-qua-phan-loai-Chat-mau-huu-co-tong-hop-xuat-nhap-khau-256680.aspx
75,5285,12250/TB-TCHQ,2014,https://thuvienphapluat.vn/van-ban/Xuat-nhap-khau/Thong-bao-12250-TB-TCHQ-2014-ket-qua-phan-loai-Thep-khong-gi-xuat-nhap-khau-253385.aspx
75,5286,12247/TB-TCHQ,2014,https://thuvienphapluat.vn/van-ban/Xuat-nhap-khau/Thong-bao-12247-TB-TCHQ-2014-ket-qua-phan-loai-Thep-co-khi-xuat-nhap-khau-253383.aspx
75,5287,12237/TB-TCHQ,2014,https://thuvienphapluat.vn/van-ban/Xuat-nhap-khau/Thong-bao-12237-TB-TCHQ-2014-ket-qua-phan-loai-Dianix-Red-UN-SE-xuat-nhap-khau-256681.aspx
75,5289,12248/TB-TCHQ,2014,https://thuvienphapluat.vn/van-ban/Xuat-nhap-khau/Thong-bao-12248-TB-TCHQ-2014-ket-qua-phan-loai-Thep-co-khi-khong-hop-kim-xuat-nhap-khau-253384.aspx
75,5290,12232/TB-TCHQ,2014,https://thuvienphapluat.vn/van-ban/Xuat-nhap-khau/Thong-bao-12232-TB-TCHQ-2014-phan-loai-hang-hoa-xuat-nhap-khau-Dung-moi-254689.aspx
75,5292,12244/TB-TCHQ,2014,https://thuvienphapluat.vn/van-ban/Xuat-nhap-khau/Thong-bao-12244-TB-TCHQ-nam-2014-phan-loai-hang-hoa-xuat-nhap-khau-Thep-hop-kim-thanh-can-nong-256687.aspx
75,5294,12245/TB-TCHQ,2014,https://thuvienphapluat.vn/van-ban/Xuat-nhap-khau/Thong-bao-12245-TB-TCHQ-nam-2014-phan-loai-hang-hoa-xuat-nhap-khau-Thep-tron-khong-gi-256689.aspx
75,5296,12239/TB-TCHQ,2014,https://thuvienphapluat.vn/van-ban/Xuat-nhap-khau/Thong-bao-12239-TB-TCHQ-2014-ket-qua-phan-loai-Keo-chat-dinh-lam-tu-polymer-xuat-nhap-khau-256683.aspx
75,5298,12231/TB-TCHQ,2014,https://thuvienphapluat.vn/van-ban/Xuat-nhap-khau/Thong-bao-12231-TB-TCHQ-nam-2014-phan-loai-hang-hoa-xuat-nhap-khau-Polyurethan-nguyen-sinh-254761.aspx
75,5300,12240/TB-TCHQ,2014,https://thuvienphapluat.vn/van-ban/Xuat-nhap-khau/Thong-bao-12240-TB-TCHQ-2014-phan-loai-hang-hoa-xuat-nhap-khau-Dung-dich-rua-dau-eClean-21NT-253077.aspx
75,5302,12241/TB-TCHQ,2014,https://thuvienphapluat.vn/van-ban/Xuat-nhap-khau/Thong-bao-12241-TB-TCHQ-2014-ket-qua-phan-loai-Che-pham-lam-sach-kim-loai-han-thiec-xuat-nhap-khau-256684.aspx
75,5304,12243/TB-TCHQ,2014,https://thuvienphapluat.vn/van-ban/Xuat-nhap-khau/Thong-bao-12243-TB-TCHQ-nam-2014-phan-loai-hang-hoa-xuat-nhap-khau-Thep-khong-hop-kim-thanh-que-can-nong-256686.aspx
75,5306,12234/TB-TCHQ,2014,https://thuvienphapluat.vn/van-ban/Xuat-nhap-khau/Thong-bao-12234-TB-TCHQ-nam-2014-phan-loai-hang-hoa-xuat-nhap-khau-Chat-mau-huu-co-tong-hop-256693.aspx
75,5308,12242/TB-TCHQ,2014,https://thuvienphapluat.vn/van-ban/Xuat-nhap-khau/Thong-bao-12242-TB-TCHQ-2014-ket-qua-phan-loai-Dung-moi-pha-muc-xuat-nhap-khau-256685.aspx
75,5310,12249/TB-TCHQ,2014,https://thuvienphapluat.vn/van-ban/Xuat-nhap-khau/Thong-bao-12249-TB-TCHQ-2014-ket-qua-phan-loai-Thep-hop-kim-xuat-nhap-khau-253350.aspx
75,5311,12210/TB-TCHQ,2014,https://thuvienphapluat.vn/van-ban/Xuat-nhap-khau/Thong-bao-12210-TB-TCHQ-nam-2014-phan-loai-hang-hoa-xuat-nhap-khau-Vecni-phan-tan-trong-moi-truong-nuoc-254756.aspx
75,5313,12208/TB-TCHQ,2014,https://thuvienphapluat.vn/van-ban/Xuat-nhap-khau/Thong-bao-12208-TB-TCHQ-2014-ket-qua-phan-loai-Bot-tao-xi-san-xuat-nhom-billet-xuat-nhap-khau-254754.aspx
75,5315,12158/TB-TCHQ,2014,https://thuvienphapluat.vn/van-ban/Xuat-nhap-khau/Thong-bao-12158-TB-TCHQ-2014-phan-loai-hang-hoa-xuat-nhap-khau-Chat-phu-gia-SC-7000TFV-253072.aspx
75,5317,12205/TB-TCHQ,2014,https://thuvienphapluat.vn/van-ban/Xuat-nhap-khau/Thong-bao-12205-TB-TCHQ-2014-phan-loai-hang-hoa-xuat-nhap-khau-Vai-det-thoi-254716.aspx
75,5319,12211/TB-TCHQ,2014,https://thuvienphapluat.vn/van-ban/Xuat-nhap-khau/Thong-bao-12211-TB-TCHQ-nam-2014-phan-loai-hang-hoa-xuat-nhap-khau-Son-chiu-nhiet-254757.aspx
75,5321,12198/TB-TCHQ,2014,https://thuvienphapluat.vn/van-ban/Xuat-nhap-khau/Thong-bao-12198-TB-TCHQ-2014-ket-qua-phan-loai-DISPERCOLL-U-53-xuat-nhap-khau-254751.aspx
75,5323,12189/TB-TCHQ,2014,https://thuvienphapluat.vn/van-ban/Xuat-nhap-khau/Thong-bao-12189-TB-TCHQ-2014-ket-qua-phan-loai-Chat-dong-ran-Curing-agent-A100-xuat-nhap-khau-253381.aspx
76,5324,12161/TB-TCHQ,2014,https://thuvienphapluat.vn/van-ban/Xuat-nhap-khau/Thong-bao-12161-TB-TCHQ-2014-phan-loai-hang-hoa-xuat-nhap-khau-Chat-phu-gia-SS-9512-253075.aspx
76,5326,12197/TB-TCHQ,2014,https://thuvienphapluat.vn/van-ban/Xuat-nhap-khau/Thong-bao-12197-TB-TCHQ-2014-ket-qua-phan-loai-Keo-nhua-deo-nong-chay-xuat-nhap-khau-254750.aspx
76,5328,12207/TB-TCHQ,2014,https://thuvienphapluat.vn/van-ban/Xuat-nhap-khau/Thong-bao-12207-TB-TCHQ-2014-phan-loai-hang-hoa-xuat-nhap-khau-Cao-su-cloropren-dang-latex-254718.aspx
76,5330,12200/TB-TCHQ,2014,https://thuvienphapluat.vn/van-ban/Xuat-nhap-khau/Thong-bao-12200-TB-TCHQ-2014-ket-qua-phan-loai-Phu-gia-nham-Bentoneite-L881-xuat-nhap-khau-254753.aspx
76,5332,12187/TB-TCHQ,2014,https://thuvienphapluat.vn/van-ban/Xuat-nhap-khau/Thong-bao-12187-TB-TCHQ-2014-ket-qua-phan-loai-Chat-dan-Leveling-L88-xuat-nhap-khau-253380.aspx
76,5333,12199/TB-TCHQ,2014,https://thuvienphapluat.vn/van-ban/Xuat-nhap-khau/Thong-bao-12199-TB-TCHQ-2014-ket-qua-phan-loai-JEFFOX-WL5000-xuat-nhap-khau-254752.aspx
76,5335,12194/TB-TCHQ,2014,https://thuvienphapluat.vn/van-ban/Xuat-nhap-khau/Thong-bao-12194-TB-TCHQ-2014-phan-loai-hang-hoa-xuat-nhap-khau-Chat-huu-co-hoat-dong-be-mat-254705.aspx
76,5337,12214/TB-TCHQ,2014,https://thuvienphapluat.vn/van-ban/Xuat-nhap-khau/Thong-bao-12214-TB-TCHQ-nam-2014-phan-loai-hang-hoa-xuat-nhap-khau-Benzyl-benzoate-254760.aspx
76,5339,12195/TB-TCHQ,2014,https://thuvienphapluat.vn/van-ban/Xuat-nhap-khau/Thong-bao-12195-TB-TCHQ-2014-phan-loai-hang-hoa-xuat-nhap-khau-Che-pham-xu-ly-nuoc-co-son-thua-254706.aspx
76,5341,12157/TB-TCHQ,2014,https://thuvienphapluat.vn/van-ban/Xuat-nhap-khau/Thong-bao-12157-TB-TCHQ-2014-phan-loai-hang-hoa-xuat-nhap-khau-Nhua-PU-tong-hop-253071.aspx
76,5343,12215/TB-TCHQ,2014,https://thuvienphapluat.vn/van-ban/Xuat-nhap-khau/Thong-bao-12215-TB-TCHQ-2014-ket-qua-phan-loai-P-Tert-Butylbenzoic-Acid-dung-cong-nghiep-det-xuat-nhap-khau-253382.aspx
76,5344,12209/TB-TCHQ,2014,https://thuvienphapluat.vn/van-ban/Xuat-nhap-khau/Thong-bao-12209-TB-TCHQ-2014-ket-qua-phan-loai-Hon-hop-vo-co-bua-silic-oxit-nhom-dang-hat-xuat-nhap-khau-254755.aspx
76,5346,12216/TB-TCHQ,2014,https://thuvienphapluat.vn/van-ban/Xuat-nhap-khau/Thong-bao-12216-TB-TCHQ-2014-ket-qua-phan-loai-Hop-chat-huu-co-chua-phospho-xuat-nhap-khau-253349.aspx
76,5348,12188/TB-TCHQ,2014,https://thuvienphapluat.vn/van-ban/Xuat-nhap-khau/Thong-bao-12188-TB-TCHQ-nam-2014-phan-loai-hang-hoa-xuat-nhap-khau-Nguyen-lieu-san-xuat-son-253531.aspx
76,5349,12186/TB-TCHQ,2014,https://thuvienphapluat.vn/van-ban/Xuat-nhap-khau/Thong-bao-12186-TB-TCHQ-2014-ket-qua-phan-loai-Giay-lop-mat-TEST-LINER-xuat-nhap-khau-253379.aspx
76,5350,12203/TB-TCHQ,2014,https://thuvienphapluat.vn/van-ban/Xuat-nhap-khau/Thong-bao-12203-TB-TCHQ-2014-ket-qua-phan-loai-Khu-khi-Anti-yellowing-Benzoin-L307-xuat-nhap-khau-254714.aspx
76,5352,12206/TB-TCHQ,2014,https://thuvienphapluat.vn/van-ban/Xuat-nhap-khau/Thong-bao-12206-TB-TCHQ-2014-phan-loai-hang-hoa-xuat-nhap-khau-Tam-SIC-lo-nung-254717.aspx
76,5354,12201/TB-TCHQ,2014,https://thuvienphapluat.vn/van-ban/Xuat-nhap-khau/Thong-bao-12201-TB-TCHQ-2014-phan-loai-hang-hoa-xuat-nhap-khau-Nguyen-lieu-san-xuat-son-254707.aspx
76,5356,12159/TB-TCHQ,2014,https://thuvienphapluat.vn/van-ban/Xuat-nhap-khau/Thong-bao-12159-TB-TCHQ-2014-phan-loai-hang-hoa-xuat-nhap-khau-Nhua-PU-tong-hop-ISW-580V-253073.aspx
76,5358,12185/TB-TCHQ,2014,https://thuvienphapluat.vn/van-ban/Xuat-nhap-khau/Thong-bao-12185-TB-TCHQ-2014-ket-qua-phan-loai-Giay-lop-mat-TEST-LINER-xuat-nhap-khau-253378.aspx
76,5359,12212/TB-TCHQ,2014,https://thuvienphapluat.vn/van-ban/Xuat-nhap-khau/Thong-bao-12212-TB-TCHQ-nam-2014-phan-loai-hang-hoa-xuat-nhap-khau-WolIastonite-254758.aspx
76,5361,12191/TB-TCHQ,2014,https://thuvienphapluat.vn/van-ban/Xuat-nhap-khau/Thong-bao-12191-TB-TCHQ-2014-phan-loai-hang-hoa-xuat-nhap-khau-Bot-mau-253076.aspx
76,5363,12204/TB-TCHQ,2014,https://thuvienphapluat.vn/van-ban/Xuat-nhap-khau/Thong-bao-12204-TB-TCHQ-2014-phan-loai-hang-hoa-xuat-nhap-khau-Bot-ta-nanh-254715.aspx
76,5365,12190/TB-TCHQ,2014,https://thuvienphapluat.vn/van-ban/Xuat-nhap-khau/Thong-bao-12190-TB-TCHQ-2014-ket-qua-phan-loai-Phu-gia-lam-kin-xuat-nhap-khau-254748.aspx
76,5367,12160/TB-TCHQ,2014,https://thuvienphapluat.vn/van-ban/Xuat-nhap-khau/Thong-bao-12160-TB-TCHQ-2014-phan-loai-hang-hoa-xuat-nhap-khau-Chat-phu-gia-SF-37VV-253074.aspx
77,5369,12213/TB-TCHQ,2014,https://thuvienphapluat.vn/van-ban/Xuat-nhap-khau/Thong-bao-12213-TB-TCHQ-nam-2014-phan-loai-hang-hoa-xuat-nhap-khau-Che-pham-chong-an-mon-chong-gi-254759.aspx
77,5371,12202/TB-TCHQ,2014,https://thuvienphapluat.vn/van-ban/Xuat-nhap-khau/Thong-bao-12202-TB-TCHQ-2014-ket-qua-phan-loai-Nguyen-lieu-dung-trong-san-xuat-son-xuat-nhap-khau-254713.aspx
77,5373,12196/TB-TCHQ,2014,https://thuvienphapluat.vn/van-ban/Xuat-nhap-khau/Thong-bao-12196-TB-TCHQ-2014-ket-qua-phan-loai-Gilsonite-xuat-nhap-khau-254749.aspx
77,5375,12193/TB-TCHQ,2014,https://thuvienphapluat.vn/van-ban/Xuat-nhap-khau/Thong-bao-12193-TB-TCHQ-2014-phan-loai-hang-hoa-xuat-nhap-khau-Che-pham-xu-ly-be-mat-kim-loai-254704.aspx
77,5377,12192/TB-TCHQ,2014,https://thuvienphapluat.vn/van-ban/Xuat-nhap-khau/Thong-bao-12192-TB-TCHQ-2014-phan-loai-hang-hoa-xuat-nhap-khau-Chat-lam-mem-cong-nghiep-det-254688.aspx
77,5379,12121/TB-TCHQ,2014,https://thuvienphapluat.vn/van-ban/Xuat-nhap-khau/Thong-bao-12121-TB-TCHQ-nam-2014-phan-loai-hang-hoa-xuat-nhap-khau-Nhua-acrylic-dang-nguyen-sinh-252605.aspx
77,5381,12120/TB-TCHQ,2014,https://thuvienphapluat.vn/van-ban/Xuat-nhap-khau/Thong-bao-12120-TB-TCHQ-nam-2014-phan-loai-hang-hoa-xuat-nhap-khau-Luoi-niken-252641.aspx
77,5383,12099/TB-TCHQ,2014,https://thuvienphapluat.vn/van-ban/Xuat-nhap-khau/Thong-bao-12099-TB-TCHQ-2014-ket-qua-phan-loai-Che-pham-tach-khuon-xuat-nhap-khau-253345.aspx
77,5384,12100/TB-TCHQ,2014,https://thuvienphapluat.vn/van-ban/Xuat-nhap-khau/Thong-bao-12100-TB-TCHQ-2014-ket-qua-phan-loai-Che-pham-chong-oxi-hoa-cho-plastic-xuat-nhap-khau-253346.aspx
77,5385,12076/TB-TCHQ,2014,https://thuvienphapluat.vn/van-ban/Xuat-nhap-khau/Thong-bao-12076-TB-TCHQ-2014-ket-qua-phan-loai-Dong-day-bang-hop-kim-dong-xuat-nhap-khau-253343.aspx
77,5386,12079/TB-TCHQ,2014,https://thuvienphapluat.vn/van-ban/Xuat-nhap-khau/Thong-bao-12079-TB-TCHQ-2014-ket-qua-phan-loai-Thuc-pham-chuc-nang-Nutrilite-Double-X-xuat-nhap-khau-253377.aspx
77,5387,12078/TB-TCHQ,2014,https://thuvienphapluat.vn/van-ban/Xuat-nhap-khau/Thong-bao-12078-TB-TCHQ-2014-ket-qua-phan-loai-Thuc-pham-chuc-nang-xuat-nhap-khau-253344.aspx
77,5388,12102/TB-TCHQ,2014,https://thuvienphapluat.vn/van-ban/Xuat-nhap-khau/Thong-bao-12102-TB-TCHQ-2014-ket-qua-phan-loai-Chat-phu-tro-san-xuat-vo-nang-rong-xuat-nhap-khau-253348.aspx
77,5389,12101/TB-TCHQ,2014,https://thuvienphapluat.vn/van-ban/Xuat-nhap-khau/Thong-bao-12101-TB-TCHQ-2014-ket-qua-phan-loai-Axit-Stearic-xuat-nhap-khau-253347.aspx
77,5390,12075/TB-TCHQ,2014,https://thuvienphapluat.vn/van-ban/Xuat-nhap-khau/Thong-bao-12075-TB-TCHQ-2014-ket-qua-phan-loai-Tam-dong-xuat-nhap-khau-253342.aspx
77,5391,11981/TB-TCHQ,2014,https://thuvienphapluat.vn/van-ban/Xuat-nhap-khau/Thong-bao-11981-TB-TCHQ-2014-ket-qua-phan-loai-Dialkylester-Ammonium-Methosulfate-xuat-nhap-khau-252809.aspx
77,5393,11997/TB-TCHQ,2014,https://thuvienphapluat.vn/van-ban/Xuat-nhap-khau/Thong-bao-11997-TB-TCHQ-2014-phan-loai-hang-hoa-xuat-nhap-khau-Sua-rua-mat-252910.aspx
77,5395,12015/TB-TCHQ,2014,https://thuvienphapluat.vn/van-ban/Xuat-nhap-khau/Thong-bao-12015-TB-TCHQ-2014-phan-loai-hang-hoa-xuat-nhap-khau-Thep-hop-kim-252918.aspx
77,5397,12025/TB-TCHQ,2014,https://thuvienphapluat.vn/van-ban/Xuat-nhap-khau/Thong-bao-12025-TB-TCHQ-2014-ket-qua-phan-loai-Chat-Ethanol-xuat-nhap-khau-252927.aspx
77,5399,12006/TB-TCHQ,2014,https://thuvienphapluat.vn/van-ban/Xuat-nhap-khau/Thong-bao-12006-TB-TCHQ-2014-phan-loai-hang-hoa-xuat-nhap-khau-Nhua-dau-mo-nguyen-sinh-252968.aspx
77,5401,11996/TB-TCHQ,2014,https://thuvienphapluat.vn/van-ban/Xuat-nhap-khau/Thong-bao-11996-TB-TCHQ-2014-phan-loai-hang-hoa-xuat-nhap-khau-Sua-rua-mat-DABO-252909.aspx
77,5403,12002/TB-TCHQ,2014,https://thuvienphapluat.vn/van-ban/Xuat-nhap-khau/Thong-bao-12002-TB-TCHQ-2014-phan-loai-hang-xuat-nhap-khau-Chat-huu-co-be-mat-san-xuat-my-pham-252965.aspx
77,5405,12009/TB-TCHQ,2014,https://thuvienphapluat.vn/van-ban/Xuat-nhap-khau/Thong-bao-12009-TB-TCHQ-2014-phan-loai-hang-xuat-nhap-khau-Natri-silicate-Super-Deflocculant-ST-03-252971.aspx
77,5407,12014/TB-TCHQ,2014,https://thuvienphapluat.vn/van-ban/Xuat-nhap-khau/Thong-bao-12014-TB-TCHQ-2014-phan-loai-hang-hoa-xuat-nhap-khau-Tam-ke-chiu-lua-252917.aspx
77,5409,12022/TB-TCHQ,2014,https://thuvienphapluat.vn/van-ban/Xuat-nhap-khau/Thong-bao-12022-TB-TCHQ-2014-ket-qua-phan-loai-Che-pham-vo-co-xuat-nhap-khau-252924.aspx
78,5411,11994/TB-TCHQ,2014,https://thuvienphapluat.vn/van-ban/Xuat-nhap-khau/Thong-bao-11994-TB-TCHQ-2014-phan-loai-hang-hoa-xuat-nhap-khau-Chat-xu-ly-be-mat-san-pham-252908.aspx
78,5413,11983/TB-TCHQ,2014,https://thuvienphapluat.vn/van-ban/Xuat-nhap-khau/Thong-bao-11983-TB-TCHQ-2014-phan-loai-hang-hoa-xuat-nhap-khau-Che-pham-hoat-dong-be-mat-252879.aspx
78,5415,12010/TB-TCHQ,2014,https://thuvienphapluat.vn/van-ban/Xuat-nhap-khau/Thong-bao-12010-TB-TCHQ-nam-2014-phan-loai-hang-hoa-Hon-hop-dung-moi-vo-co-nguyen-lieu-san-xuat-son-251759.aspx
78,5417,11982/TB-TCHQ,2014,https://thuvienphapluat.vn/van-ban/Xuat-nhap-khau/Thong-bao-11982-TB-TCHQ-nam-2014-phan-loai-PK-4910N-san-xuat-hoa-chat-xu-ly-be-mat-kim-loai-251756.aspx
78,5418,11992/TB-TCHQ,2014,https://thuvienphapluat.vn/van-ban/Xuat-nhap-khau/Thong-bao-11992-TB-TCHQ-2014-phan-loai-hang-hoa-xuat-nhap-khau-Che-pham-huong-lieu-252906.aspx
78,5420,12019/TB-TCHQ,2014,https://thuvienphapluat.vn/van-ban/Xuat-nhap-khau/Thong-bao-12019-TB-TCHQ-2014-phan-loai-hang-hoa-xuat-nhap-khau-Chat-xuc-tien-luu-hoa-cao-su-252921.aspx
78,5422,12026/TB-TCHQ,2014,https://thuvienphapluat.vn/van-ban/Xuat-nhap-khau/Thong-bao-12026-TB-TCHQ-2014-phan-loai-hang-hoa-xuat-nhap-khau-Amonia-dang-dung-dich-252928.aspx
78,5424,12027/TB-TCHQ,2014,https://thuvienphapluat.vn/van-ban/Xuat-nhap-khau/Thong-bao-12027-TB-TCHQ-2014-phan-loai-hang-hoa-xuat-nhap-khau-Natri-polyacrylate-nguyen-sinh-252929.aspx
78,5426,11986/TB-TCHQ,2014,https://thuvienphapluat.vn/van-ban/Xuat-nhap-khau/Thong-bao-11986-TB-TCHQ-2014-phan-loai-hang-hoa-xuat-nhap-khau-Chat-hoat-dong-be-mat-252882.aspx
78,5428,11979/TB-TCHQ,2014,https://thuvienphapluat.vn/van-ban/Xuat-nhap-khau/Thong-bao-11979-TB-TCHQ-2014-ket-qua-phan-loai-XNK-Nguyen-lieu-san-xuat-dung-dich-khoan-dau-khi-Resinex-II-252807.aspx
78,5430,11980/TB-TCHQ,2014,https://thuvienphapluat.vn/van-ban/Xuat-nhap-khau/Thong-bao-11980-TB-TCHQ-2014-ket-qua-phan-loai-Nguyen-lieu-san-xuat-dung-dich-khoan-dau-khi-Safe-Surf-WN-xuat-nhap-khau-252808.aspx
78,5432,11998/TB-TCHQ,2014,https://thuvienphapluat.vn/van-ban/Xuat-nhap-khau/Thong-bao-11998-TB-TCHQ-2014-phan-loai-hang-hoa-xuat-nhap-khau-Sua-rua-mat-DABO-252961.aspx
78,5434,11978/TB-TCHQ,2014,https://thuvienphapluat.vn/van-ban/Xuat-nhap-khau/Thong-bao-11978-TB-TCHQ-2014-ket-qua-phan-loai-Chat-lam-sach-gi-dung-cho-khuon-duc-nhua-xuat-nhap-khau-252806.aspx
78,5436,11995/TB-TCHQ,2014,https://thuvienphapluat.vn/van-ban/Xuat-nhap-khau/Thong-bao-11995-TB-TCHQ-nam-2014-phan-loai-Thep-hop-kim-dang-thanh-que-khac-can-nong-mat-cat-ngang-251757.aspx
78,5438,12000/TB-TCHQ,2014,https://thuvienphapluat.vn/van-ban/Xuat-nhap-khau/Thong-bao-12000-TB-TCHQ-2014-phan-loai-hang-hoa-xuat-nhap-khau-Sua-rua-mat-DABO-252963.aspx
78,5440,12016/TB-TCHQ,2014,https://thuvienphapluat.vn/van-ban/Xuat-nhap-khau/Thong-bao-12016-TB-TCHQ-2014-phan-loai-hang-hoa-xuat-nhap-khau-Thep-hop-kim-252919.aspx
78,5442,12028/TB-TCHQ,2014,https://thuvienphapluat.vn/van-ban/Xuat-nhap-khau/Thong-bao-12028-TB-TCHQ-2014-phan-loai-hang-hoa-xuat-nhap-khau-Polybutene-nguyen-sinh-dang-long-252930.aspx
78,5444,12023/TB-TCHQ,2014,https://thuvienphapluat.vn/van-ban/Xuat-nhap-khau/Thong-bao-12023-TB-TCHQ-2014-ket-qua-phan-loai-Chat-chiu-lua-xuat-nhap-khau-252925.aspx
78,5446,11987/TB-TCHQ,2014,https://thuvienphapluat.vn/van-ban/Xuat-nhap-khau/Thong-bao-11987-TB-TCHQ-2014-phan-loai-hang-hoa-xuat-nhap-khau-Chat-huu-co-hoat-dong-be-mat-252883.aspx
78,5448,11991/TB-TCHQ,2014,https://thuvienphapluat.vn/van-ban/Xuat-nhap-khau/Thong-bao-11991-TB-TCHQ-2014-ket-qua-phan-loai-Huong-chanh-xuat-nhap-khau-252905.aspx
78,5450,12029/TB-TCHQ,2014,https://thuvienphapluat.vn/van-ban/Xuat-nhap-khau/Thong-bao-12029-TB-TCHQ-2014-phan-loai-hang-hoa-xuat-nhap-khau-Hon-hop-cac-chat-thom-252931.aspx
78,5452,12020/TB-TCHQ,2014,https://thuvienphapluat.vn/van-ban/Xuat-nhap-khau/Thong-bao-12020-TB-TCHQ-2014-phan-loai-hang-hoa-xuat-nhap-khau-Chat-xuc-tien-luu-hoa-cao-su-252922.aspx
78,5454,11999/TB-TCHQ,2014,https://thuvienphapluat.vn/van-ban/Xuat-nhap-khau/Thong-bao-11999-TB-TCHQ-2014-ket-qua-phan-loai-Sua-rua-mat-DABO-Aloe-Foam-Cleanser-xuat-nhap-khau-252962.aspx
78,5456,12005/TB-TCHQ,2014,https://thuvienphapluat.vn/van-ban/Xuat-nhap-khau/Thong-bao-12005-TB-TCHQ-2014-phan-loai-hang-hoa-xuat-nhap-khau-Chat-phu-gia-xi-mang-252967.aspx
78,5458,12031/TB-TCHQ,2014,https://thuvienphapluat.vn/van-ban/Xuat-nhap-khau/Thong-bao-12031-TB-TCHQ-2014-phan-loai-hang-hoa-xuat-nhap-khau-Hon-hop-cac-chat-thom-252974.aspx
79,5460,11988/TB-TCHQ,2014,https://thuvienphapluat.vn/van-ban/Xuat-nhap-khau/Thong-bao-11988-TB-TCHQ-2014-phan-loai-hang-hoa-xuat-nhap-khau-Chat-hoat-dong-be-mat-252884.aspx
79,5462,11985/TB-TCHQ,2014,https://thuvienphapluat.vn/van-ban/Xuat-nhap-khau/Thong-bao-11985-TB-TCHQ-2014-phan-loai-hang-hoa-xuat-nhap-khau-Silicon-nguyen-sinh-long-252881.aspx
79,5464,11990/TB-TCHQ,2014,https://thuvienphapluat.vn/van-ban/Xuat-nhap-khau/Thong-bao-11990-TB-TCHQ-2014-ket-qua-phan-loai-vat-tu-nguyen-lieu-phuc-vu-san-xuat-hoa-pham-khoan-252904.aspx
79,5466,12018/TB-TCHQ,2014,https://thuvienphapluat.vn/van-ban/Xuat-nhap-khau/Thong-bao-12018-TB-TCHQ-2014-phan-loai-hang-hoa-xuat-nhap-khau-Chat-xuc-tien-luu-hoa-cao-su-252920.aspx
79,5468,12030/TB-TCHQ,2014,https://thuvienphapluat.vn/van-ban/Xuat-nhap-khau/Thong-bao-12030-TB-TCHQ-2014-phan-loai-hang-hoa-xuat-nhap-khau-Tinh-bot-bien-tinh-252973.aspx
79,5472,12004/TB-TCHQ,2014,https://thuvienphapluat.vn/van-ban/Xuat-nhap-khau/Thong-bao-12004-TB-TCHQ-2014-phan-loai-hang-hoa-xuat-nhap-khau-Chat-phu-gia-xi-mang-252966.aspx
79,5474,11984/TB-TCHQ,2014,https://thuvienphapluat.vn/van-ban/Xuat-nhap-khau/Thong-bao-11984-TB-TCHQ-2014-phan-loai-hang-hoa-xuat-nhap-khau-Che-pham-hoat-dong-be-mat-252880.aspx
79,5476,12021/TB-TCHQ,2014,https://thuvienphapluat.vn/van-ban/Xuat-nhap-khau/Thong-bao-12021-TB-TCHQ-2014-phan-loai-hang-hoa-xuat-nhap-khau-Chat-xuc-tien-luu-hoa-cao-su-252923.aspx
79,5478,12012/TB-TCHQ,2014,https://thuvienphapluat.vn/van-ban/Xuat-nhap-khau/Thong-bao-12012-TB-TCHQ-nam-2014-phan-loai-hang-hoa-Thuoc-mau-chua-ham-luong-DIOXIT-TITAN-251761.aspx
79,5480,11989/TB-TCHQ,2014,https://thuvienphapluat.vn/van-ban/Xuat-nhap-khau/Thong-bao-11989-TB-TCHQ-2014-phan-loai-hang-hoa-xuat-nhap-khau-Hon-hop-chat-thom-252885.aspx
79,5482,12003/TB-TCHQ,2014,https://thuvienphapluat.vn/van-ban/Xuat-nhap-khau/Thong-bao-12003-TB-TCHQ-nam-2014-phan-loai-Rhodimet-AT-88-Bo-sung-protein-trong-thuc-an-chan-nuoi-251758.aspx
79,5484,12024/TB-TCHQ,2014,https://thuvienphapluat.vn/van-ban/Xuat-nhap-khau/Thong-bao-12024-TB-TCHQ-2014-ket-qua-phan-loai-Methyl-da-cam-xuat-nhap-khau-252926.aspx
79,5486,12013/TB-TCHQ,2014,https://thuvienphapluat.vn/van-ban/Xuat-nhap-khau/Thong-bao-12013-TB-TCHQ-2014-phan-loai-hang-hoa-xuat-nhap-khau-Hoa-chat-de-xu-ly-nuoc-det-252972.aspx
79,5488,12011/TB-TCHQ,2014,https://thuvienphapluat.vn/van-ban/Xuat-nhap-khau/Thong-bao-12011-TB-TCHQ-nam-2014-phan-loai-hang-hoa-Hon-hop-dung-moi-vo-co-san-xuat-son-251760.aspx
79,5490,12008/TB-TCHQ,2014,https://thuvienphapluat.vn/van-ban/Xuat-nhap-khau/Thong-bao-12008-TB-TCHQ-2014-phan-loai-hang-hoa-xuat-nhap-khau-Hon-hop-chat-thom-nhang-muoi-252970.aspx
79,5494,12007/TB-TCHQ,2014,https://thuvienphapluat.vn/van-ban/Xuat-nhap-khau/Thong-bao-12007-TB-TCHQ-2014-phan-loai-hang-xuat-nhap-khau-Nguyen-lieu-dung-dich-khoan-dau-khi-252969.aspx
79,5496,11993/TB-TCHQ,2014,https://thuvienphapluat.vn/van-ban/Xuat-nhap-khau/Thong-bao-11993-TB-TCHQ-2014-phan-loai-hang-hoa-xuat-nhap-khau-Chat-xu-ly-be-mat-san-pham-252907.aspx
79,5498,11965/TB-TCHQ,2014,https://thuvienphapluat.vn/van-ban/Xuat-nhap-khau/Thong-bao-11965-TB-TCHQ-nam-2014-phan-loai-hang-hoa-xuat-nhap-khau-Hop-chat-lam-on-dinh-plastic-252803.aspx
79,5500,11955/TB-TCHQ,2014,https://thuvienphapluat.vn/van-ban/Xuat-nhap-khau/Thong-bao-11955-TB-TCHQ-nam-2014-phan-loai-hang-hoa-xuat-nhap-khau-Hat-nhua-RDM-252797.aspx
79,5502,11961/TB-TCHQ,2014,https://thuvienphapluat.vn/van-ban/Xuat-nhap-khau/Thong-bao-11961-TB-TCHQ-nam-2014-phan-loai-hang-hoa-xuat-nhap-khau-Hop-chat-on-dinh-plastic-252800.aspx
79,5504,11951/TB-TCHQ,2014,https://thuvienphapluat.vn/van-ban/Xuat-nhap-khau/Thong-bao-11951-TB-TCHQ-nam-2014-phan-loai-hang-hoa-xuat-nhap-khau-Kho-dau-dau-nanh-252819.aspx
79,5506,11953/TB-TCHQ,2014,https://thuvienphapluat.vn/van-ban/Xuat-nhap-khau/Thong-bao-11953-TB-TCHQ-nam-2014-phan-loai-hang-hoa-xuat-nhap-khau-Kho-dau-dau-nanh-252821.aspx
79,5508,11956/TB-TCHQ,2014,https://thuvienphapluat.vn/van-ban/Xuat-nhap-khau/Thong-bao-11956-TB-TCHQ-nam-2014-phan-loai-hang-hoa-xuat-nhap-khau-Giay-dung-san-xuat-go-cong-nghiep-252798.aspx
79,5510,11963/TB-TCHQ,2014,https://thuvienphapluat.vn/van-ban/Xuat-nhap-khau/Thong-bao-11963-TB-TCHQ-nam-2014-phan-loai-hang-hoa-xuat-nhap-khau-Hop-chat-lam-on-dinh-plastic-252802.aspx
79,5512,11950/TB-TCHQ,2014,https://thuvienphapluat.vn/van-ban/Xuat-nhap-khau/Thong-bao-11950-TB-TCHQ-nam-2014-phan-loai-hang-hoa-xuat-nhap-khau-Nguyen-lieu-thuc-an-chan-nuoi-252818.aspx
80,5514,11947/TB-TCHQ,2014,https://thuvienphapluat.vn/van-ban/Xuat-nhap-khau/Thong-bao-11947-TB-TCHQ-2014-phan-loai-hang-hoa-xuat-nhap-khau-Xi-dau-252832.aspx
80,5516,11948/TB-TCHQ,2014,https://thuvienphapluat.vn/van-ban/Xuat-nhap-khau/Thong-bao-11948-TB-TCHQ-2014-ket-qua-phan-loai-Day-thep-khong-hop-kim-chua-trang-phu-ma-xuat-nhap-khau-252833.aspx
80,5518,11962/TB-TCHQ,2014,https://thuvienphapluat.vn/van-ban/Xuat-nhap-khau/Thong-bao-11962-TB-TCHQ-nam-2014-phan-loai-hang-hoa-xuat-nhap-khau-Hop-chat-lam-on-dinh-plastic-252801.aspx
80,5520,11960/TB-TCHQ,2014,https://thuvienphapluat.vn/van-ban/Xuat-nhap-khau/Thong-bao-11960-TB-TCHQ-nam-2014-phan-loai-hang-hoa-xuat-nhap-khau-Bot-thuy-tinh-252799.aspx
80,5522,11949/TB-TCHQ,2014,https://thuvienphapluat.vn/van-ban/Xuat-nhap-khau/Thong-bao-11949-TB-TCHQ-nam-2014-phan-loai-hang-hoa-xuat-nhap-khau-Nguyen-lieu-thuc-an-chan-nuoi-252817.aspx
80,5524,11966/TB-TCHQ,2014,https://thuvienphapluat.vn/van-ban/Xuat-nhap-khau/Thong-bao-11966-TB-TCHQ-nam-2014-phan-loai-hang-hoa-xuat-nhap-khau-Hop-chat-lam-on-dinh-plastic-252804.aspx
80,5526,11952/TB-TCHQ,2014,https://thuvienphapluat.vn/van-ban/Xuat-nhap-khau/Thong-bao-11952-TB-TCHQ-nam-2014-phan-loai-hang-hoa-xuat-nhap-khau-Phu-gia-san-xuat-nuoc-cot-dua-252820.aspx
80,5528,11954/TB-TCHQ,2014,https://thuvienphapluat.vn/van-ban/Xuat-nhap-khau/Thong-bao-11954-TB-TCHQ-nam-2014-phan-loai-hang-hoa-xuat-nhap-khau-Chat-ket-dinh-252822.aspx
80,5530,11870/TB-TCHQ,2014,https://thuvienphapluat.vn/van-ban/Xuat-nhap-khau/Thong-bao-11870-TB-TCHQ-nam-2014-phan-loai-hang-hoa-xuat-nhap-khau-Chat-trang-men-day-noi-chao-252486.aspx
80,5531,11879/TB-TCHQ,2014,https://thuvienphapluat.vn/van-ban/Xuat-nhap-khau/Thong-bao-11879-TB-TCHQ-nam-2014-phan-loai-hang-hoa-xuat-nhap-khau-PK-CC49-251521.aspx
80,5532,11901/TB-TCHQ,2014,https://thuvienphapluat.vn/van-ban/Xuat-nhap-khau/Thong-bao-11901-TB-TCHQ-2014-ket-qua-phan-loai-Sua-bot-tach-kem-xuat-nhap-khau-252520.aspx
80,5533,11883/TB-TCHQ,2014,https://thuvienphapluat.vn/van-ban/Xuat-nhap-khau/Thong-bao-11883-TB-TCHQ-2014-phan-loai-hang-hoa-xuat-nhap-khau-Phu-gia-MTS-2000-252458.aspx
80,5534,11880/TB-TCHQ,2014,https://thuvienphapluat.vn/van-ban/Xuat-nhap-khau/Thong-bao-11880-TB-TCHQ-2014-ket-qua-phan-loai-Con-Iso-Propyl-xuat-nhap-khau-252455.aspx
80,5535,11884/TB-TCHQ,2014,https://thuvienphapluat.vn/van-ban/Xuat-nhap-khau/Thong-bao-11884-TB-TCHQ-nam-2014-phan-loai-hang-hoa-xuat-nhap-khau-Copper-sulfate-252459.aspx
80,5536,11886/TB-TCHQ,2014,https://thuvienphapluat.vn/van-ban/Xuat-nhap-khau/Thong-bao-11886-TB-TCHQ-2014-phan-loai-hang-hoa-xuat-nhap-khau-Che-pham-san-xuat-thuoc-tru-sau-252461.aspx
80,5537,11872/TB-TCHQ,2014,https://thuvienphapluat.vn/van-ban/Xuat-nhap-khau/Thong-bao-11872-TB-TCHQ-nam-2014-phan-loai-hang-hoa-xuat-nhap-khau-Chat-trang-men-252488.aspx
80,5538,11888/TB-TCHQ,2014,https://thuvienphapluat.vn/van-ban/Xuat-nhap-khau/Thong-bao-11888-TB-TCHQ-2014-ket-qua-phan-loai-Aluminium-Paste-Thuoc-mau-252519.aspx
80,5539,11878/TB-TCHQ,2014,https://thuvienphapluat.vn/van-ban/Xuat-nhap-khau/Thong-bao-11878-TB-TCHQ-2014-ket-qua-phan-loai-Potassium-Pyrophosphate-xuat-nhap-khau-252454.aspx
80,5540,11871/TB-TCHQ,2014,https://thuvienphapluat.vn/van-ban/Xuat-nhap-khau/Thong-bao-11871-TB-TCHQ-nam-2014-phan-loai-hang-hoa-xuat-nhap-khau-Chat-trang-men-252487.aspx
80,5541,11881/TB-TCHQ,2014,https://thuvienphapluat.vn/van-ban/Xuat-nhap-khau/Thong-bao-11881-TB-TCHQ-2014-phan-loai-hang-hoa-xuat-nhap-khau-Niken-clorua-252456.aspx
80,5542,11869/TB-TCHQ,2014,https://thuvienphapluat.vn/van-ban/Xuat-nhap-khau/Thong-bao-11869-TB-TCHQ-nam-2014-phan-loai-hang-hoa-xuat-nhap-khau-Chat-trang-men-day-noi-chao-252485.aspx
80,5543,11865/TB-TCHQ,2014,https://thuvienphapluat.vn/van-ban/Xuat-nhap-khau/Thong-bao-11865-TB-TCHQ-2014-ket-qua-phan-loai-Dioctyl-phthalate-xuat-nhap-khau-252492.aspx
80,5544,11882/TB-TCHQ,2014,https://thuvienphapluat.vn/van-ban/Xuat-nhap-khau/Thong-bao-11882-TB-TCHQ-2014-phan-loai-hang-hoa-xuat-nhap-khau-Nicken-sulphat-252457.aspx
80,5545,11868/TB-TCHQ,2014,https://thuvienphapluat.vn/van-ban/Xuat-nhap-khau/Thong-bao-11868-TB-TCHQ-nam-2014-phan-loai-hang-hoa-xuat-nhap-khau-Che-pham-khong-tao-bot-252484.aspx
80,5546,11866/TB-TCHQ,2014,https://thuvienphapluat.vn/van-ban/Xuat-nhap-khau/Thong-bao-11866-TB-TCHQ-nam-2014-phan-loai-hang-hoa-xuat-nhap-khau-Polyacrylic-nguyen-sinh-252482.aspx
81,5547,11887/TB-TCHQ,2014,https://thuvienphapluat.vn/van-ban/Xuat-nhap-khau/Thong-bao-11887-TB-TCHQ-2014-phan-loai-hang-hoa-xuat-nhap-khau-Day-thep-du-ung-luc-252462.aspx
81,5548,11877/TB-TCHQ,2014,https://thuvienphapluat.vn/van-ban/Xuat-nhap-khau/Thong-bao-11877-TB-TCHQ-2014-ket-qua-phan-loai-Selenium-dioxide-xuat-nhap-khau-252453.aspx
81,5549,11885/TB-TCHQ,2014,https://thuvienphapluat.vn/van-ban/Xuat-nhap-khau/Thong-bao-11885-TB-TCHQ-nam-2014-phan-loai-hang-hoa-xuat-nhap-khau-Phu-gia-Black-3%23-252460.aspx
81,5550,11867/TB-TCHQ,2014,https://thuvienphapluat.vn/van-ban/Xuat-nhap-khau/Thong-bao-11867-TB-TCHQ-2014-phan-loai-hang-hoa-xuat-nhap-khau-Che-pham-chong-oxy-hoa-252483.aspx
81,5551,11876/TB-TCHQ,2014,https://thuvienphapluat.vn/van-ban/Thuong-mai/Thong-bao-11876-TB-TCHQ-2014-ket-qua-phan-loai-Sap-Cerarin-xuat-nhap-khau-252452.aspx
81,5552,11873/TB-TCHQ,2014,https://thuvienphapluat.vn/van-ban/Xuat-nhap-khau/Thong-bao-11873-TB-TCHQ-nam-2014-phan-loai-hang-hoa-xuat-nhap-khau-Bot-nhu-dong-252489.aspx
81,5553,11874/TB-TCHQ,2014,https://thuvienphapluat.vn/van-ban/Xuat-nhap-khau/Thong-bao-11874-TB-TCHQ-nam-2014-phan-loai-hang-hoa-xuat-nhap-khau-Bot-mau-do-san-xuat-nhua-252490.aspx
81,5554,11902/TB-TCHQ,2014,https://thuvienphapluat.vn/van-ban/Xuat-nhap-khau/Thong-bao-11902-TB-TCHQ-2014-ket-qua-phan-loai-Giay-cuon-CME150gsm-xuat-nhap-khau-252521.aspx
81,5555,11903/TB-TCHQ,2014,https://thuvienphapluat.vn/van-ban/Xuat-nhap-khau/Thong-bao-11903-TB-TCHQ-nam-2014-phan-loai-hang-hoa-xuat-nhap-khau-Phu-gia-dau-boi-tron-252744.aspx
81,5556,11875/TB-TCHQ,2014,https://thuvienphapluat.vn/van-ban/Xuat-nhap-khau/Thong-bao-11875-TB-TCHQ-2014-phan-loai-hang-hoa-xuat-nhap-khau-Hoa-chat-cong-nghiep-252448.aspx
81,5558,11821/TB-TCHQ,2014,https://thuvienphapluat.vn/van-ban/Xuat-nhap-khau/Thong-bao-11821-TB-TCHQ-2014-ket-qua-phan-loai-Keo-nuoc-de-dan-tui-giay-xuat-nhap-khau-253434.aspx
81,5559,11825/TB-TCHQ,2014,https://thuvienphapluat.vn/van-ban/Xuat-nhap-khau/Thong-bao-11825-TB-TCHQ-2014-ket-qua-phan-loai-Chun-Vien-xuat-nhap-khau-253412.aspx
81,5560,11828/TB-TCHQ,2014,https://thuvienphapluat.vn/van-ban/Xuat-nhap-khau/Thong-bao-11828-TB-TCHQ-2014-ket-qua-phan-loai-Nhua-polyester-khac-xuat-nhap-khau-253435.aspx
81,5561,11819/TB-TCHQ,2014,https://thuvienphapluat.vn/van-ban/Xuat-nhap-khau/Thong-bao-11819-TB-TCHQ-2014-ket-qua-phan-loai-Keo-silicon-1219-xuat-nhap-khau-253432.aspx
81,5562,11826/TB-TCHQ,2014,https://thuvienphapluat.vn/van-ban/Xuat-nhap-khau/Thong-bao-11826-TB-TCHQ-2014-ket-qua-phan-loai-Dung-moi-pha-son-mau-vang-xuat-nhap-khau-253413.aspx
81,5563,11832/TB-TCHQ,2014,https://thuvienphapluat.vn/van-ban/Xuat-nhap-khau/Thong-bao-11832-TB-TCHQ-2014-ket-qua-phan-loai-Giay-bia-lam-bao-bi-xuat-nhap-khau-253416.aspx
81,5564,11824/TB-TCHQ,2014,https://thuvienphapluat.vn/van-ban/Xuat-nhap-khau/Thong-bao-11824-TB-TCHQ-2014-ket-qua-phan-loai-Nhua-Amino-khac-xuat-nhap-khau-253411.aspx
81,5565,11827/TB-TCHQ,2014,https://thuvienphapluat.vn/van-ban/Xuat-nhap-khau/Thong-bao-11827-TB-TCHQ-2014-ket-qua-phan-loai-Nhua-polyester-khac-dang-long-xuat-nhap-khau-253549.aspx
81,5567,11820/TB-TCHQ,2014,https://thuvienphapluat.vn/van-ban/Xuat-nhap-khau/Thong-bao-11820-TB-TCHQ-2014-ket-qua-phan-loai-Chiet-suat-tu-cay-me-riu-xuat-nhap-khau-253433.aspx
81,5568,11822/TB-TCHQ,2014,https://thuvienphapluat.vn/van-ban/Xuat-nhap-khau/Thong-bao-11822-TB-TCHQ-2014-ket-qua-phan-loai-Chat-tao-bong-phu-len-mat-giay-xuat-nhap-khau-253409.aspx
81,5570,11829/TB-TCHQ,2014,https://thuvienphapluat.vn/van-ban/Xuat-nhap-khau/Thong-bao-11829-TB-TCHQ-2014-ket-qua-phan-loai-Nhua-Polyacrylic-nguyen-sinh-dang-long-xuat-nhap-khau-253414.aspx
81,5571,11833/TB-TCHQ,2014,https://thuvienphapluat.vn/van-ban/Xuat-nhap-khau/Thong-bao-11833-TB-TCHQ-2014-ket-qua-phan-loai-Nhua-PU-dang-cuon-xuat-nhap-khau-253550.aspx
81,5572,11782/TB-TCHQ,2014,https://thuvienphapluat.vn/van-ban/Xuat-nhap-khau/Thong-bao-11782-TB-TCHQ-nam-2014-phan-loai-hang-hoa-xuat-nhap-khau-Phu-gia-cho-dau-boi-tron-251746.aspx
81,5573,11777/TB-TCHQ,2014,https://thuvienphapluat.vn/van-ban/Xuat-nhap-khau/Thong-bao-11777-TB-TCHQ-nam-2014-phan-loai-hang-hoa-xuat-nhap-khau-Chat-luu-hoa-BPO-251740.aspx
81,5574,11794/TB-TCHQ,2014,https://thuvienphapluat.vn/van-ban/Xuat-nhap-khau/Thong-bao-11794-TB-TCHQ-nam-2014-phan-loai-hang-hoa-xuat-nhap-khau-Thuc-pham-chuc-nang-251751.aspx
82,5575,11798/TB-TCHQ,2014,https://thuvienphapluat.vn/van-ban/Xuat-nhap-khau/Thong-bao-11798-TB-TCHQ-nam-2014-phan-loai-hang-hoa-xuat-nhap-khau-Thep-khong-hop-kim-thanh-tron-251579.aspx
82,5576,11783/TB-TCHQ,2014,https://thuvienphapluat.vn/van-ban/Xuat-nhap-khau/Thong-bao-11783-TB-TCHQ-nam-2014-phan-loai-hang-hoa-xuat-nhap-khau-Giay-cuon-dinh-luong-251747.aspx
82,5577,11796/TB-TCHQ,2014,https://thuvienphapluat.vn/van-ban/Xuat-nhap-khau/Thong-bao-11796-TB-TCHQ-nam-2014-phan-loai-hang-hoa-xuat-nhap-khau-Thuc-pham-chuc-nang-251586.aspx
82,5578,11781/TB-TCHQ,2014,https://thuvienphapluat.vn/van-ban/Xuat-nhap-khau/Thong-bao-11781-TB-TCHQ-nam-2014-phan-loai-hang-hoa-xuat-nhap-khau-Phu-gia-cho-dau-boi-tron-TZ-1186-251745.aspx
82,5579,11788/TB-TCHQ,2014,https://thuvienphapluat.vn/van-ban/Xuat-nhap-khau/Thong-bao-11788-TB-TCHQ-nam-2014-phan-loai-hang-hoa-xuat-nhap-khau-Chat-phu-gia-tang-do-cung-hat-nhua-251748.aspx
82,5580,11797/TB-TCHQ,2014,https://thuvienphapluat.vn/van-ban/Xuat-nhap-khau/Thong-bao-11797-TB-TCHQ-nam-2014-phan-loai-hang-hoa-xuat-nhap-khau-Salinofeed-251578.aspx
82,5581,11792/TB-TCHQ,2014,https://thuvienphapluat.vn/van-ban/Xuat-nhap-khau/Thong-bao-11792-TB-TCHQ-nam-2014-phan-loai-hang-hoa-xuat-nhap-khau-nguyen-lieu-tra-C2-Huong-cam-251346.aspx
82,5582,11791/TB-TCHQ,2014,https://thuvienphapluat.vn/van-ban/Xuat-nhap-khau/Thong-bao-11791-TB-TCHQ-nam-2014-phan-loai-hang-hoa-xuat-nhap-khau-Chat-gia-co-251749.aspx
82,5583,11793/TB-TCHQ,2014,https://thuvienphapluat.vn/van-ban/Xuat-nhap-khau/Thong-bao-11793-TB-TCHQ-nam-2014-phan-loai-hang-hoa-xuat-nhap-khau-Mang-phim-nha-kinh-nong-nghiep-251750.aspx
82,5584,11779/TB-TCHQ,2014,https://thuvienphapluat.vn/van-ban/Xuat-nhap-khau/Thong-bao-11779-TB-TCHQ-nam-2014-phan-loai-Chat-xuc-tien-la-N-N-dimethylaniline-tao-gan-ket-dang-thoi-251743.aspx
82,5585,11780/TB-TCHQ,2014,https://thuvienphapluat.vn/van-ban/Xuat-nhap-khau/Thong-bao-11780-TB-TCHQ-nam-2014-phan-loai-doi-Chat-deo-Polyester-chua-bao-hoa-tao-gan-ket-dang-thoi-251744.aspx
82,5586,11795/TB-TCHQ,2014,https://thuvienphapluat.vn/van-ban/Xuat-nhap-khau/Thong-bao-11795-TB-TCHQ-2014-phan-loai-hang-hoa-xuat-nhap-khau-Thuc-pham-chuc-nang-Si-ro-VITAKID-150ml-251585.aspx
82,5587,11715/TB-TCHQ,2014,https://thuvienphapluat.vn/van-ban/Thuong-mai/Thong-bao-11715-TB-TCHQ-nam-2014-phan-loai-hang-xuat-nhap-khau-Nguyen-lieu-ong-thep-Kem-thoi-Zinc-Ingot-251662.aspx
82,5588,11739/TB-TCHQ,2014,https://thuvienphapluat.vn/van-ban/Xuat-nhap-khau/Thong-bao-11739-TB-TCHQ-nam-2014-phan-loai-hang-hoa-xuat-nhap-khau-Chat-tao-mau-cho-vai-trang-251722.aspx
82,5589,11721/TB-TCHQ,2014,https://thuvienphapluat.vn/van-ban/Xuat-nhap-khau/Thong-bao-11721-TB-TCHQ-nam-2014-phan-loai-hang-hoa-xuat-nhap-khau-Chat-mau-huu-co-tong-hop-mau-xanh-251854.aspx
82,5590,11711/TB-TCHQ,2014,https://thuvienphapluat.vn/van-ban/Xuat-nhap-khau/Thong-bao-11711-TB-TCHQ-nam-2014-phan-loai-hang-hoa-xuat-nhap-khau-Giay-Kraft-nhieu-lop-chua-tay-trang-251132.aspx
82,5592,11742/TB-TCHQ,2014,https://thuvienphapluat.vn/van-ban/Xuat-nhap-khau/Thong-bao-11742-TB-TCHQ-nam-2014-phan-loai-hang-hoa-xuat-nhap-khau-Thep-thanh-251725.aspx
82,5594,11766/TB-TCHQ,2014,https://thuvienphapluat.vn/van-ban/Xuat-nhap-khau/Thong-bao-11766-TB-TCHQ-nam-2014-phan-loai-hang-hoa-xuat-nhap-khau-Hoa-chat-xu-ly-chong-nhiem-khuan-251734.aspx
82,5595,11714/TB-TCHQ,2014,https://thuvienphapluat.vn/van-ban/Xuat-nhap-khau/Thong-bao-11714-TB-TCHQ-nam-2014-phan-loai-hang-hoa-xuat-nhap-khau-Dung-moi-con-251661.aspx
82,5597,11718/TB-TCHQ,2014,https://thuvienphapluat.vn/van-ban/Xuat-nhap-khau/Thong-bao-11718-TB-TCHQ-nam-2014-phan-loai-xuat-nhap-khau-Cationic-starch-Tinh-bot-bien-tinh-251851.aspx
82,5598,11735/TB-TCHQ,2014,https://thuvienphapluat.vn/van-ban/Xuat-nhap-khau/Thong-bao-11735-TB-TCHQ-nam-2014-phan-loai-Thep-la-khong-hop-kim-trang-thiec-dang-cuon-251857.aspx
82,5599,11769/TB-TCHQ,2014,https://thuvienphapluat.vn/van-ban/Xuat-nhap-khau/Thong-bao-11769-TB-TCHQ-nam-2014-phan-loai-hang-hoa-xuat-nhap-khau-Hoat-chat-san-xuat-thuoc-251345.aspx
82,5600,11719/TB-TCHQ,2014,https://thuvienphapluat.vn/van-ban/Xuat-nhap-khau/Thong-bao-11719-TB-TCHQ-nam-2014-phan-loai-hang-hoa-xuat-nhap-khau-Muoi-carbon-dung-trong-cong-nghiep-251852.aspx
82,5601,11722/TB-TCHQ,2014,https://thuvienphapluat.vn/van-ban/Xuat-nhap-khau/Thong-bao-11722-TB-TCHQ-nam-2014-phan-loai-Nhua-epoxy-resin-dang-long-Chat-lam-dong-cung-nhua-251855.aspx
82,5602,11737/TB-TCHQ,2014,https://thuvienphapluat.vn/van-ban/Xuat-nhap-khau/Thong-bao-11737-TB-TCHQ-nam-2014-phan-loai-hang-hoa-xuat-nhap-khau-Thep-hop-kim-dang-tam-can-nguoi-251859.aspx
83,5603,11709/TB-TCHQ,2014,https://thuvienphapluat.vn/van-ban/Xuat-nhap-khau/Thong-bao-11709-TB-TCHQ-nam-2014-phan-loai-hang-hoa-xuat-nhap-khau-K-400HH-polyester-chua-no-long-251673.aspx
83,5604,11740/TB-TCHQ,2014,https://thuvienphapluat.vn/van-ban/Xuat-nhap-khau/Thong-bao-11740-TB-TCHQ-nam-2014-phan-loai-hang-hoa-xuat-nhap-khau-Dung-dich-polymer-251723.aspx
83,5605,11736/TB-TCHQ,2014,https://thuvienphapluat.vn/van-ban/Xuat-nhap-khau/Thong-bao-11736-TB-TCHQ-nam-2014-phan-loai-hang-hoa-Thep-la-mong-phu-plastic-kho-san-xuat-cap-quang-251858.aspx
83,5606,11717/TB-TCHQ,2014,https://thuvienphapluat.vn/van-ban/Xuat-nhap-khau/Thong-bao-11717-TB-TCHQ-nam-2014-phan-loai-Hoa-chat-xu-ly-nuoc-tay-rua-thu-dong-hoa-be-mat-duong-ong-251850.aspx
83,5607,11767/TB-TCHQ,2014,https://thuvienphapluat.vn/van-ban/Xuat-nhap-khau/Thong-bao-11767-TB-TCHQ-nam-2014-phan-loai-hang-hoa-xuat-nhap-khau-Hoa-chat-xu-ly-chong-nhiem-khuan-251735.aspx
83,5608,11768/TB-TCHQ,2014,https://thuvienphapluat.vn/van-ban/Xuat-nhap-khau/Thong-bao-11768-TB-TCHQ-nam-2014-phan-loai-hang-hoa-xuat-nhap-khau-Nguyen-lieu-san-xuat-thuoc-251736.aspx
83,5609,11743/TB-TCHQ,2014,https://thuvienphapluat.vn/van-ban/Xuat-nhap-khau/Thong-bao-11743-TB-TCHQ-nam-2014-phan-loai-hang-hoa-xuat-nhap-khau-Hat-nhua-PC-E8910-BLK-251726.aspx
83,5610,11772/TB-TCHQ,2014,https://thuvienphapluat.vn/van-ban/Xuat-nhap-khau/Thong-bao-11772-TB-TCHQ-nam-2014-phan-loai-hang-hoa-xuat-nhap-khau-Chat-mau-huu-co-tong-hop-251738.aspx
83,5611,11723/TB-TCHQ,2014,https://thuvienphapluat.vn/van-ban/Xuat-nhap-khau/Thong-bao-11723-TB-TCHQ-nam-2014-phan-loai-xuat-nhap-khau-Keo-Chat-lam-dong-keo-251856.aspx
83,5612,11708/TB-TCHQ,2014,https://thuvienphapluat.vn/van-ban/Xuat-nhap-khau/Thong-bao-11708-TB-TCHQ-nam-2014-phan-loai-hang-hoa-xuat-nhap-khau-Hat-nhua-Polyamit-nguyen-sinh-251672.aspx
83,5613,11710/TB-TCHQ,2014,https://thuvienphapluat.vn/van-ban/Xuat-nhap-khau/Thong-bao-11710-TB-TCHQ-nam-2014-phan-loai-hang-hoa-xuat-nhap-khau-Giay-Kraft-nhieu-lop-chua-tay-trang-251131.aspx
83,5614,11765/TB-TCHQ,2014,https://thuvienphapluat.vn/van-ban/Xuat-nhap-khau/Thong-bao-11765-TB-TCHQ-nam-2014-phan-loai-hang-hoa-xuat-nhap-khau-Fluconazole-251733.aspx
83,5615,11745/TB-TCHQ,2014,https://thuvienphapluat.vn/van-ban/Xuat-nhap-khau/Thong-bao-11745-TB-TCHQ-nam-2014-phan-loai-hang-hoa-xuat-nhap-khau-Mang-tu-dinh-Polyme-Vinyl-Clorua-251764.aspx
83,5616,11716/TB-TCHQ,2014,https://thuvienphapluat.vn/van-ban/Xuat-nhap-khau/Thong-bao-11716-TB-TCHQ-nam-2014-phan-loai-Hoa-chat-xu-ly-nuoc-tay-rua-thu-dong-hoa-be-mat-duong-ong-251849.aspx
83,5617,11773/TB-TCHQ,2014,https://thuvienphapluat.vn/van-ban/Xuat-nhap-khau/Thong-bao-11773-TB-TCHQ-nam-2014-phan-loai-hang-xuat-nhap-khau-Decabromodiphenyl-oxide-da-halogen-hoa-251739.aspx
83,5618,11749/TB-TCHQ,2014,https://thuvienphapluat.vn/van-ban/Xuat-nhap-khau/Thong-bao-11749-TB-TCHQ-nam-2014-phan-loai-hang-hoa-xuat-nhap-khau-Muoi-than-251135.aspx
83,5620,11751/TB-TCHQ,2014,https://thuvienphapluat.vn/van-ban/Xuat-nhap-khau/Thong-bao-11751-TB-TCHQ-nam-2014-phan-loai-hang-hoa-xuat-nhap-khau-Bot-polyphosphate-exolit-AP-422-251755.aspx
83,5621,11720/TB-TCHQ,2014,https://thuvienphapluat.vn/van-ban/Xuat-nhap-khau/Thong-bao-11720-TB-TCHQ-nam-2014-phan-loai-hang-hoa-xuat-nhap-khau-Chat-mau-vo-co-mau-vang-251853.aspx
83,5622,11750/TB-TCHQ,2014,https://thuvienphapluat.vn/van-ban/Xuat-nhap-khau/Thong-bao-11750-TB-TCHQ-nam-2014-phan-loai-hang-hoa-xuat-nhap-khau-Day-thep-251754.aspx
83,5623,11744/TB-TCHQ,2014,https://thuvienphapluat.vn/van-ban/Xuat-nhap-khau/Thong-bao-11744-TB-TCHQ-nam-2014-phan-loai-hang-hoa-xuat-nhap-khau-Dau-dau-tuong-tho-251727.aspx
83,5624,11738/TB-TCHQ,2014,https://thuvienphapluat.vn/van-ban/Xuat-nhap-khau/Thong-bao-11738-TB-TCHQ-nam-2014-phan-loai-hang-hoa-xuat-nhap-khau-Chat-tao-mau-cho-vai-trang-251721.aspx
83,5625,11712/TB-TCHQ,2014,https://thuvienphapluat.vn/van-ban/Xuat-nhap-khau/Thong-bao-11712-TB-TCHQ-nam-2014-phan-loai-hang-hoa-xuat-nhap-khau-Giay-Kraft-nhieu-lop-chua-tay-trang-251133.aspx
83,5627,11746/TB-TCHQ,2014,https://thuvienphapluat.vn/van-ban/Xuat-nhap-khau/Thong-bao-11746-TB-TCHQ-nam-2014-phan-loai-hang-hoa-xuat-nhap-khau-Nguyen-lieu-san-xuat-dau-goi-251134.aspx
83,5629,11748/TB-TCHQ,2014,https://thuvienphapluat.vn/van-ban/Xuat-nhap-khau/Thong-bao-11748-TB-TCHQ-nam-2014-phan-loai-hang-hoa-xuat-nhap-khau-Hon-hop-dung-moi-huu-co-251753.aspx
83,5630,11741/TB-TCHQ,2014,https://thuvienphapluat.vn/van-ban/Xuat-nhap-khau/Thong-bao-11741-TB-TCHQ-nam-2014-phan-loai-hang-hoa-xuat-nhap-khau-Dung-dich-polymer-251724.aspx
84,5631,11713/TB-TCHQ,2014,https://thuvienphapluat.vn/van-ban/Xuat-nhap-khau/Thong-bao-11713-TB-TCHQ-nam-2014-phan-loai-hang-hoa-xuat-nhap-khau-Dung-dich-tay-rua-san-pham-251674.aspx
84,5632,11664/TB-TCHQ,2014,https://thuvienphapluat.vn/van-ban/Xuat-nhap-khau/Thong-bao-11664-TB-TCHQ-nam-2014-phan-loai-hang-hoa-xuat-nhap-khau-Hat-nhua-tpe-251677.aspx
84,5633,11660/TB-TCHQ,2014,https://thuvienphapluat.vn/van-ban/Xuat-nhap-khau/Thong-bao-11660-TB-TCHQ-nam-2014-phan-loai-hang-xuat-nhap-khau-Axit-beo-dau-nhua-thong-nguyen-lieu-son-251118.aspx
84,5635,11662/TB-TCHQ,2014,https://thuvienphapluat.vn/van-ban/Xuat-nhap-khau/Thong-bao-11662-TB-TCHQ-nam-2014-phan-loai-hang-hoa-xuat-nhap-khau-Vecni-nguyen-lieu-san-xuat-son-251120.aspx
84,5637,11645/TB-TCHQ,2014,https://thuvienphapluat.vn/van-ban/Xuat-nhap-khau/Thong-bao-11645-TB-TCHQ-nam-2014-phan-loai-Nikkol-SMT-10kg-CN-Chat-huu-co-be-mat-san-xuat-my-pham-251653.aspx
84,5638,11678/TB-TCHQ,2014,https://thuvienphapluat.vn/van-ban/Xuat-nhap-khau/Thong-bao-11678-TB-TCHQ-nam-2014-phan-loai-Nhua-urethane-BYK-410-dung-san-xuat-son-251665.aspx
84,5639,11651/TB-TCHQ,2014,https://thuvienphapluat.vn/van-ban/Xuat-nhap-khau/Thong-bao-11651-TB-TCHQ-nam-2014-phan-loai-Vat-lieu-chiu-lua-cum-gia-nhiet-Refractory-Materials-251676.aspx
84,5640,11688/TB-TCHQ,2014,https://thuvienphapluat.vn/van-ban/Xuat-nhap-khau/Thong-bao-11688-TB-TCHQ-nam-2014-phan-loai-hang-hoa-xuat-nhap-khau-Thep-khong-hop-kim-thanh-phang-251671.aspx
84,5641,11667/TB-TCHQ,2014,https://thuvienphapluat.vn/van-ban/Xuat-nhap-khau/Thong-bao-11667-TB-TCHQ-nam-2014-phan-loai-hang-hoa-xuat-nhap-khau-Chat-mau-Prepared-colours-93K1000-251680.aspx
84,5642,11644/TB-TCHQ,2014,https://thuvienphapluat.vn/van-ban/Xuat-nhap-khau/Thong-bao-11644-TB-TCHQ-nam-2014-phan-loai-hang-hoa-xuat-nhap-khau-PEG-400-20kg-Polyete-251652.aspx
84,5643,11680/TB-TCHQ,2014,https://thuvienphapluat.vn/van-ban/Xuat-nhap-khau/Thong-bao-11680-TB-TCHQ-nam-2014-phan-loai-Dung-dich-polymer-BYK-306-dung-san-xuat-son-251667.aspx
84,5644,11685/TB-TCHQ,2014,https://thuvienphapluat.vn/van-ban/Xuat-nhap-khau/Thong-bao-11685-TB-TCHQ-nam-2014-phan-loai-BTO-Be-tong-cach-nhiet-Castable-APCT-120-251668.aspx
84,5645,11648/TB-TCHQ,2014,https://thuvienphapluat.vn/van-ban/Xuat-nhap-khau/Thong-bao-11648-TB-TCHQ-nam-2014-phan-loai-Dung-moi-huu-co-P107-san-xuat-giay-dep-moi-100-251663.aspx
84,5646,11675/TB-TCHQ,2014,https://thuvienphapluat.vn/van-ban/Xuat-nhap-khau/Thong-bao-11675-TB-TCHQ-nam-2014-phan-loai-hang-hoa-xuat-nhap-khau-Son-lot-chong-an-mon-moc-treo-xi-ma-251130.aspx
84,5648,11659/TB-TCHQ,2014,https://thuvienphapluat.vn/van-ban/Xuat-nhap-khau/Thong-bao-11659-TB-TCHQ-nam-2014-phan-loai-hang-hoa-xuat-nhap-khau-Nhua-Alkyt-dang-long-251117.aspx
84,5650,11671/TB-TCHQ,2014,https://thuvienphapluat.vn/van-ban/Xuat-nhap-khau/Thong-bao-11671-TB-TCHQ-nam-2014-phan-loai-hang-hoa-xuat-nhap-khau-DL-Phosphoserine-Hoat-chat-san-xuat-thuoc-251123.aspx
84,5652,11656/TB-TCHQ,2014,https://thuvienphapluat.vn/van-ban/Xuat-nhap-khau/Thong-bao-11656-TB-TCHQ-nam-2014-phan-loai-hang-hoa-xuat-nhap-khau-Nhua-nguyen-sinh-san-xuat-son-251235.aspx
84,5653,11657/TB-TCHQ,2014,https://thuvienphapluat.vn/van-ban/Xuat-nhap-khau/Thong-bao-11657-TB-TCHQ-nam-2014-phan-loai-hang-hoa-xuat-nhap-khau-Hop-chat-chuc-amin-san-xuat-son-251218.aspx
84,5654,11665/TB-TCHQ,2014,https://thuvienphapluat.vn/van-ban/Xuat-nhap-khau/Thong-bao-11665-TB-TCHQ-nam-2014-phan-loai-hang-hoa-xuat-nhap-khau-MC47-%23-hat-nhua-PC-251678.aspx
84,5655,11683/TB-TCHQ,2014,https://thuvienphapluat.vn/van-ban/Xuat-nhap-khau/Thong-bao-11683-TB-TCHQ-nam-2014-phan-loaiThep-hop-kim-dang-phien-JIS-G4404-SKD-61-251659.aspx
84,5656,11658/TB-TCHQ,2014,https://thuvienphapluat.vn/van-ban/Xuat-nhap-khau/Thong-bao-11658-TB-TCHQ-nam-2014-phan-loai-hang-hoa-xuat-nhap-khau-Hon-hop-dung-moi-vo-co-251116.aspx
84,5658,11674/TB-TCHQ,2014,https://thuvienphapluat.vn/van-ban/Xuat-nhap-khau/Thong-bao-11674-TB-TCHQ-nam-2014-phan-loai-hang-hoa-xuat-nhap-khau-Polyvinyl-clorua-251685.aspx
84,5659,11649/TB-TCHQ,2014,https://thuvienphapluat.vn/van-ban/Xuat-nhap-khau/Thong-bao-11649-TB-TCHQ-nam-2014-phan-loai-Vat-lieu-chiu-lua-cua-cum-u-nhiet-Bo-phan-cua-day-chuyen-251656.aspx
84,5660,11663/TB-TCHQ,2014,https://thuvienphapluat.vn/van-ban/Xuat-nhap-khau/Thong-bao-11663-TB-TCHQ-nam-2014-phan-loai-hang-hoa-xuat-nhap-khau-Giay-goi-keo-ghep-nhom-251121.aspx
84,5662,11684/TB-TCHQ,2014,https://thuvienphapluat.vn/van-ban/Xuat-nhap-khau/Thong-bao-11684-TB-TCHQ-nam-2014-phan-loai-BTO-Be-tong-cach-nhiet-Castable-PIC-2S-251660.aspx
85,5663,11687/TB-TCHQ,2014,https://thuvienphapluat.vn/van-ban/Xuat-nhap-khau/Thong-bao-11687-TB-TCHQ-nam-2014-phan-loai-hang-hoa-xuat-nhap-khau-Thep-khong-hop-kim-thanh-tron-251670.aspx
85,5664,11672/TB-TCHQ,2014,https://thuvienphapluat.vn/van-ban/Xuat-nhap-khau/Thong-bao-11672-TB-TCHQ-nam-2014-phan-loai-hang-hoa-xuat-nhap-khau-Dau-hoa-deo-DOTP-251683.aspx
85,5665,11654/TB-TCHQ,2014,https://thuvienphapluat.vn/van-ban/Xuat-nhap-khau/Thong-bao-11654-TB-TCHQ-nam-2014-phan-loai-hang-hoa-Hydroxit-nguyen-lieu-san-xuat-son-251252.aspx
85,5666,11676/TB-TCHQ,2014,https://thuvienphapluat.vn/van-ban/Xuat-nhap-khau/Thong-bao-11676-TB-TCHQ-nam-2014-phan-loai-hang-hoa-xuat-nhap-khau-Chat-xuc-tien-luu-hoa-cao-su-251732.aspx
85,5667,11647/TB-TCHQ,2014,https://thuvienphapluat.vn/van-ban/Xuat-nhap-khau/Thong-bao-11647-TB-TCHQ-nam-2014-phan-loai-hang-hoa-Nguyen-lieu-dung-duc-trong-kinh-B-400-251655.aspx
85,5668,11682/TB-TCHQ,2014,https://thuvienphapluat.vn/van-ban/Xuat-nhap-khau/Thong-bao-11682-TB-TCHQ-nam-2014-phan-loai-Bot-tro-loc-nuoc-che-tao-da-hoa-thach-Silic-251658.aspx
85,5669,11653/TB-TCHQ,2014,https://thuvienphapluat.vn/van-ban/Xuat-nhap-khau/Thong-bao-11653-TB-TCHQ-nam-2014-phan-loai-hang-hoa-Hon-hop-dung-moi-vo-co-san-xuat-son-251234.aspx
85,5670,11652/TB-TCHQ,2014,https://thuvienphapluat.vn/van-ban/Xuat-nhap-khau/Thong-bao-11652-TB-TCHQ-nam-2014-phan-loai-hang-hoa-xuat-nhap-khau-Bot-mica-san-xuat-son-251233.aspx
85,5671,11643/TB-TCHQ,2014,https://thuvienphapluat.vn/van-ban/Xuat-nhap-khau/Thong-bao-11643-TB-TCHQ-nam-2014-phan-loai-Butylene-Glycol-Mixpac-A2-AM-Chat-huu-co-san-xuat-my-pham-251651.aspx
85,5672,11677/TB-TCHQ,2014,https://thuvienphapluat.vn/van-ban/Xuat-nhap-khau/Thong-bao-11677-TB-TCHQ-nam-2014-phan-loai-hang-hoa-Dung-dich-polymer-Disper-BYK-163-san-xuat-son-251664.aspx
85,5673,11642/TB-TCHQ,2014,https://thuvienphapluat.vn/van-ban/Xuat-nhap-khau/Thong-bao-11642-TB-TCHQ-nam-2014-phan-loai-hang-hoa-xuat-nhap-khau-Phan-bot-bang-dat-khoang-chat-251232.aspx
85,5674,11661/TB-TCHQ,2014,https://thuvienphapluat.vn/van-ban/Xuat-nhap-khau/Thong-bao-11661-TB-TCHQ-nam-2014-phan-loai-hang-hoa-xuat-nhap-khau-Vecni-nguyen-lieu-san-xuat-son-251119.aspx
85,5676,11686/TB-TCHQ,2014,https://thuvienphapluat.vn/van-ban/Xuat-nhap-khau/Thong-bao-11686-TB-TCHQ-nam-2014-phan-loai-SLC-Silicat-Water-glass-251669.aspx
85,5677,11655/TB-TCHQ,2014,https://thuvienphapluat.vn/van-ban/Xuat-nhap-khau/Thong-bao-11655-TB-TCHQ-nam-2014-phan-loai-hang-hoa-Polyme-mach-vong-cua-aldehyt-san-xuat-son-251253.aspx
85,5678,11666/TB-TCHQ,2014,https://thuvienphapluat.vn/van-ban/Xuat-nhap-khau/Thong-bao-11666-TB-TCHQ-nam-2014-phan-loai-hang-hoa-xuat-nhap-khau-phoi-lieu-dung-de-nau-men-thuy-tinh-251679.aspx
85,5679,11668/TB-TCHQ,2014,https://thuvienphapluat.vn/van-ban/Xuat-nhap-khau/Thong-bao-11668-TB-TCHQ-nam-2014-phan-loai-hang-hoa-xuat-nhap-khau-Chat-mau-Prepared-colours-93R1006-251681.aspx
85,5680,11670/TB-TCHQ,2014,https://thuvienphapluat.vn/van-ban/Xuat-nhap-khau/Thong-bao-11670-TB-TCHQ-nam-2014-phan-loai-hang-hoa-xuat-nhap-khau-Chat-vi-sinh-xu-ly-nuoc-thai-251682.aspx
85,5681,11673/TB-TCHQ,2014,https://thuvienphapluat.vn/van-ban/Xuat-nhap-khau/Thong-bao-11673-TB-TCHQ-nam-2014-phan-loai-hang-hoa-xuat-nhap-khau-Chat-lam-mem-cong-nghiep-det-251684.aspx
85,5682,11679/TB-TCHQ,2014,https://thuvienphapluat.vn/van-ban/Xuat-nhap-khau/Thong-bao-11679-TB-TCHQ-nam-2014-phan-loai-Dung-dich-polyester-104S-dung-san-xuat-son-251666.aspx
85,5683,11646/TB-TCHQ,2014,https://thuvienphapluat.vn/van-ban/Xuat-nhap-khau/Thong-bao-11646-TB-TCHQ-nam-2014-phan-loai-Trisodium-citrate-Dihydrate-Chat-huu-co-be-mat-san-xuat-my-pham-251654.aspx
85,5684,11681/TB-TCHQ,2014,https://thuvienphapluat.vn/van-ban/Xuat-nhap-khau/Thong-bao-11681-TB-TCHQ-nam-2014-phan-loai-Dung-dich-polyete-dung-moi-BYK-052-dung-san-xuat-son-251657.aspx
85,5685,11669/TB-TCHQ,2014,https://thuvienphapluat.vn/van-ban/Xuat-nhap-khau/Thong-bao-11669-TB-TCHQ-nam-2014-phan-loai-hang-hoa-xuat-nhap-khau-Con-e-ti-lich-chua-bien-tinh-251122.aspx
85,5687,11650/TB-TCHQ,2014,https://thuvienphapluat.vn/van-ban/Xuat-nhap-khau/Thong-bao-11650-TB-TCHQ-nam-2014-phan-loai-Vat-lieu-chiu-lua-ong-buc-xa-Refractory-Materials-251675.aspx
85,5688,11598/TB-TCHQ,2014,https://thuvienphapluat.vn/van-ban/Xuat-nhap-khau/Thong-bao-11598-TB-TCHQ-2014-ket-qua-phan-loai-Che-pham-dung-trong-cong-nghiep-det-xuat-nhap-khau-253430.aspx
85,5689,11602/TB-TCHQ,2014,https://thuvienphapluat.vn/van-ban/Xuat-nhap-khau/Thong-bao-11602-TB-TCHQ-2014-ket-qua-phan-loai-Day-thep-gan-xoan-du-ung-luc-xuat-nhap-khau-253431.aspx
86,5690,11575/TB-TCHQ,2014,https://thuvienphapluat.vn/van-ban/Xuat-nhap-khau/Thong-bao-11575-TB-TCHQ-nam-2014-phan-loai-hang-hoa-xuat-nhap-khau-Che-pham-tham-uot-hoat-dong-be-mat-254460.aspx
86,5691,11576/TB-TCHQ,2014,https://thuvienphapluat.vn/van-ban/Xuat-nhap-khau/Thong-bao-11576-TB-TCHQ-2014-phan-loai-hang-hoa-xuat-nhap-khau-Che-pham-tham-uot-hoat-dong-be-mat-254461.aspx
86,5692,11616/TB-TCHQ,2014,https://thuvienphapluat.vn/van-ban/Xuat-nhap-khau/Thong-bao-11616-TB-TCHQ-nam-2014-phan-loai-hang-hoa-xuat-nhap-khau-Thep-khong-hop-kim-can-phang-251251.aspx
86,5693,11573/TB-TCHQ,2014,https://thuvienphapluat.vn/van-ban/Xuat-nhap-khau/Thong-bao-11573-TB-TCHQ-nam-2014-phan-loai-hang-hoa-xuat-nhap-khau-Chlortetracycline-Feed-Grade-15-Granular-251246.aspx
86,5694,11600/TB-TCHQ,2014,https://thuvienphapluat.vn/van-ban/Xuat-nhap-khau/Thong-bao-11600-TB-TCHQ-2014-ket-qua-phan-loai-Vi-sinh-nuoi-cay-PYLOPASS-xuat-nhap-khau-253488.aspx
86,5695,11613/TB-TCHQ,2014,https://thuvienphapluat.vn/van-ban/Xuat-nhap-khau/Thong-bao-11613-TB-TCHQ-nam-2014-phan-loai-hang-hoa-Vat-tu-nguyen-lieu-san-xuat-hoa-pham-khoan-251562.aspx
86,5696,11601/TB-TCHQ,2014,https://thuvienphapluat.vn/van-ban/Xuat-nhap-khau/Thong-bao-11601-TB-TCHQ-nam-2014-phan-loai-hang-hoa-Cetearyl-alcohol-Cetearath-20-Hoat-chat-san-xuat-thuoc-251248.aspx
86,5697,11577/TB-TCHQ,2014,https://thuvienphapluat.vn/van-ban/Xuat-nhap-khau/Thong-bao-11577-TB-TCHQ-nam-2014-phan-loai-hang-hoa-xuat-nhap-khau-Che-pham-khu-trung-gia-dung-y-te-254462.aspx
86,5698,11612/TB-TCHQ,2014,https://thuvienphapluat.vn/van-ban/Xuat-nhap-khau/Thong-bao-11612-TB-TCHQ-nam-2014-phan-loai-hang-hoa-Thep-khong-hop-kim-duoc-can-phang-251249.aspx
86,5699,11617/TB-TCHQ,2014,https://thuvienphapluat.vn/van-ban/Xuat-nhap-khau/Thong-bao-11617-TB-TCHQ-nam-2014-phan-loai-hang-hoa-xuat-nhap-khau-Graphite-nhan-tao-Graphite-C-1-251564.aspx
86,5700,11614/TB-TCHQ,2014,https://thuvienphapluat.vn/van-ban/Xuat-nhap-khau/Thong-bao-11614-TB-TCHQ-nam-2014-phan-loai-hang-hoa-Nguyen-lieu-san-xuat-dau-goi-Mang-nhom-ghep-251250.aspx
86,5701,11578/TB-TCHQ,2014,https://thuvienphapluat.vn/van-ban/Xuat-nhap-khau/Thong-bao-11578-TB-TCHQ-nam-2014-phan-loai-hang-hoa-Hon-hop-dung-moi-vo-co-san-xuat-son-251247.aspx
86,5702,11615/TB-TCHQ,2014,https://thuvienphapluat.vn/van-ban/Xuat-nhap-khau/Thong-bao-11615-TB-TCHQ-nam-2014-phan-loai-hang-hoa-xuat-nhap-khau-Chat-ket-dinh-polymer-29-H66-251563.aspx
86,5703,11535/TB-TCHQ,2014,https://thuvienphapluat.vn/van-ban/Xuat-nhap-khau/Thong-bao-11535-TB-TCHQ-2014-ket-qua-phan-loai-hang-XNK-thep-hop-kim-dang-hinh-can-nguoi-250808.aspx
86,5705,11539/TB-TCHQ,2014,https://thuvienphapluat.vn/van-ban/Xuat-nhap-khau/Thong-bao-11539-TB-TCHQ-nam-2014-phan-loai-Che-pham-chong-oxy-hoa-CA1-002-SOVMER-TMQ-250812.aspx
86,5709,11569/TB-TCHQ,2014,https://thuvienphapluat.vn/van-ban/Xuat-nhap-khau/Thong-bao-11569-TB-TCHQ-nam-2014-phan-loai-hang-hoa-xuat-nhap-khau-Keo-dan-Cemedine-3000DXL-251245.aspx
86,5710,11536/TB-TCHQ,2014,https://thuvienphapluat.vn/van-ban/Xuat-nhap-khau/Thong-bao-11536-TB-TCHQ-2014-phan-loai-hang-hoa-XNK-Cuon-ong-dan-thuy-luc-bang-thep-khong-ri-250809.aspx
86,5712,11537/TB-TCHQ,2014,https://thuvienphapluat.vn/van-ban/Xuat-nhap-khau/Thong-bao-11537-TB-TCHQ-nam-2014-phan-loai-hang-hoa-xuat-nhap-khau-250810.aspx
86,5714,11534/TB-TCHQ,2014,https://thuvienphapluat.vn/van-ban/Xuat-nhap-khau/Thong-bao-11534-TB-TCHQ-nam-2014-ket-qua-phan-loai-hang-hoa-xuat-nhap-khau-Hon-hop-hydrocacbon-250807.aspx
86,5716,11454/TB-TCHQ,2014,https://thuvienphapluat.vn/van-ban/Xuat-nhap-khau/Thong-bao-11454-TB-TCHQ-nam-2014-phan-loai-hang-hoa-xuat-nhap-khau-BENZOYL-CH-Benzoyl-chloride-250960.aspx
86,5717,11493/TB-TCHQ,2014,https://thuvienphapluat.vn/van-ban/Xuat-nhap-khau/Thong-bao-11493-TB-TCHQ-nam-2014-phan-loai-hang-hoa-xuat-nhap-khau-Chat-tay-rua-axit-oxalic-250975.aspx
86,5718,11489/TB-TCHQ,2014,https://thuvienphapluat.vn/van-ban/Xuat-nhap-khau/Thong-bao-11489-TB-TCHQ-nam-2014-phan-loai-hang-hoa-xuat-nhap-khau-Chat-chong-dinh-Neolight-Paste-50-251097.aspx
86,5719,11459/TB-TCHQ,2014,https://thuvienphapluat.vn/van-ban/Xuat-nhap-khau/Thong-bao-11459-TB-TCHQ-nam-2014-phan-loai-hang-hoa-xuat-nhap-khau-TMP-Trimethylolpropan-250969.aspx
86,5720,11461/TB-TCHQ,2014,https://thuvienphapluat.vn/van-ban/Xuat-nhap-khau/Thong-bao-11461-TB-TCHQ-nam-2014-phan-loai-hang-hoa-xuat-nhap-khau-Che-pham-lam-sach-kim-loai-250971.aspx
86,5721,11449/TB-TCHQ,2014,https://thuvienphapluat.vn/van-ban/Xuat-nhap-khau/Thong-bao-11449-TB-TCHQ-nam-2014-phan-loai-hang-hoa-xuat-nhap-khau-1DK-418-Dan-xuat-cua-Imindo-251088.aspx
87,5722,11446/TB-TCHQ,2014,https://thuvienphapluat.vn/van-ban/Xuat-nhap-khau/Thong-bao-11446-TB-TCHQ-nam-2014-phan-loai-hang-hoa-xuat-nhap-khau-Tinh-bot-bien-tinh-250950.aspx
87,5723,11470/TB-TCHQ,2014,https://thuvienphapluat.vn/van-ban/Xuat-nhap-khau/Thong-bao-11470-TB-TCHQ-nam-2014-phan-loai-hang-hoa-xuat-nhap-khau-nguyen-lieu-san-xuat-son-250954.aspx
87,5724,11458/TB-TCHQ,2014,https://thuvienphapluat.vn/van-ban/Xuat-nhap-khau/Thong-bao-11458-TB-TCHQ-nam-2014-phan-loai-hang-hoa-xuat-nhap-khau-PTHF-1000-Polyeste-dang-nguyen-sinh-250962.aspx
87,5725,11488/TB-TCHQ,2014,https://thuvienphapluat.vn/van-ban/Xuat-nhap-khau/Thong-bao-11488-TB-TCHQ-nam-2014-phan-loai-hang-xuat-nhap-khau-Bot-mau-do-xac-dinh-khoang-cach-tai-lac-251096.aspx
87,5726,11471/TB-TCHQ,2014,https://thuvienphapluat.vn/van-ban/Xuat-nhap-khau/Thong-bao-11471-TB-TCHQ-nam-2014-phan-loai-hang-hoa-xuat-nhap-khau-Polyamit-dang-nguyen-sinh-250955.aspx
87,5727,11447/TB-TCHQ,2014,https://thuvienphapluat.vn/van-ban/Xuat-nhap-khau/Thong-bao-11447-TB-TCHQ-2014-phan-loai-XNK-DK-421-Chat-kim-ham-enzym-trong-cong-nghiep-san-xuat-hoa-chat-250937.aspx
87,5728,11497/TB-TCHQ,2014,https://thuvienphapluat.vn/van-ban/Xuat-nhap-khau/Thong-bao-11497-TB-TCHQ-nam-2014-phan-loai-hang-hoa-xuat-nhap-khau-Giay-cong-nghiep-trang-phu-dau-250825.aspx
87,5729,11462/TB-TCHQ,2014,https://thuvienphapluat.vn/van-ban/Xuat-nhap-khau/Thong-bao-11462-TB-TCHQ-nam-2014-phan-loai-hang-hoa-xuat-nhap-khau-Chat-xuc-tien-luu-hoa-cao-su-da-dieu-che-250972.aspx
87,5730,11494/TB-TCHQ,2014,https://thuvienphapluat.vn/van-ban/Xuat-nhap-khau/Thong-bao-11494-TB-TCHQ-nam-2014-phan-loai-hang-hoa-xuat-nhap-khau-Keo-250976.aspx
87,5731,11469/TB-TCHQ,2014,https://thuvienphapluat.vn/van-ban/Xuat-nhap-khau/Thong-bao-11469-TB-TCHQ-nam-2014-phan-loai-hang-hoa-xuat-nhap-khau-Dung-moi-huu-co-isobutyl-alcoho-250953.aspx
87,5732,11486/TB-TCHQ,2014,https://thuvienphapluat.vn/van-ban/Xuat-nhap-khau/Thong-bao-11486-TB-TCHQ-nam-2014-phan-loai-hang-hoa-xuat-nhap-khau-Chat-lam-bong-mat-da-TLS-251094.aspx
87,5733,11475/TB-TCHQ,2014,https://thuvienphapluat.vn/van-ban/Xuat-nhap-khau/Thong-bao-11475-TB-TCHQ-nam-2014-phan-loai-hang-hoa-xuat-nhap-khau-Thuoc-han-ho-quang-chim-250956.aspx
87,5734,11499/TB-TCHQ,2014,https://thuvienphapluat.vn/van-ban/Xuat-nhap-khau/Thong-bao-11499-TB-TCHQ-nam-2014-phan-loai-hang-hoa-xuat-nhap-khau-NL31-Chat-tro-HARDENER-AB-1000-250826.aspx
87,5735,11467/TB-TCHQ,2014,https://thuvienphapluat.vn/van-ban/Xuat-nhap-khau/Thong-bao-11467-TB-TCHQ-nam-2014-phan-loai-hang-hoa-xuat-nhap-khau-Che-pham-tang-bam-dinh-muc-in-250941.aspx
87,5736,11450/TB-TCHQ,2014,https://thuvienphapluat.vn/van-ban/Xuat-nhap-khau/Thong-bao-11450-TB-TCHQ-2014-phan-loai-hangXNK-DK-308-Dan-xuat-cua-axit-carboxylic-da-chuc-mach-ho-250944.aspx
87,5737,11456/TB-TCHQ,2014,https://thuvienphapluat.vn/van-ban/Xuat-nhap-khau/Thong-bao-11456-TB-TCHQ-nam-2014-phan-loai-hang-hoa-xuat-nhap-khau-DABCO-Hop-chat-di-vong-chi-chua-di-to-nito-250961.aspx
87,5738,11473/TB-TCHQ,2014,https://thuvienphapluat.vn/van-ban/Xuat-nhap-khau/Thong-bao-11473-TB-TCHQ-nam-2014-phan-loai-hang-hoa-xuat-nhap-khau-Hon-hop-dung-moi-vo-co-250965.aspx
87,5739,11491/TB-TCHQ,2014,https://thuvienphapluat.vn/van-ban/Xuat-nhap-khau/Thong-bao-11491-TB-TCHQ-nam-2014-phan-loai-hang-hoa-xuat-nhap-khau-Phu-gia-cao-su-AT-95-250973.aspx
87,5740,11453/TB-TCHQ,2014,https://thuvienphapluat.vn/van-ban/Xuat-nhap-khau/Thong-bao-11453-TB-TCHQ-nam-2014-phan-loai-hang-hoa-xuat-nhap-khau-TPT-Oxit-titan-250951.aspx
87,5741,11457/TB-TCHQ,2014,https://thuvienphapluat.vn/van-ban/Xuat-nhap-khau/Thong-bao-11457-TB-TCHQ-nam-2014-phan-loai-hang-xuat-nhap-khau-RA-5000-Polyuretan-dang-nguyen-sinh-250939.aspx
87,5742,11482/TB-TCHQ,2014,https://thuvienphapluat.vn/van-ban/Xuat-nhap-khau/Thong-bao-11482-TB-TCHQ-2014-phan-loai-Phu-gia-dung-trong-thuc-an-chan-nuoi-DMX-7-Mold-Inhibitor-251090.aspx
87,5743,11483/TB-TCHQ,2014,https://thuvienphapluat.vn/van-ban/Xuat-nhap-khau/Thong-bao-11483-TB-TCHQ-2014-ket-qua-phan-loai-Chat-lam-nhan-mat-da-HD-251091.aspx
87,5744,11451/TB-TCHQ,2014,https://thuvienphapluat.vn/van-ban/Xuat-nhap-khau/Thong-bao-11451-TB-TCHQ-nam-2014-phan-loai-hang-xuat-nhap-khau-DK-460-Dung-dich-polyme-250945.aspx
87,5745,11495/TB-TCHQ,2014,https://thuvienphapluat.vn/van-ban/Xuat-nhap-khau/Thong-bao-11495-TB-TCHQ-nam-2014-phan-loai-hang-hoa-xuat-nhap-khau-Thep-cuon-khong-gi-can-nguoi-250957.aspx
87,5746,11481/TB-TCHQ,2014,https://thuvienphapluat.vn/van-ban/Xuat-nhap-khau/Thong-bao-11481-TB-TCHQ-nam-2014-phan-loai-DSC141-%23-K-0789-polyeste-chua-no-dang-long-251089.aspx
88,5747,11464/TB-TCHQ,2014,https://thuvienphapluat.vn/van-ban/Xuat-nhap-khau/Thong-bao-11464-TB-TCHQ-nam-2014-phan-loai-hang-hoa-xuat-nhap-khau-Muoi-Halogen-xi-ma-chat-250963.aspx
88,5748,11460/TB-TCHQ,2014,https://thuvienphapluat.vn/van-ban/Xuat-nhap-khau/Thong-bao-11460-TB-TCHQ-nam-2014-phan-loai-hang-hoa-xuat-nhap-khau-Chat-hoat-tinh-polime-H-80A-250970.aspx
88,5749,11484/TB-TCHQ,2014,https://thuvienphapluat.vn/van-ban/Xuat-nhap-khau/Thong-bao-11484-TB-TCHQ-nam-2014-phan-loai-hang-hoa-xuat-nhap-khau-Chat-lam-bong-mat-da-SY-251092.aspx
88,5750,11474/TB-TCHQ,2014,https://thuvienphapluat.vn/van-ban/Xuat-nhap-khau/Thong-bao-11474-TB-TCHQ-nam-2014-phan-loai-xuat-nhap-khau-Hon-hop-chat-axit-Dicyclohexyl-Phthalate-250947.aspx
88,5751,11452/TB-TCHQ,2014,https://thuvienphapluat.vn/van-ban/Xuat-nhap-khau/Thong-bao-11452-TB-TCHQ-nam-2014-phan-loai-hang-hoa-xuat-nhap-khau-Hon-hop-dung-moi-huu-co-250946.aspx
88,5752,11466/TB-TCHQ,2014,https://thuvienphapluat.vn/van-ban/Xuat-nhap-khau/Thong-bao-11466-TB-TCHQ-nam-2014-phan-loai-hang-hoa-xuat-nhap-khau-Muoi-axit-oxalic-nhuom-mau-nhom-250964.aspx
88,5753,11498/TB-TCHQ,2014,https://thuvienphapluat.vn/van-ban/Xuat-nhap-khau/Thong-bao-11498-TB-TCHQ-nam-2014-phan-loai-hang-hoa-xuat-nhap-khau-Che-pham-chua-dau-Silicon-250949.aspx
88,5754,11455/TB-TCHQ,2014,https://thuvienphapluat.vn/van-ban/Xuat-nhap-khau/Thong-bao-11455-TB-TCHQ-2014-phan-loai-hang-XNK-BEN-JPP-100-Este-cua-axit-vo-co-khac-cua-cac-phi-kim-loai-250938.aspx
88,5755,11487/TB-TCHQ,2014,https://thuvienphapluat.vn/van-ban/Xuat-nhap-khau/Thong-bao-11487-TB-TCHQ-nam-2014-phan-loai-hang-hoa-xuat-nhap-khau-Tuyt-kem-chong-dinh-251095.aspx
88,5756,11485/TB-TCHQ,2014,https://thuvienphapluat.vn/van-ban/Xuat-nhap-khau/Thong-bao-11485-TB-TCHQ-nam-2014-phan-loai-hang-hoa-xuat-nhap-khau-Chat-lam-bong-mat-da-TOP-251093.aspx
88,5757,11490/TB-TCHQ,2014,https://thuvienphapluat.vn/van-ban/Xuat-nhap-khau/Thong-bao-11490-TB-TCHQ-nam-2014-phan-loai-hang-hoa-xuat-nhap-khau-Hydro-peroxit-dang-long-251098.aspx
88,5758,11496/TB-TCHQ,2014,https://thuvienphapluat.vn/van-ban/Xuat-nhap-khau/Thong-bao-11496-TB-TCHQ-nam-2014-phan-loai-hang-hoa-xuat-nhap-khau-Giay-cong-nghiep-phu-dau-hai-mat-250948.aspx
88,5759,11492/TB-TCHQ,2014,https://thuvienphapluat.vn/van-ban/Xuat-nhap-khau/Thong-bao-11492-TB-TCHQ-nam-2014-phan-loai-hang-hoa-xuat-nhap-khau-Phu-gia-cao-su-AL-450-250974.aspx
88,5760,11468/TB-TCHQ,2014,https://thuvienphapluat.vn/van-ban/Xuat-nhap-khau/Thong-bao-11468-TB-TCHQ-nam-2014-phan-loai-hang-hoa-xuat-nhap-khau-Triethylenediamire-san-xuat-muc-in-250952.aspx
88,5761,11448/TB-TCHQ,2014,https://thuvienphapluat.vn/van-ban/Xuat-nhap-khau/Thong-bao-11448-TB-TCHQ-nam-2014-phan-loai-hang-hoa-xuat-nhap-khau-DK-463-Hop-chat-huu-co-khac-250959.aspx
88,5762,11472/TB-TCHQ,2014,https://thuvienphapluat.vn/van-ban/Xuat-nhap-khau/Thong-bao-11472-TB-TCHQ-nam-2014-phan-loai-hang-hoa-xuat-nhap-khau-Ruou-mach-ho-san-xuat-son-250942.aspx
88,5763,11465/TB-TCHQ,2014,https://thuvienphapluat.vn/van-ban/Xuat-nhap-khau/Thong-bao-11465-TB-TCHQ-nam-2014-phan-loai-hang-xuat-nhap-khau-Che-pham-hoat-dong-be-mat-loai-khac-TOP-Placon-GR-250940.aspx
88,5764,11266/TB-TCHQ,2014,https://thuvienphapluat.vn/van-ban/Xuat-nhap-khau/Thong-bao-11266-TB-TCHQ-nam-2014-phan-loai-hang-hoa-xuat-nhap-khau-Rhenogran-S-80-251139.aspx
88,5765,11264/TB-TCHQ,2014,https://thuvienphapluat.vn/van-ban/Xuat-nhap-khau/Thong-bao-11264-TB-TCHQ-2014-phan-loai-hang-hoa-xuat-nhap-khau-Thuoc-mau-dioxit-titan-lon-hon-80-251137.aspx
88,5766,11265/TB-TCHQ,2014,https://thuvienphapluat.vn/van-ban/Xuat-nhap-khau/Thong-bao-11265-TB-TCHQ-nam-2014-phan-loai-hang-hoa-xuat-nhap-khau-Rhenogran-ZnO-80-251138.aspx
88,5767,11269/TB-TCHQ,2014,https://thuvienphapluat.vn/van-ban/Xuat-nhap-khau/Thong-bao-11269-TB-TCHQ-nam-2014-phan-loai-hang-hoa-xuat-nhap-khau-Chat-nhu-hoa-phuc-hop-251142.aspx
88,5768,11267/TB-TCHQ,2014,https://thuvienphapluat.vn/van-ban/Xuat-nhap-khau/Thong-bao-11267-TB-TCHQ-nam-2014-phan-loai-hang-hoa-xuat-nhap-khau-Aktiplast-T-251140.aspx
88,5769,11268/TB-TCHQ,2014,https://thuvienphapluat.vn/van-ban/Xuat-nhap-khau/Thong-bao-11268-TB-TCHQ-nam-2014-phan-loai-hang-hoa-xuat-nhap-khau-Thep-khong-gi-251141.aspx
88,5770,11180/TB-TCHQ,2014,https://thuvienphapluat.vn/van-ban/Xuat-nhap-khau/Thong-bao-11180-TB-TCHQ-2014-ket-qua-phan-loai-Hon-hop-dung-moi-vo-co-250148.aspx
88,5771,11238/TB-TCHQ,2014,https://thuvienphapluat.vn/van-ban/Xuat-nhap-khau/Thong-bao-11238-TB-TCHQ-nam-2014-phan-loai-Ruou-Butanol-250086.aspx
89,5772,11239/TB-TCHQ,2014,https://thuvienphapluat.vn/van-ban/Xuat-nhap-khau/Thong-bao-11239-TB-TCHQ-nam-2014-phan-loai-Phu-gia-cho-dau-boi-tron-TZ-571-250087.aspx
89,5773,11237/TB-TCHQ,2014,https://thuvienphapluat.vn/van-ban/Xuat-nhap-khau/Thong-bao-11237-TB-TCHQ-nam-2014-phan-loai-Che-pham-dung-de-rua-hoa-chat-250136.aspx
89,5774,11236/TB-TCHQ,2014,https://thuvienphapluat.vn/van-ban/Xuat-nhap-khau/Thong-bao-11236-TB-TCHQ-nam-2014-phan-loai-hang-hoa-xuat-nhap-khau-Nhua-epoxit-dang-long-250153.aspx
89,5775,11177/TB-TCHQ,2014,https://thuvienphapluat.vn/van-ban/Xuat-nhap-khau/Thong-bao-11177-TB-TCHQ-nam-2014-phan-loai-Hop-kim-Fero-250146.aspx
89,5776,11256/TB-TCHQ,2014,https://thuvienphapluat.vn/van-ban/Xuat-nhap-khau/Thong-bao-11256-TB-TCHQ-nam-2014-phan-loai-hang-XNK-Mieng-danh-bong-gach-bang-vat-lieu-det-250158.aspx
89,5778,11231/TB-TCHQ,2014,https://thuvienphapluat.vn/van-ban/Xuat-nhap-khau/Thong-bao-11231-TB-TCHQ-2014-ket-qua-phan-loai-Chat-thuoc-da-goc-thuc-vat-250149.aspx
89,5779,11254/TB-TCHQ,2014,https://thuvienphapluat.vn/van-ban/Xuat-nhap-khau/Thong-bao-11254-TB-TCHQ-nam-2014-phan-loai-Bot-nhua-RESIN-UMERIT-0520F-250089.aspx
89,5781,11258/TB-TCHQ,2014,https://thuvienphapluat.vn/van-ban/Doanh-nghiep/Thong-bao-11258-TB-TCHQ-2014-ket-qua-phan-loai-Sodium-Humate-Hoa-chat-dung-lam-gom-su-250090.aspx
89,5782,11259/TB-TCHQ,2014,https://thuvienphapluat.vn/van-ban/Xuat-nhap-khau/Thong-bao-11259-TB-TCHQ-nam-2014-phan-loai-Sake-gia-vi-250091.aspx
89,5783,11232/TB-TCHQ,2014,https://thuvienphapluat.vn/van-ban/Xuat-nhap-khau/Thong-bao-11232-TB-TCHQ-2014-ket-qua-phan-loai-Chat-phu-gia-tay-dau-mo-250150.aspx
89,5784,11233/TB-TCHQ,2014,https://thuvienphapluat.vn/van-ban/Xuat-nhap-khau/Thong-bao-11233-TB-TCHQ-2014-ket-qua-phan-loai-Chat-phu-gia-chong-moc-250151.aspx
89,5785,11253/TB-TCHQ,2014,https://thuvienphapluat.vn/van-ban/Xuat-nhap-khau/Thong-bao-11253-TB-TCHQ-2014-ket-qua-phan-loai-Nhua-polyme-tu-etylene-dang-nguyen-sinh-250156.aspx
89,5787,11175/TB-TCHQ,2014,https://thuvienphapluat.vn/van-ban/Xuat-nhap-khau/Thong-bao-11175-TB-TCHQ-nam-2014-phan-loai-Thuoc-mau-250145.aspx
89,5788,11260/TB-TCHQ,2014,https://thuvienphapluat.vn/van-ban/Xuat-nhap-khau/Thong-bao-11260-TB-TCHQ-nam-2014-phan-loai-Che-pham-dung-cho-tre-em-da-dong-250092.aspx
89,5789,11257/TB-TCHQ,2014,https://thuvienphapluat.vn/van-ban/Xuat-nhap-khau/Thong-bao-11257-TB-TCHQ-nam-2014-phan-loai-hang-hoa-xuat-nhap-khau-Thep-khong-hop-kim-can-nong-dang-que-251136.aspx
89,5790,11234/TB-TCHQ,2014,https://thuvienphapluat.vn/van-ban/Xuat-nhap-khau/Thong-bao-11234-TB-TCHQ-nam-2014-phan-loai-hang-hoa-xuat-nhap-khau-Bo-mica-250127.aspx
89,5791,11252/TB-TCHQ,2014,https://thuvienphapluat.vn/van-ban/Xuat-nhap-khau/Thong-bao-11252-TB-TCHQ-nam-2014-phan-loai-hang-hoa-xuat-nhap-khau-250155.aspx
89,5793,11242/TB-TCHQ,2014,https://thuvienphapluat.vn/van-ban/Xuat-nhap-khau/Thong-bao-11242-TB-TCHQ-nam-2014-phan-loai-hang-hoa-xuat-nhap-khau-Phu-gia-cho-dau-boi-tron-250154.aspx
89,5794,11235/TB-TCHQ,2014,https://thuvienphapluat.vn/van-ban/Xuat-nhap-khau/Thong-bao-11235-TB-TCHQ-nam-2014-phan-loai-hang-hoa-xuat-nhap-khau-NPL134-250152.aspx
89,5796,11240/TB-TCHQ,2014,https://thuvienphapluat.vn/van-ban/Xuat-nhap-khau/Thong-bao-11240-TB-TCHQ-nam-2014-phan-loai-Phu-gia-cho-dau-boi-tron-TZ-35V-250088.aspx
89,5797,11255/TB-TCHQ,2014,https://thuvienphapluat.vn/van-ban/Xuat-nhap-khau/Thong-bao-11255-TB-TCHQ-nam-2014-phan-loai-hang-hoa-xuat-nhap-khau-NPL-93%23-Chat-on-dinh-Stabilizer-50S-250157.aspx
89,5799,11241/TB-TCHQ,2014,https://thuvienphapluat.vn/van-ban/Xuat-nhap-khau/Thong-bao-11241-TB-TCHQ-nam-2014-phan-loai-Phu-gia-cho-dau-boi-tron-TZ-35Y-249968.aspx
89,5800,11156/TB-TCHQ,2014,https://thuvienphapluat.vn/van-ban/Xuat-nhap-khau/Thong-bao-11156-TB-TCHQ-nam-2014-phan-loai-hang-hoa-xuat-nhap-khau-NPL-011-Hoa-chat-Petroleum-Resin-250142.aspx
89,5801,11165/TB-TCHQ,2014,https://thuvienphapluat.vn/van-ban/Xuat-nhap-khau/Thong-bao-11165-TB-TCHQ-nam-2014-phan-loai-Nguyen-lieu-san-xuat-dung-dich-khoan-dau-khi-Defoam-A-250135.aspx
89,5802,11161/TB-TCHQ,2014,https://thuvienphapluat.vn/van-ban/Xuat-nhap-khau/Thong-bao-11161-TB-TCHQ-2014-ket-qua-phan-loai-XNK-Phu-gia-thuc-pham-Fumaric-acid-250133.aspx
90,5803,11153/TB-TCHQ,2014,https://thuvienphapluat.vn/van-ban/Xuat-nhap-khau/Thong-bao-11153-TB-TCHQ-2014-ket-qua-phan-loai-Vai-det-kim-trang-phu-mot-mat-nhua-poly-250131.aspx
90,5804,11157/TB-TCHQ,2014,https://thuvienphapluat.vn/van-ban/Xuat-nhap-khau/Thong-bao-11157-TB-TCHQ-nam-2014-phan-loai-hang-hoa-xuat-nhap-khau-Dung-moi-DILUEN-250143.aspx
90,5805,11158/TB-TCHQ,2014,https://thuvienphapluat.vn/van-ban/Xuat-nhap-khau/Thong-bao-11158-TB-TCHQ-nam-2014-phan-loai-hoa-xuat-nhap-khau-Chat-huu-co-hoat-dong-be-mat-250144.aspx
90,5806,11160/TB-TCHQ,2014,https://thuvienphapluat.vn/van-ban/Xuat-nhap-khau/Thong-bao-11160-TB-TCHQ-2014-ket-qua-phan-loai-Phu-gia-thuc-pham-Tartaric-acid-250132.aspx
90,5807,11155/TB-TCHQ,2014,https://thuvienphapluat.vn/van-ban/Xuat-nhap-khau/Thong-bao-11155-TB-TCHQ-nam-2014-phan-loai-hang-hoa-xuat-nhap-khau-Hon-hop-cac-chat-thom-san-xuat-nhang-muoi-250141.aspx
90,5808,11164/TB-TCHQ,2014,https://thuvienphapluat.vn/van-ban/Xuat-nhap-khau/Thong-bao-11164-TB-TCHQ-nam-2014-phan-loai-Chat-tao-ngot-Sodium-cyclamate-250134.aspx
90,5809,11152/TB-TCHQ,2014,https://thuvienphapluat.vn/van-ban/Xuat-nhap-khau/Thong-bao-11152-TB-TCHQ-2014-ket-qua-phan-loai-Num-ty-ngam-bang-silicon-hieu-BABISIL-250130.aspx
90,5810,10975/TB-TCHQ,2014,https://thuvienphapluat.vn/van-ban/Xuat-nhap-khau/Thong-bao-10975-TB-TCHQ-nam-2014-phan-loai-nguyen-lieu-san-xuat-thuoc-Verapamil-Hydrochloride-249820.aspx
90,5812,10978/TB-TCHQ,2014,https://thuvienphapluat.vn/van-ban/Xuat-nhap-khau/Thong-bao-10978-TB-TCHQ-nam-2014-phan-loai-hang-hoa-xuat-nhap-khau-249768.aspx
90,5814,10979/TB-TCHQ,2014,https://thuvienphapluat.vn/van-ban/Xuat-nhap-khau/Thong-bao-10979-TB-TCHQ-nam-2014-phan-loai-Che-pham-mau-vo-co-phan-tan-trong-poly-3U-41B-249926.aspx
90,5816,10951/TB-TCHQ,2014,https://thuvienphapluat.vn/van-ban/Xuat-nhap-khau/Thong-bao-10951-TB-TCHQ-nam-2014-phan-loai-Polyuretan-dang-long-nguyen-sinh-xuat-son-CK-R-R-15307-249819.aspx
90,5818,10904/TB-TCHQ,2014,https://thuvienphapluat.vn/van-ban/Xuat-nhap-khau/Thong-bao-10904-TB-TCHQ-2014-ket-qua-phan-loai-hang-hoa-xuat-nhap-khau-Thep-khong-hop-kim-249817.aspx
90,5820,10890/TB-TCHQ,2014,https://thuvienphapluat.vn/van-ban/Xuat-nhap-khau/Thong-bao-10890-TB-TCHQ-2014-ket-qua-phan-loai-NVL-dung-san-xuat-son-Alkyt-nguyen-sinh-dang-long-249816.aspx
90,5822,10905/TB-TCHQ,2014,https://thuvienphapluat.vn/van-ban/Xuat-nhap-khau/Thong-bao-10905-TB-TCHQ-2014-phan-loai-Ong-xa-lavabo-kim-loai-hinh-chu-P-hieu-American-Standard-P-Trap-249818.aspx
90,5824,10866/TB-TCHQ,2014,https://thuvienphapluat.vn/van-ban/Xuat-nhap-khau/Thong-bao-10866-TB-TCHQ-2014-ket-qua-phan-loai-mat-hang-Keo-dan-Adhesive-SG-8809-249815.aspx
90,5826,10827/TB-TCHQ,2014,https://thuvienphapluat.vn/van-ban/Xuat-nhap-khau/Thong-bao-10827-TB-TCHQ-2014-ket-qua-phan-loai-Chat-mau-phan-tan-trong-moi-truong-khong-chua-nuoc-249814.aspx
90,5828,10779/TB-TCHQ,2014,https://thuvienphapluat.vn/van-ban/Xuat-nhap-khau/Thong-bao-10779-TB-TCHQ-nam-2014-phan-loai-VECNI-dung-san-xuat-son-249843.aspx
90,5830,10773/TB-TCHQ,2014,https://thuvienphapluat.vn/van-ban/Xuat-nhap-khau/Thong-bao-10773-TB-TCHQ-2014-ket-qua-phan-loai-hang-hoa-xuat-nhap-khau-hoa-chat-Additive-XP-08-249839.aspx
90,5832,10787/TB-TCHQ,2014,https://thuvienphapluat.vn/van-ban/Xuat-nhap-khau/Thong-bao-10787-TB-TCHQ-2014-ket-qua-phan-loai-hang-hoa-xuat-nhap-khau-Che-pham-chong-oxi-hoa-249813.aspx
90,5834,10777/TB-TCHQ,2014,https://thuvienphapluat.vn/van-ban/Xuat-nhap-khau/Thong-bao-10777-TB-TCHQ-nam-2014-phan-loai-Thuoc-mau-chua-ham-luong-DIOXIT-TITAN-lon-hon-80-249842.aspx
90,5836,10784/TB-TCHQ,2014,https://thuvienphapluat.vn/van-ban/Xuat-nhap-khau/Thong-bao-10784-TB-TCHQ-nam-2014-ket-qua-phan-loai-VECNI-dung-san-xuat-son-249848.aspx
90,5838,10775/TB-TCHQ,2014,https://thuvienphapluat.vn/van-ban/Xuat-nhap-khau/Thong-bao-10775-TB-TCHQ-nam-2014-phan-loai-Hon-hop-dung-moi-vo-co-249840.aspx
90,5840,10785/TB-TCHQ,2014,https://thuvienphapluat.vn/van-ban/Xuat-nhap-khau/Thong-bao-10785-TB-TCHQ-2014-ket-qua-phan-loai-Hon-hop-chua-bi-tum-thanh-phan-chinh-asphalt-tu-nhien-249806.aspx
90,5842,10778/TB-TCHQ,2014,https://thuvienphapluat.vn/van-ban/Xuat-nhap-khau/Thong-bao-10778-TB-TCHQ-2014-ket-qua-phan-loai-Che-pham-dung-de-rua-hoa-chat-Copolyme-249805.aspx
90,5844,10781/TB-TCHQ,2014,https://thuvienphapluat.vn/van-ban/Xuat-nhap-khau/Thong-bao-10781-TB-TCHQ-nam-2014-phan-loai-POLYME-ACRYLIC-dang-nguyen-sinh-249845.aspx
91,5846,10782/TB-TCHQ,2014,https://thuvienphapluat.vn/van-ban/Xuat-nhap-khau/Thong-bao-10782-TB-TCHQ-nam-2014-phan-loai-POLYME-ACRYLIC-dang-nguyen-sinh-249846.aspx
91,5848,10786/TB-TCHQ,2014,https://thuvienphapluat.vn/van-ban/Xuat-nhap-khau/Thong-bao-10786-TB-TCHQ-2014-ket-qua-phan-loai-doi-voi-hang-hoa-xuat-nhap-khau-Axit-gluconic-249807.aspx
91,5850,10783/TB-TCHQ,2014,https://thuvienphapluat.vn/van-ban/Xuat-nhap-khau/Thong-bao-10783-TB-TCHQ-nam-2014-ket-qua-phan-POLYME-ACRYLIC-dang-nguyen-249847.aspx
91,5852,10780/TB-TCHQ,2014,https://thuvienphapluat.vn/van-ban/Xuat-nhap-khau/Thong-bao-10780-TB-TCHQ-nam-2014-phan-loai-VECNI-dung-san-xuat-son-249844.aspx
91,5854,10776/TB-TCHQ,2014,https://thuvienphapluat.vn/van-ban/Xuat-nhap-khau/Thong-bao-10776-TB-TCHQ-nam-2014-Thuoc-mau-chua-ham-luong-DIOXIT-TITAN-lon-hon-80-249841.aspx
91,5855,10737/TB-TCHQ,2014,https://thuvienphapluat.vn/van-ban/Xuat-nhap-khau/Thong-bao-10737-TB-TCHQ-2014-ket-qua-phan-loai-Hon-hop-bot-phu-socola-%231-250349.aspx
91,5857,10739/TB-TCHQ,2014,https://thuvienphapluat.vn/van-ban/Xuat-nhap-khau/Thong-bao-10739-TB-TCHQ-2014-ket-qua-phan-loai-Hon-hop-bot-socola-%232-250351.aspx
91,5859,10738/TB-TCHQ,2014,https://thuvienphapluat.vn/van-ban/Xuat-nhap-khau/Thong-bao-10738-TB-TCHQ-2014-ket-qua-phan-loai-Hon-hop-nhan-mut-%231-250350.aspx
91,5861,10736/TB-TCHQ,2014,https://thuvienphapluat.vn/van-ban/Xuat-nhap-khau/Thong-bao-10736-TB-TCHQ-2014-ket-qua-phan-loai-Huong-vani-Vanilla-Flavor-V-DCHO-10-250348.aspx
91,5863,10740/TB-TCHQ,2014,https://thuvienphapluat.vn/van-ban/Xuat-nhap-khau/Thong-bao-10740-TB-TCHQ-2014-ket-qua-phan-loai-Choline-Chloride-75-liquid-250352.aspx
91,5867,9457/TB-TCHQ,2014,https://thuvienphapluat.vn/van-ban/Xuat-nhap-khau/Thong-bao-9457-TB-TCHQ-2014-ket-qua-phan-loai-Chat-hoan-tat-PERGLUTIN-K532-249785.aspx
91,5868,8949/TB-TCHQ,2014,https://thuvienphapluat.vn/van-ban/Xuat-nhap-khau/Thong-bao-8949-TB-TCHQ-ket-qua-phan-loai-chat-hoat-dong-be-mat-dung-trong-san-xuat-xa-phong-2014-346480.aspx
91,5870,8237/TB-TCHQ,2014,https://thuvienphapluat.vn/van-ban/Thuong-mai/Thong-bao-8237-TB-TCHQ-phan-loai-thep-khong-hop-kim-can-phang-da-phu-ma-trang-2014-292925.aspx
91,5871,8236/TB-TCHQ,2014,https://thuvienphapluat.vn/van-ban/Thuong-mai/Thong-bao-8236-TB-TCHQ-phan-loai-thep-la-ma-thiec-dung-de-san-xuat-hop-dung-rau-qua-2014-292923.aspx
91,5873,4747/TB-TCHQ,2014,https://thuvienphapluat.vn/van-ban/Xuat-nhap-khau/Thong-bao-4747-TB-TCHQ-nam-2014-phan-loai-hang-hoa-xuat-nhap-khau-Thep-hop-kim-can-nong-257651.aspx
91,5874,4473/TB-TCHQ,2014,https://thuvienphapluat.vn/van-ban/Xuat-nhap-khau/Thong-bao-4473-TB-TCHQ-nam-2014-ket-qua-xac-dinh-truoc-ma-so-227794.aspx
91,5876,4395/TB-TCHQ,2014,https://thuvienphapluat.vn/van-ban/Xuat-nhap-khau/Thong-bao-4395-TB-TCHQ-nam-2014-phan-loai-hang-hoa-xuat-nhap-khau-chat-Polyacrylate-hoa-tan-da-thuoc-228166.aspx
91,5877,4366/TB-TCHQ,2014,https://thuvienphapluat.vn/van-ban/Xuat-nhap-khau/Thong-bao-4366-TB-TCHQ-nam-2014-ket-qua-phan-loai-hang-hoa-xuat-nhap-khau-hoa-chat-tao-bot-loc-vang-228077.aspx
91,5878,4358/TB-TCHQ,2014,https://thuvienphapluat.vn/van-ban/Xuat-nhap-khau/Thong-bao-4358-TB-TCHQ-2014-ket-qua-phan-loai-hang-hoa-xuat-nhap-khau-thuoc-mau-san-xuat-xa-phong-228069.aspx
91,5879,4385/TB-TCHQ,2014,https://thuvienphapluat.vn/van-ban/Xuat-nhap-khau/Thong-bao-4385-TB-TCHQ-nam-2014-ket-qua-phan-loai-hang-hoa-xuat-nhap-khau-hoa-chat-acid-phytic-228199.aspx
91,5880,4364/TB-TCHQ,2014,https://thuvienphapluat.vn/van-ban/Xuat-nhap-khau/Thong-bao-4364-TB-TCHQ-2014-ket-qua-phan-loai-hang-hoa-xuat-nhap-khau-chat-thom-lam-nuoc-giai-khat-228075.aspx
91,5881,4392/TB-TCHQ,2014,https://thuvienphapluat.vn/van-ban/Xuat-nhap-khau/Thong-bao-4392-TB-TCHQ-nam-2014-phan-loai-hang-hoa-xuat-nhap-khau-Copolyme-Etylen-Vinyl-Axetat-228163.aspx
91,5882,4377/TB-TCHQ,2014,https://thuvienphapluat.vn/van-ban/Xuat-nhap-khau/Thong-bao-4377-TB-TCHQ-2014-phan-loai-hang-hoa-xuat-nhap-khau-chat-chong-dong-banh-phan-bon-228259.aspx
91,5883,4378/TB-TCHQ,2014,https://thuvienphapluat.vn/van-ban/Xuat-nhap-khau/Thong-bao-4378-TB-TCHQ-nam-2014-ket-qua-phan-loai-hang-hoa-xuat-nhap-khau-la-OXICAP-E2-228260.aspx
91,5884,4373/TB-TCHQ,2014,https://thuvienphapluat.vn/van-ban/Xuat-nhap-khau/Thong-bao-4373-TB-TCHQ-2014-ket-qua-phan-loai-hang-hoa-xuat-nhap-khau-Tam-Plastic-228255.aspx
92,5885,4375/TB-TCHQ,2014,https://thuvienphapluat.vn/van-ban/Xuat-nhap-khau/Thong-bao-4375-TB-TCHQ-2014-ket-qua-phan-loai-hang-hoa-xuat-nhap-khau-mieng-loc-si-cho-kim-loai-long-228257.aspx
92,5886,4383/TB-TCHQ,2014,https://thuvienphapluat.vn/van-ban/Xuat-nhap-khau/Thong-bao-4383-TB-TCHQ-nam-2014-ket-qua-phan-loai-hang-hoa-xuat-nhap-khau-gia-vi-sodium-alginate-228198.aspx
92,5887,4365/TB-TCHQ,2014,https://thuvienphapluat.vn/van-ban/Xuat-nhap-khau/Thong-bao-4365-TB-TCHQ-nam-2014-ket-qua-phan-loai-hang-hoa-xuat-nhap-khau-che-pham-dioxit-titan-228076.aspx
92,5888,4359/TB-TCHQ,2014,https://thuvienphapluat.vn/van-ban/Xuat-nhap-khau/Thong-bao-4359-TB-TCHQ-nam-2014-ket-qua-phan-loai-hang-hoa-xuat-nhap-khau-chat-tao-mau-R-1081-228070.aspx
92,5889,4397/TB-TCHQ,2014,https://thuvienphapluat.vn/van-ban/Xuat-nhap-khau/Thong-bao-4397-TB-TCHQ-nam-2014-ket-qua-phan-loai-hang-hoa-xuat-nhap-khau-thep-co-khi-che-tao-228168.aspx
92,5890,4371/TB-TCHQ,2014,https://thuvienphapluat.vn/van-ban/Xuat-nhap-khau/Thong-bao-4371-TB-TCHQ-nam-2014-phan-loai-hang-hoa-xuat-nhap-khau-Chat-xuc-tac-lam-min-da-228253.aspx
92,5891,4374/TB-TCHQ,2014,https://thuvienphapluat.vn/van-ban/Xuat-nhap-khau/Thong-bao-4374-TB-TCHQ-nam-2014-ket-qua-phan-loai-hang-hoa-xuat-nhap-khau-tam-Plastic-228256.aspx
92,5892,4379/TB-TCHQ,2014,https://thuvienphapluat.vn/van-ban/Xuat-nhap-khau/Thong-bao-4379-TB-TCHQ-2014-phan-loai-hang-hoa-xuat-nhap-khau-Arcol-Polyol-5603-Polyether-polyol-228261.aspx
92,5893,4396/TB-TCHQ,2014,https://thuvienphapluat.vn/van-ban/Xuat-nhap-khau/Thong-bao-4396-TB-TCHQ-nam-2014-phan-loai-hang-hoa-xuat-nhap-khau-Copolyme-Etylen-Vinyl-Axetat-228167.aspx
92,5894,4360/TB-TCHQ,2014,https://thuvienphapluat.vn/van-ban/Xuat-nhap-khau/Thong-bao-4360-TB-TCHQ-nam-2014-ket-qua-phan-loai-hang-hoa-xuat-nhap-khau-chat-tao-mau-R-307-228071.aspx
92,5895,4356/TB-TCHQ,2014,https://thuvienphapluat.vn/van-ban/Xuat-nhap-khau/Thong-bao-4356-TB-TCHQ-2014-ket-qua-phan-loai-hang-hoa-xuat-nhap-khau-thep-can-phang-228158.aspx
92,5896,4381/TB-TCHQ,2014,https://thuvienphapluat.vn/van-ban/Xuat-nhap-khau/Thong-bao-4381-TB-TCHQ-nam-2014-phan-loai-hang-hoa-xuat-nhap-khau-Copolyme-Etylen-Vinyl-Axetat-228159.aspx
92,5897,4376/TB-TCHQ,2014,https://thuvienphapluat.vn/van-ban/Xuat-nhap-khau/Thong-bao-4376-TB-TCHQ-2014-phan-loai-hang-hoa-xuat-nhap-khau-chong-dong-phan-bon-Hisoft-FA3268-228258.aspx
92,5898,4386/TB-TCHQ,2014,https://thuvienphapluat.vn/van-ban/Xuat-nhap-khau/Thong-bao-4386-TB-TCHQ-nam-2014-phan-loai-hang-hoa-xuat-khau-nhap-khau-chat-thuoc-da-vo-co-228200.aspx
92,5899,4357/TB-TCHQ,2014,https://thuvienphapluat.vn/van-ban/Xuat-nhap-khau/Thong-bao-4357-TB-TCHQ-2014-ket-qua-phan-loai-hang-hoa-xuat-nhap-khau-Cosmenyl-Carmine-FB-01-IN-228068.aspx
92,5900,4380/TB-TCHQ,2014,https://thuvienphapluat.vn/van-ban/Xuat-nhap-khau/Thong-bao-4380-TB-TCHQ-2014-phan-loai-hang-hoa-xuat-nhap-khau-san-pham-dinh-duong-Pediasure-Vanilla-228262.aspx
92,5901,4372/TB-TCHQ,2014,https://thuvienphapluat.vn/van-ban/Xuat-nhap-khau/Thong-bao-4372-TB-TCHQ-nam-2014-ket-qua-phan-loai-hang-hoa-xuat-nhap-khau-Tam-Plastic-228254.aspx
92,5902,4391/TB-TCHQ,2014,https://thuvienphapluat.vn/van-ban/Xuat-nhap-khau/Thong-bao-4391-TB-TCHQ-nam-2014-phan-loai-hang-hoa-xuat-nhap-khau-xi-mang-chiu-lua-CA-50-228162.aspx
92,5903,4394/TB-TCHQ,2014,https://thuvienphapluat.vn/van-ban/Xuat-nhap-khau/Thong-bao-4394-TB-TCHQ-nam-2014-phan-loai-hang-hoa-xuat-nhap-khau-Copolyme-Etylen-Vinyl-Axetat-228165.aspx
92,5904,4368/TB-TCHQ,2014,https://thuvienphapluat.vn/van-ban/Xuat-nhap-khau/Thong-bao-4368-TB-TCHQ-nam-2014-ket-qua-phan-loai-hang-hoa-xuat-nhap-khau-chat-phu-gia-moi-100-228079.aspx
92,5905,4370/TB-TCHQ,2014,https://thuvienphapluat.vn/van-ban/Xuat-nhap-khau/Thong-bao-4370-TB-TCHQ-2014-ket-qua-phan-loai-hang-hoa-xuat-nhap-khau-Hydroxyethylcellulose-228008.aspx
92,5906,4361/TB-TCHQ,2014,https://thuvienphapluat.vn/van-ban/Xuat-nhap-khau/Thong-bao-4361-TB-TCHQ-nam-2014-ket-qua-phan-loai-hang-hoa-xuat-nhap-khau-chat-tao-mau-228072.aspx
92,5907,4363/TB-TCHQ,2014,https://thuvienphapluat.vn/van-ban/Xuat-nhap-khau/Thong-bao-4363-TB-TCHQ-2014-ket-qua-phan-loai-hang-hoa-xuat-nhap-khau-thuoc-mau-dioxit-titan-80-228074.aspx
92,5908,4387/TB-TCHQ,2014,https://thuvienphapluat.vn/van-ban/Xuat-nhap-khau/Thong-bao-4387-TB-TCHQ-nam-2014-phan-loai-hang-hoa-xuat-khau-nhap-khau-thep-khong-hop-kim-1018A-228205.aspx
92,5909,4382/TB-TCHQ,2014,https://thuvienphapluat.vn/van-ban/Xuat-nhap-khau/Thong-bao-4382-TB-TCHQ-nam-2014-phan-loai-hang-hoa-xuat-nhap-khau-phu-gia-thuc-pham-genlatine-228197.aspx
93,5910,4389/TB-TCHQ,2014,https://thuvienphapluat.vn/van-ban/Xuat-nhap-khau/Thong-bao-4389-TB-TCHQ-nam-2014-ket-qua-phan-loai-hang-hoa-xuat-nhap-khau-tam-Plastic-tu-poly-228263.aspx
93,5911,4384/TB-TCHQ,2014,https://thuvienphapluat.vn/van-ban/Xuat-nhap-khau/Thong-bao-4384-TB-TCHQ-2014-phan-loai-hang-hoa-xuat-nhap-khau-Copolyme-Etylen-Vinyl-Axetat-228160.aspx
93,2814,549/TB-TCHQ,,https://thuvienphapluat.vn/van-ban/Xuat-nhap-khau/Thong-bao-549-TB-TCHQ-phan-loai-soi-Fluoropolymer-Neoflon-cables-X-filler2016-317601.aspx
93,2898,411/TB-TCHQ,,https://thuvienphapluat.vn/van-ban/Xuat-nhap-khau/Thong-bao-411-TB-TCHQ-ket-qua-phan-loai-chat-hoan-tat-dung-trong-nganh-det-306307.aspx
93,2902,384/TB-TCHQ,,https://thuvienphapluat.vn/van-ban/Xuat-nhap-khau/Thong-bao-384-TB-TCHQ-phan-loai-huong-viet-quat-hon-hop-cac-chat-thom-dung-trong-che-bien-thuc-pham-306142.aspx
93,2940,268/TB-TCHQ,,https://thuvienphapluat.vn/van-ban/Xuat-nhap-khau/Thong-bao-268-TB-TCHQ-ket-qua-phan-loai-hang-hoa-xuat-nhap-khau-Sten-Dong-016-315325.aspx
93,3010,204/TB-TCHQ,,https://thuvienphapluat.vn/van-ban/Xuat-nhap-khau/Thong-bao-204-TB-TCHQ-ket-qua-phan-loai-chat-tang-hoat-qua-trinh-luu-hoa-nhanh-da-dieu-che-xuat-nhap-khau-306105.aspx
93,3179,9568/TB-TCHQ,,https://thuvienphapluat.vn/van-ban/Thuong-mai/Thong-bao-9568-TB-TCHQ-ket-qua-phan-loai-hang-hoa-xuat-nhap-khau-chat-tro-hoan-tat-1-295352.aspx
93,3182,9569/TB-TCHQ,,https://thuvienphapluat.vn/van-ban/Thuong-mai/Thong-bao-9569-TB-TCHQ-ket-qua-phan-loai-hang-hoa-xuat-nhap-khau-chat-tro-hoan-tat-1-NC5058-295353.aspx
93,3183,9559/TB-TCHQ,,https://thuvienphapluat.vn/van-ban/Thuong-mai/Thong-bao-9559-TB-TCHQ-ket-qua-phan-loai-hang-xuat-nhap-khau-Bot-xi-mang-chiu-l-295417.aspx
93,3199,9485/TB-TCHQ,,https://thuvienphapluat.vn/van-ban/Xuat-nhap-khau/Thong-bao-9485-TB-TCHQ-ket-qua-phan-loai-chat-tao-bong-phu-be-mat-giay-xuat-nhap-khau-C2015-308972.aspx
93,3226,9243/TB-TCHQ,,https://thuvienphapluat.vn/van-ban/Thuong-mai/Thong-bao-9243-TB-TCHQ-ket-qua-phan-loai-hang-xuat-nhap-khau-phu-gia-tang-do-dam-mau-muc-in-292759.aspx
93,3227,9255/TB-TCHQ,,https://thuvienphapluat.vn/van-ban/Thuong-mai/Thong-bao-9255-TB-TCHQ-ket-qua-phan-loai-hang-hoa-xuat-nhap-khau-bot-da-da-nghien-diop-292708.aspx
93,3228,9246/TB-TCHQ,,https://thuvienphapluat.vn/van-ban/Thuong-mai/Thong-bao-9246-TB-TCHQ-ket-qua-phan-loai-hang-hoa-xuat-nhap-khau-bi-nghien-dang-cau-292707.aspx
93,3229,9244/TB-TCHQ,,https://thuvienphapluat.vn/van-ban/Thuong-mai/Thong-bao-9244-TB-TCHQ-ket-qua-phan-loai-hang-xuat-nhap-khau-phu-gia-san-xuat-bao-quan-muc-in-292760.aspx
93,3230,9260/TB-TCHQ,,https://thuvienphapluat.vn/van-ban/Thuong-mai/Thong-bao-9260-TB-TCHQ-ket-qua-phan-loai-hang-hoa-xuat-nhap-khau-da-da-nghien-292709.aspx
93,3231,9291/TB-TCHQ,,https://thuvienphapluat.vn/van-ban/Thuong-mai/Thong-bao-9291-TB-TCHQ-ket-qua-phan-loai-hang-xuat-nhap-khau-cam-gao-che-bien-thuc-an-chan-nuoi-292710.aspx
93,3232,9292/TB-TCHQ,,https://thuvienphapluat.vn/van-ban/Thuong-mai/Thong-bao-9292-TB-TCHQ-ket-qua-phan-loai-hang-hoa-xuat-nhap-khau-hat-nhua-dang-Polyethylene-292711.aspx
93,3233,9190/TB-TCHQ,,https://thuvienphapluat.vn/van-ban/Thuong-mai/Thong-bao-9190-TB-TCHQ-ket-qua-phan-loai-hang-hoa-xuat-nhap-khau-chat-phu-tro-cong-nghiep-det-292735.aspx
93,3249,9193/TB-TCHQ,,https://thuvienphapluat.vn/van-ban/Thuong-mai/Thong-bao-9193-TB-TCHQ-ket-qua-phan-loai-hang-hoa-xuat-nhap-khau-chat-phu-tro-cong-nghiep-det-292737.aspx
93,3250,9171/TB-TCHQ,,https://thuvienphapluat.vn/van-ban/Thuong-mai/Thong-bao-9171-TB-TCHQ-ket-qua-phan-loai-hang-xuat-nhap-khau-thuoc-diet-nam-dan-xuat-Formaldehyde-292756.aspx
93,3251,9194/TB-TCHQ,,https://thuvienphapluat.vn/van-ban/Thuong-mai/Thong-bao-9194-TB-TCHQ-ket-qua-phan-loai-hang-hoa-xuat-nhap-khau-chat-phu-tro-cong-nghiep-det-292738.aspx
93,3252,9173/TB-TCHQ,,https://thuvienphapluat.vn/van-ban/Thuong-mai/Thong-bao-9173-TB-TCHQ-ket-qua-phan-loai-hang-hoa-xuat-nhap-khau-Zin-cum-hoat-tinh-292758.aspx
93,3253,9192/TB-TCHQ,,https://thuvienphapluat.vn/van-ban/Thuong-mai/Thong-bao-9192-TB-TCHQ-ket-qua-phan-loai-hang-hoa-xuat-nhap-khau-chat-phu-tro-cong-nghiep-det-Snotex-SF-880-CONC-292736.aspx
93,3254,9188/TB-TCHQ,,https://thuvienphapluat.vn/van-ban/Thuong-mai/Thong-bao-9188-TB-TCHQ-ket-qua-phan-loai-hang-hoa-xuat-nhap-khau-chat-phu-tro-cong-nghiep-det-292734.aspx
94,3255,9172/TB-TCHQ,,https://thuvienphapluat.vn/van-ban/Thuong-mai/Thong-bao-9172-TB-TCHQ-ket-qua-phan-loai-hang-hoa-xuat-nhap-khau-Zin-cum-hoat-tinh-A-292757.aspx
94,3272,9105/TB-TCHQ,,https://thuvienphapluat.vn/van-ban/Thuong-mai/Thong-bao-9105-TB-TCHQ-ket-qua-phan-loai-hang-hoa-xuat-nhap-khau-thep-can-nong-khong-hop-kim-292755.aspx
94,3273,9085/TB-TCHQ,,https://thuvienphapluat.vn/van-ban/Thuong-mai/Thong-bao-9085-TB-TCHQ-ket-qua-phan-loai-hang-hoa-xuat-nhap-khau-che-pham-dau-boi-tron-cho-soi-292754.aspx
94,3294,8950/TB-TCHQ,,https://thuvienphapluat.vn/van-ban/Xuat-nhap-khau/Thong-bao-8950-TB-TCHQ-phan-loai-chat-hoat-dong-be-mat-dang-khong-ion-292216.aspx
94,3334,8690/TB-TCHQ,,https://thuvienphapluat.vn/van-ban/Thuong-mai/Thong-bao-8690-TB-TCHQ-phan-loai-than-da-Australia-292153.aspx
94,3341,8395/TB-TCHQ,,https://thuvienphapluat.vn/van-ban/Thuong-mai/Thong-bao-8395-TB-TCHQ-phan-loai-may-lam-mat-khong-khi-bang-bay-hoi-291917.aspx
94,3343,8420/TB-TCHQ,,https://thuvienphapluat.vn/van-ban/Thuong-mai/Thong-bao-8420-TB-TCHQ-phan-loai-thep-van-dang-cuon-hop-kim-can-nong-dung-cho-cot-be-tong-291925.aspx
94,3344,8401/TB-TCHQ,,https://thuvienphapluat.vn/van-ban/Thuong-mai/Thong-bao-8401-TB-TCHQ-phan-loai-may-lam-mat-khong-khi-bang-hoi-nuoc-291923.aspx
94,3347,8393/TB-TCHQ,,https://thuvienphapluat.vn/van-ban/Xuat-nhap-khau/Thong-bao-8393-TB-TCHQ-phan-loai-chat-tao-mau-tong-hop-thuc-pham-dang-bot-291905.aspx
94,3348,8394/TB-TCHQ,,https://thuvienphapluat.vn/van-ban/Xuat-nhap-khau/Thong-bao-8394-TB-TCHQ-phan-loai-may-lam-mat-khong-khi-bang-bay-hoi-291907.aspx
94,3349,8396/TB-TCHQ,,https://thuvienphapluat.vn/van-ban/Thuong-mai/Thong-bao-8396-TB-TCHQ-phan-loai-may-bom-hoa-chat-tu-moi-dang-ly-tam-model-KB40022-NBLCCS-Kuobao-291918.aspx
94,3351,8400/TB-TCHQ,,https://thuvienphapluat.vn/van-ban/Thuong-mai/Thong-bao-8400-TB-TCHQ-phan-loai-may-lam-mat-khong-khi-bang-hoi-nuoc-291922.aspx
94,3353,8379/TB-TCHQ,,https://thuvienphapluat.vn/van-ban/Xuat-nhap-khau/Thong-bao-8379-TB-TCHQ-phan-loai-chat-chong-oxy-hoa-cao-su-291901.aspx
94,3354,8386/TB-TCHQ,,https://thuvienphapluat.vn/van-ban/Xuat-nhap-khau/Thong-bao-8386-TB-TCHQ-phan-loai-khung-kep-phoi-do-291902.aspx
94,3355,8378/TB-TCHQ,,https://thuvienphapluat.vn/van-ban/Xuat-nhap-khau/Thong-bao-8378-TB-TCHQ-phan-loai-chat-on-dinh-cao-su-291900.aspx
94,3356,8387/TB-TCHQ,,https://thuvienphapluat.vn/van-ban/Xuat-nhap-khau/Thong-bao-8387-TB-TCHQ-phan-loai-khung-kep-phoi-do-291903.aspx
94,3357,8388/TB-TCHQ,,https://thuvienphapluat.vn/van-ban/Xuat-nhap-khau/Thong-bao-8388-TB-TCHQ-phan-loai-thuoc-mau-phan-tan-moi-truong-chua-nuoc-san-xuat-son-291904.aspx
94,3360,8381/TB-TCHQ,,https://thuvienphapluat.vn/van-ban/Thuong-mai/Thong-bao-8381-TB-TCHQ-phan-loai-cao-su-tong-hop-Brominated-Isobutylene-Isoprene-Copolymer-G2316-291884.aspx
94,3366,8373/TB-TCHQ,,https://thuvienphapluat.vn/van-ban/Xuat-nhap-khau/Thong-bao-8373-TB-TCHQ-ket-qua-phan-loai-hang-hoa-xuat-nhap-khau-Polyurethane-dang-nguyen-sinh-292486.aspx
94,3391,8243/TB-TCHQ,,https://thuvienphapluat.vn/van-ban/Xuat-nhap-khau/Thong-bao-8243-TB-TCHQ-ket-qua-xac-dinh-truoc-ma-so-hang-hoa-cong-tac-den-phanh-292415.aspx
94,3412,8257/TB-TCHQ,,https://thuvienphapluat.vn/van-ban/Xuat-nhap-khau/Thong-bao-8257-TB-TCHQ-phan-loai-dung-dich-chi-thi-Ferroin-292940.aspx
94,3413,8187/TB-TCHQ,,https://thuvienphapluat.vn/van-ban/Thuong-mai/Thong-bao-8187-TB-TCHQ-phan-loai-mau-nuoc-huu-co-TS-3011-Soft-white-past-290173.aspx
94,3414,8192/TB-TCHQ,,https://thuvienphapluat.vn/van-ban/Thuong-mai/Thong-bao-8192-TB-TCHQ-ket-qua-phan-loai-hang-hoa-xuat-nhap-khau-Mau-nuoc-huu-co-290187.aspx
94,3415,8200/TB-TCHQ,,https://thuvienphapluat.vn/van-ban/Thuong-mai/Thong-bao-8200-TB-TCHQ-phan-loai-chat-lam-mem-vai-Condensed-Silicone-Oil-290204.aspx
94,3417,8235/TB-TCHQ,,https://thuvienphapluat.vn/van-ban/Thuong-mai/Thong-bao-8235-TB-TCHQ-ket-qua-phan-loai-hang-hoa-xuat-nhap-khau-chat-lam-mem-vai-292656.aspx
95,3418,8227/TB-TCHQ,,https://thuvienphapluat.vn/van-ban/Thuong-mai/Thong-bao-8227-TB-TCHQ-ket-qua-phan-loai-hang-hoa-xuat-nhap-khau-giay-Duplex-lung-xam-292687.aspx
95,3419,8228/TB-TCHQ,,https://thuvienphapluat.vn/van-ban/Thuong-mai/Thong-bao-8228-TB-TCHQ-ket-qua-phan-loai-hang-hoa-xuat-nhap-khau-giay-Duplex-Board-292688.aspx
95,3420,8188/TB-TCHQ,,https://thuvienphapluat.vn/van-ban/Thuong-mai/Thong-bao-8188-TB-TCHQ-phan-loai-mau-nuoc-huu-co-TS-7380-Yellow-290174.aspx
95,3421,8185/TB-TCHQ,,https://thuvienphapluat.vn/van-ban/Thuong-mai/Thong-bao-8185-TB-TCHQ-phan-loai-thuoc-mau-huu-co-tong-hop-dang-bot-mau-vang-san-xuat-muc-in-290171.aspx
95,3422,8186/TB-TCHQ,,https://thuvienphapluat.vn/van-ban/Thuong-mai/Thong-bao-8186-TB-TCHQ-phan-loai-chat-khu-bot-NSDF-Defoamer-290172.aspx
95,3423,8233/TB-TCHQ,,https://thuvienphapluat.vn/van-ban/Thuong-mai/Thong-bao-8233-TB-TCHQ-ket-qua-phan-loai-hang-hoa-xuat-nhap-khau-che-pham-hoa-hoc-chua-Butanol-292693.aspx
95,3424,8229/TB-TCHQ,,https://thuvienphapluat.vn/van-ban/Thuong-mai/Thong-bao-8229-TB-TCHQ-ket-qua-phan-loai-hang-hoa-xuat-nhap-khau-chat-phu-gia-thuc-pham-292689.aspx
95,3425,8190/TB-TCHQ,,https://thuvienphapluat.vn/van-ban/Thuong-mai/Thong-bao-8190-TB-TCHQ-phan-loai-mau-nuoc-huu-co-TS-7386-Magenta-290177.aspx
95,3426,8201/TB-TCHQ,,https://thuvienphapluat.vn/van-ban/Thuong-mai/Thong-bao-8201-TB-TCHQ-phan-loai-dung-dich-xu-ly-nuoc-cho-noi-hoi-Boiler-Mate-IM-101-290205.aspx
95,3427,8198/TB-TCHQ,,https://thuvienphapluat.vn/van-ban/Thuong-mai/Thong-bao-8198-TB-TCHQ-phan-loai-men-mau-in-chai-thuy-tinh-black-thermoplastic-290193.aspx
95,3428,8199/TB-TCHQ,,https://thuvienphapluat.vn/van-ban/Thuong-mai/Thong-bao-8199-TB-TCHQ-phan-loai-dung-dich-khu-ma-hoa-dong-290195.aspx
95,3429,8195/TB-TCHQ,,https://thuvienphapluat.vn/van-ban/Thuong-mai/Thong-bao-8195-TB-TCHQ-phan-loai-nhua-PP-long-bom-vao-trong-lop-de-lam-mat-lop-xe-290190.aspx
95,3430,8193/TB-TCHQ,,https://thuvienphapluat.vn/van-ban/Thuong-mai/Thong-bao-8193-TB-TCHQ-ket-qua-phan-loai-hang-hoa-xuat-nhap-khau-Nguyen-lieu-san-xuat-thuoc-290188.aspx
95,3431,8230/TB-TCHQ,,https://thuvienphapluat.vn/van-ban/Thuong-mai/Thong-bao-8230-TB-TCHQ-ket-qua-phan-loai-hang-hoa-xuat-nhap-khau-chat-phu-gia-thuc-pham-292690.aspx
95,3432,8231/TB-TCHQ,,https://thuvienphapluat.vn/van-ban/Thuong-mai/Thong-bao-8231-TB-TCHQ-ket-qua-phan-loai-hang-hoa-xuat-nhap-khau-chat-tro-nhuom-292691.aspx
95,3433,8196/TB-TCHQ,,https://thuvienphapluat.vn/van-ban/Thuong-mai/Thong-bao-8196-TB-TCHQ-phan-loai-men-mau-in-chai-thuy-tinh-white-thermoplastic-290191.aspx
95,3434,8197/TB-TCHQ,,https://thuvienphapluat.vn/van-ban/Thuong-mai/Thong-bao-8197-TB-TCHQ-phan-loai-son-PU-Polyurethane-resin-HX-1055F-dung-de-san-xuat-da-290192.aspx
95,3435,8191/TB-TCHQ,,https://thuvienphapluat.vn/van-ban/Thuong-mai/Thong-bao-8191-TB-TCHQ-phan-loai-mau-nuoc-huu-co-TS-7202-Yellow-FG-CONC-290178.aspx
95,3436,8234/TB-TCHQ,,https://thuvienphapluat.vn/van-ban/Thuong-mai/Thong-bao-8234-TB-TCHQ-ket-qua-phan-loai-hang-hoa-xuat-nhap-khau-chat-thom-dung-pha-nuoc-rua-kinh-292657.aspx
95,3437,8184/TB-TCHQ,,https://thuvienphapluat.vn/van-ban/Thuong-mai/Thong-bao-8184-TB-TCHQ-phan-loai-chat-tang-bam-be-mat-printing-oil-290164.aspx
95,3438,8189/TB-TCHQ,,https://thuvienphapluat.vn/van-ban/Thuong-mai/Thong-bao-8189-TB-TCHQ-phan-loai-mau-nuoc-huu-co-TS-7382-Orange-290175.aspx
95,3439,8194/TB-TCHQ,,https://thuvienphapluat.vn/van-ban/Thuong-mai/Thong-bao-8194-TB-TCHQ-ket-qua-phan-loai-hang-hoa-xuat-nhap-khau-Nguyen-lieu-san-xuat-thuoc-290189.aspx
95,3440,8158/TB-TCHQ,,https://thuvienphapluat.vn/van-ban/Thuong-mai/Thong-bao-8158-TB-TCHQ-phan-loai-chat-dung-de-khu-mau-nuoc-SM-CATALYST-290156.aspx
95,3441,8159/TB-TCHQ,,https://thuvienphapluat.vn/van-ban/Thuong-mai/Thong-bao-8159-TB-TCHQ-phan-loai-chat-dung-de-nuoi-cay-vi-sinh-trong-nuoc-AP-502-290157.aspx
95,3442,8160/TB-TCHQ,,https://thuvienphapluat.vn/van-ban/Thuong-mai/Thong-bao-8160-TB-TCHQ-phan-loai-chat-dung-de-nuoi-cay-vi-sinh-trong-nuoc-BM-S-POWDER-290158.aspx
96,3443,8155/TB-TCHQ,,https://thuvienphapluat.vn/van-ban/Thuong-mai/Thong-bao-8155-TB-TCHQ-phan-loai-giay-bia-trang-phu-mot-mat-dang-cuon-290145.aspx
96,3444,8164/TB-TCHQ,,https://thuvienphapluat.vn/van-ban/Thuong-mai/Thong-bao-8164-TB-TCHQ-phan-loai-chat-chong-ran-nut-B10-290162.aspx
96,3445,8161/TB-TCHQ,,https://thuvienphapluat.vn/van-ban/Thuong-mai/Thong-bao-8161-TB-TCHQ-phan-loai-chat-dung-de-nuoi-cay-vi-sinh-trong-nuoc-BIOMOST-290159.aspx
96,3446,8162/TB-TCHQ,,https://thuvienphapluat.vn/van-ban/Thuong-mai/Thong-bao-8162-TB-TCHQ-phan-loai-chat-dung-de-nuoi-cay-vi-sinh-trong-nuoc-AOC-100A-290160.aspx
96,3447,8157/TB-TCHQ,,https://thuvienphapluat.vn/van-ban/Thuong-mai/Thong-bao-8157-TB-TCHQ-phan-loai-chat-dung-de-khu-mau-nuoc-PM-CATALYST-290147.aspx
96,3448,8163/TB-TCHQ,,https://thuvienphapluat.vn/van-ban/Thuong-mai/Thong-bao-8163-TB-TCHQ-phan-loai-chat-beo-thuc-vat-AKOPOL-NH48-nguyen-lieu-san-xuat-banh-keo-290161.aspx
96,3449,8156/TB-TCHQ,,https://thuvienphapluat.vn/van-ban/Thuong-mai/Thong-bao-8156-TB-TCHQ-phan-loai-giay-bia-trang-phu-mot-mat-dang-cuon-290146.aspx
96,3450,8099/TB-TCHQ,,https://thuvienphapluat.vn/van-ban/Thuong-mai/Thong-bao-8099-TB-TCHQ-ket-qua-phan-loai-hang-hoa-xuat-nhap-khau-Dung-moi-pha-loang-muc-in-290338.aspx
96,3451,8102/TB-TCHQ,,https://thuvienphapluat.vn/van-ban/Thuong-mai/Thong-bao-8102-TB-TCHQ-phan-loai-che-pham-trong-cong-nghiep-ma-290343.aspx
96,3452,8134/TB-TCHQ,,https://thuvienphapluat.vn/van-ban/Thuong-mai/Thong-bao-8134-TB-TCHQ-phan-loai-chat-cam-mau-fixing-agent-tu-san-pham-ngung-tu-290355.aspx
96,3453,8135/TB-TCHQ,,https://thuvienphapluat.vn/van-ban/Thuong-mai/Thong-bao-8135-TB-TCHQ-phan-loai-vo-con-lan-cua-may-nghien-than-dung-ZGM95G-I-290356.aspx
96,3454,8104/TB-TCHQ,,https://thuvienphapluat.vn/van-ban/Thuong-mai/Thong-bao-8104-TB-TCHQ-phan-loai-chat-de-hoan-tat-loai-dung-trong-cong-nghiep-det-290347.aspx
96,3455,8131/TB-TCHQ,,https://thuvienphapluat.vn/van-ban/Thuong-mai/Thong-bao-8131-TB-TCHQ-phan-loai-day-han-ho-quang-dien-290352.aspx
96,3456,8103/TB-TCHQ,,https://thuvienphapluat.vn/van-ban/Thuong-mai/Thong-bao-8103-TB-TCHQ-phan-loai-chat-de-hoan-tat-loai-dung-trong-cong-nghiep-det-290344.aspx
96,3457,8097/TB-TCHQ,,https://thuvienphapluat.vn/van-ban/Thuong-mai/Thong-bao-8097-TB-TCHQ-ket-qua-phan-loai-hang-hoa-xuat-nhap-khau-Vai-nhung-mau-den-va-nau-290336.aspx
96,3458,8107/TB-TCHQ,,https://thuvienphapluat.vn/van-ban/Thuong-mai/Thong-bao-8107-TB-TCHQ-phan-loai-bot-mau-TC-5-290350.aspx
96,3459,8132/TB-TCHQ,,https://thuvienphapluat.vn/van-ban/Thuong-mai/Thong-bao-8132-TB-TCHQ-phan-loai-thep-khong-hop-kim-EN10025-2-S355J0-290353.aspx
96,3460,8096/TB-TCHQ,,https://thuvienphapluat.vn/van-ban/Thuong-mai/Thong-bao-8096-TB-TCHQ-ket-qua-phan-loai-hang-hoa-xuat-nhap-khau-Giay-bia-den-290335.aspx
96,3461,8100/TB-TCHQ,,https://thuvienphapluat.vn/van-ban/Thuong-mai/Thong-bao-8100-TB-TCHQ-ket-qua-phan-loai-hang-hoa-xuat-nhap-khau-Calcium-carbonate-phu-huu-co-290340.aspx
96,3462,8130/TB-TCHQ,,https://thuvienphapluat.vn/van-ban/Thuong-mai/Thong-bao-8130-TB-TCHQ-phan-loai-tam-lot-ban-nghien-cua-may-nghien-than-dung-ZGM95G-I-290351.aspx
96,3463,8106/TB-TCHQ,,https://thuvienphapluat.vn/van-ban/Thuong-mai/Thong-bao-8106-TB-TCHQ-phan-loai-thuoc-diet-moi-Cislin-290349.aspx
96,3464,8133/TB-TCHQ,,https://thuvienphapluat.vn/van-ban/Thuong-mai/Thong-bao-8133-TB-TCHQ-phan-loai-chat-de-hoan-tat-Fixer-14-290354.aspx
96,3465,8095/TB-TCHQ,,https://thuvienphapluat.vn/van-ban/Thuong-mai/Thong-bao-8095-TB-TCHQ-ket-qua-phan-loai-hang-hoa-xuat-nhap-khau-la-Giay-bia-xam-290334.aspx
96,3466,8098/TB-TCHQ,,https://thuvienphapluat.vn/van-ban/Thuong-mai/Thong-bao-8098-TB-TCHQ-ket-qua-phan-loai-hang-hoa-xuat-nhap-khau-Thep-cuon-hop-kim-can-nong-290337.aspx
96,3467,8101/TB-TCHQ,,https://thuvienphapluat.vn/van-ban/Thuong-mai/Thong-bao-8101-TB-TCHQ-phan-loai-che-pham-cong-nghiep-ma-290341.aspx
97,3468,8105/TB-TCHQ,,https://thuvienphapluat.vn/van-ban/Thuong-mai/Thong-bao-8105-TB-TCHQ-phan-loai-thuoc-diet-moi-Agenda-290348.aspx
97,3469,8089/TB-TCHQ,,https://thuvienphapluat.vn/van-ban/Thuong-mai/Thong-bao-8089-TB-TCHQ-ket-qua-phan-loai-hang-hoa-xuat-nhap-khau-Che-pham-tu-chat-mau-huu-co-290329.aspx
97,3470,8094/TB-TCHQ,,https://thuvienphapluat.vn/van-ban/Xuat-nhap-khau/Thong-bao-8094-TB-TCHQ-xac-dinh-truoc-ma-so-Pellets-for-Twisting-craker-phoi-banh-snack-Yokozuna-292414.aspx
97,3471,8092/TB-TCHQ,,https://thuvienphapluat.vn/van-ban/Thuong-mai/Thong-bao-8092-TB-TCHQ-ket-qua-phan-loai-hang-hoa-xuat-nhap-khau-Phoi-nap-truc-cam-bang-nhom-290332.aspx
97,3472,8093/TB-TCHQ,,https://thuvienphapluat.vn/van-ban/Thuong-mai/Thong-bao-8093-TB-TCHQ-ket-qua-xac-dinh-truoc-ma-so-hang-hoa-Dung-dich-Gamma-nano-khu-mui-o-to-290333.aspx
97,3474,8088/TB-TCHQ,,https://thuvienphapluat.vn/van-ban/Thuong-mai/Thong-bao-8088-TB-TCHQ-ket-qua-phan-loai-hang-hoa-xuat-nhap-khau-Che-pham-tu-chat-mau-huu-co-290328.aspx
97,3475,8091/TB-TCHQ,,https://thuvienphapluat.vn/van-ban/Thuong-mai/Thong-bao-8091-TB-TCHQ-ket-qua-phan-loai-hang-hoa-xuat-nhap-khau-Soi-filament-tong-hop-290331.aspx
97,3476,8087/TB-TCHQ,,https://thuvienphapluat.vn/van-ban/Thuong-mai/Thong-bao-8087-TB-TCHQ-ket-qua-phan-loai-hang-hoa-xuat-nhap-khau-Che-pham-tu-chat-mau-huu-co-290326.aspx
97,3477,8023/TB-TCHQ,,https://thuvienphapluat.vn/van-ban/Thuong-mai/Thong-bao-8023-TB-TCHQ-phan-loai-chat-lam-mem-cao-su-Tudalen-65-289461.aspx
97,3479,8027/TB-TCHQ,,https://thuvienphapluat.vn/van-ban/Thuong-mai/Thong-bao-8027-TB-TCHQ-ket-qua-phan-loai-hang-hoa-xuat-nhap-khau-hon-hop-muoi-canxi-293376.aspx
97,3480,8028/TB-TCHQ,,https://thuvienphapluat.vn/van-ban/Xuat-nhap-khau/Thong-bao-8028-TB-TCHQ-ket-qua-xac-dinh-truoc-ma-so-Sodium-naphthalene-sulfonate-trong-xay-dung-292413.aspx
97,3481,8026/TB-TCHQ,,https://thuvienphapluat.vn/van-ban/Thuong-mai/Thong-bao-8026-TB-TCHQ-ket-qua-phan-loai-hang-hoa-xuat-nhap-khau-can-dong-cua-chop-tu-dong-293375.aspx
97,3483,7982/TB-TCHQ,,https://thuvienphapluat.vn/van-ban/Thuong-mai/Thong-bao-7982-TB-TCHQ-phan-loai-chat-tro-nhuom-290587.aspx
97,3484,7968/TB-TCHQ,,https://thuvienphapluat.vn/van-ban/Thuong-mai/Thong-bao-7968-TB-TCHQ-phan-loai-Amoni-Peroxodisulfate-290579.aspx
97,3485,7958/TB-TCHQ,,https://thuvienphapluat.vn/van-ban/Thuong-mai/Thong-bao-7958-TB-TCHQ-phan-loai-tam-chan-kep-ong-bang-kim-loai-290600.aspx
97,3486,7956/TB-TCHQ,,https://thuvienphapluat.vn/van-ban/Thuong-mai/Thong-bao-7956-TB-TCHQ-phan-loai-chat-hoat-dong-be-mat-290597.aspx
97,3487,7962/TB-TCHQ,,https://thuvienphapluat.vn/van-ban/Thuong-mai/Thong-bao-7962-TB-TCHQ-phan-loai-tam-luoi-bang-plastic-de-che-cho-cay-trong-mau-den-290604.aspx
97,3488,7965/TB-TCHQ,,https://thuvienphapluat.vn/van-ban/Thuong-mai/Thong-bao-7965-TB-TCHQ-phan-loai-chat-xuc-tien-luu-hoa-cao-su-290607.aspx
97,3489,7991/TB-TCHQ,,https://thuvienphapluat.vn/van-ban/Thuong-mai/Thong-bao-7991-TB-TCHQ-phan-loai-che-pham-trung-gian-nguyen-lieu-san-xuat-thuoc-bao-ve-thuc-vat-290557.aspx
97,3490,7953/TB-TCHQ,,https://thuvienphapluat.vn/van-ban/Thuong-mai/Thong-bao-7953-TB-TCHQ-phan-loai-chat-hoat-dong-be-mat-Nikkol-SS-10-290527.aspx
97,3491,7980/TB-TCHQ,,https://thuvienphapluat.vn/van-ban/Thuong-mai/Thong-bao-7980-TB-TCHQ-phan-loai-dau-boi-tron-dung-cho-bo-loc-gio-xe-mo-to-290585.aspx
97,3492,7950/TB-TCHQ,,https://thuvienphapluat.vn/van-ban/Thuong-mai/Thong-bao-7950-TB-TCHQ-phan-loai-chat-hoat-dong-be-mat-Silkool-P70-NPL-SX-thuoc-290518.aspx
97,3493,7987/TB-TCHQ,,https://thuvienphapluat.vn/van-ban/Thuong-mai/Thong-bao-7987-TB-TCHQ-phan-loai-dau-boi-tron-dung-cho-sen-xe-mo-to-290565.aspx
97,3494,7947/TB-TCHQ,,https://thuvienphapluat.vn/van-ban/Thuong-mai/Thong-bao-7947-TB-TCHQ-phan-loai-chat-hoat-dong-be-mat-Wax-230-290515.aspx
97,3495,7960/TB-TCHQ,,https://thuvienphapluat.vn/van-ban/Thuong-mai/Thong-bao-7960-TB-TCHQ-phan-loai-dthep-Silic-ky-thuat-dien-da-can-phang-khong-dinh-huong-290602.aspx
98,3496,7945/TB-TCHQ,,https://thuvienphapluat.vn/van-ban/Thuong-mai/Thong-bao-7945-TB-TCHQ-ket-qua-phan-loai-hang-hoa-xuat-nhap-khau-May-ngat-mach-dien-cao-the-290513.aspx
98,3497,7964/TB-TCHQ,,https://thuvienphapluat.vn/van-ban/Thuong-mai/Thong-bao-7964-TB-TCHQ-phan-loai-chat-xuc-tien-luu-hoa-cao-su-29-RV11B-290606.aspx
98,3498,7969/TB-TCHQ,,https://thuvienphapluat.vn/van-ban/Thuong-mai/Thong-bao-7969-TB-TCHQ-phan-loai-may-xu-ly-du-lieu-tu-dong-290580.aspx
98,3499,7976/TB-TCHQ,,https://thuvienphapluat.vn/van-ban/Thuong-mai/Thong-bao-7976-TB-TCHQ-phan-loai-dau-boi-tron-dung-cho-xe-mo-to-290581.aspx
98,3500,7961/TB-TCHQ,,https://thuvienphapluat.vn/van-ban/Thuong-mai/Thong-bao-7961-TB-TCHQ-phan-loai-soi-polyester-dang-cuon-FDY-Dyeing-tube-290603.aspx
98,3501,7986/TB-TCHQ,,https://thuvienphapluat.vn/van-ban/Thuong-mai/Thong-bao-7986-TB-TCHQ-phan-loai-chat-tro-hoan-tat-2-290577.aspx
98,3502,7990/TB-TCHQ,,https://thuvienphapluat.vn/van-ban/Thuong-mai/Thong-bao-7990-TB-TCHQ-phan-loai-chat-tro-hoan-tat-5-290556.aspx
98,3503,7955/TB-TCHQ,,https://thuvienphapluat.vn/van-ban/Thuong-mai/Thong-bao-7955-TB-TCHQ-phan-loai-chat-hoat-dong-be-mat-Nikkol-MGS-TG-290532.aspx
98,3504,7959/TB-TCHQ,,https://thuvienphapluat.vn/van-ban/Thuong-mai/Thong-bao-7959-TB-TCHQ-phan-loai-tam-cach-nhiet-Fe-plates-resource-290601.aspx
98,3505,7981/TB-TCHQ,,https://thuvienphapluat.vn/van-ban/Thuong-mai/Thong-bao-7981-TB-TCHQ-phan-loai-nuoc-lam-mat-290586.aspx
98,3506,7978/TB-TCHQ,,https://thuvienphapluat.vn/van-ban/Thuong-mai/Thong-bao-7978-TB-TCHQ-phan-loai-dau-boi-tron-dung-cho-xe-mo-to-290583.aspx
98,3507,7951/TB-TCHQ,,https://thuvienphapluat.vn/van-ban/Thuong-mai/Thong-bao-7951-TB-TCHQ-phan-loai-chat-hoat-dong-be-mat-Salacos-99-NPL-SX-my-pham-290519.aspx
98,3508,7985/TB-TCHQ,,https://thuvienphapluat.vn/van-ban/Thuong-mai/Thong-bao-7985-TB-TCHQ-phan-loai-doi-dau-thang-dung-cho-xe-mo-to-290576.aspx
98,3509,7963/TB-TCHQ,,https://thuvienphapluat.vn/van-ban/Thuong-mai/Thong-bao-7963-TB-TCHQ-phan-loai-tam-luoi-bang-plastic-de-che-cho-cay-trong-mau-trang-290605.aspx
98,3510,7957/TB-TCHQ,,https://thuvienphapluat.vn/van-ban/Thuong-mai/Thong-bao-7957-TB-TCHQ-phan-loai-chat-hoat-dong-be-mat-290598.aspx
98,3511,8014/TB-TCHQ,,https://thuvienphapluat.vn/van-ban/Thuong-mai/Thong-bao-8014-TB-TCHQ-phan-loai-bang-ve-sinh-khang-khuan-loai-day-dung-1-lan-290589.aspx
98,3512,7954/TB-TCHQ,,https://thuvienphapluat.vn/van-ban/Thuong-mai/Thong-bao-7954-TB-TCHQ-phan-loai-chat-hoat-dong-be-mat-Nikkol-MGS-ASEV-290529.aspx
98,3513,7946/TB-TCHQ,,https://thuvienphapluat.vn/van-ban/Thuong-mai/Thong-bao-7946-TB-TCHQ-phan-loai-may-bien-tan-290514.aspx
98,3514,7988/TB-TCHQ,,https://thuvienphapluat.vn/van-ban/Thuong-mai/Thong-bao-7988-TB-TCHQ-phan-loai-che-pham-trung-gian-san-xuat-thuoc-bao-ve-thuc-vat-290566.aspx
98,3515,7979/TB-TCHQ,,https://thuvienphapluat.vn/van-ban/Thuong-mai/Thong-bao-7979-TB-TCHQ-phan-loai-chat-khu-magie-phu-gia-khu-trong-luyen-nhom-290584.aspx
98,3516,7966/TB-TCHQ,,https://thuvienphapluat.vn/van-ban/Thuong-mai/Thong-bao-7966-TB-TCHQ-phan-loai-chat-xuc-tien-luu-hoa-cao-su-29-RX03-290608.aspx
98,3517,7983/TB-TCHQ,,https://thuvienphapluat.vn/van-ban/Thuong-mai/Thong-bao-7983-TB-TCHQ-phan-loai-dau-boi-tron-dung-cho-xe-mo-to-290588.aspx
98,3518,7989/TB-TCHQ,,https://thuvienphapluat.vn/van-ban/Thuong-mai/Thong-bao-7989-TB-TCHQ-phan-loai-chat-tro-hoan-tat-3-290567.aspx
98,3519,7967/TB-TCHQ,,https://thuvienphapluat.vn/van-ban/Thuong-mai/Thong-bao-7967-TB-TCHQ-phan-loai-chat-xuc-tac-dung-de-ma-dien-DP-46-290578.aspx
98,3520,7984/TB-TCHQ,,https://thuvienphapluat.vn/van-ban/Thuong-mai/Thong-bao-7984-TB-TCHQ-phan-loai-nuoc-lam-mat-290575.aspx
99,3521,7977/TB-TCHQ,,https://thuvienphapluat.vn/van-ban/Thuong-mai/Thong-bao-7977-TB-TCHQ-phan-loai-dau-boi-tron-dung-cho-xe-mo-to-290582.aspx
99,3522,7949/TB-TCHQ,,https://thuvienphapluat.vn/van-ban/Thuong-mai/Thong-bao-7949-TB-TCHQ-phan-loai-chat-hoat-dong-be-mat-Sodium-tetraborate-decahydrate-290517.aspx
99,3523,7948/TB-TCHQ,,https://thuvienphapluat.vn/van-ban/Thuong-mai/Thong-bao-7948-TB-TCHQ-phan-loai-chat-hoat-dong-be-mat-Transcutol-CG-290516.aspx
99,3524,7952/TB-TCHQ,,https://thuvienphapluat.vn/van-ban/Thuong-mai/Thong-bao-7952-TB-TCHQ-phan-loai-chat-hoat-dong-be-mat-290526.aspx
99,3525,7902/TB-TCHQ,,https://thuvienphapluat.vn/van-ban/Thuong-mai/Thong-bao-7902-TB-TCHQ-ket-qua-phan-loai-hang-xuat-nhap-khau-chat-hoat-dong-be-mat-PDM-10LS-292341.aspx
99,3526,7886/TB-TCHQ,,https://thuvienphapluat.vn/van-ban/Thuong-mai/Thong-bao-7886-TB-TCHQ-ket-qua-phan-loai-hang-hoa-xuat-nhap-khau-tam-nhua-composite-UPM-203-292346.aspx
99,3527,7891/TB-TCHQ,,https://thuvienphapluat.vn/van-ban/Thuong-mai/Thong-bao-7891-TB-TCHQ-ket-qua-phan-loai-hang-hoa-xuat-nhap-khau-tam-nhua-composite-UPM-203-292350.aspx
99,3528,7892/TB-TCHQ,,https://thuvienphapluat.vn/van-ban/Xuat-nhap-khau/Thong-bao-7892-TB-TCHQ-ket-qua-phan-loai-hang-hoa-xuat-nhap-khau-dung-dich-copolymer-acrylate-292351.aspx
99,3529,7912/TB-TCHQ,,https://thuvienphapluat.vn/van-ban/Xuat-nhap-khau/Thong-bao-7912-TB-TCHQ-ket-qua-phan-loai-hang-hoa-xuat-nhap-khau-hoa-chat-xu-ly-dau-292403.aspx
99,3530,7910/TB-TCHQ,,https://thuvienphapluat.vn/van-ban/Xuat-nhap-khau/Thong-bao-7910-TB-TCHQ-ket-qua-phan-loai-hang-xuat-nhap-khau-sap-boi-tron-soi-nguyen-lieu-nganh-det-292401.aspx
99,3531,7885/TB-TCHQ,,https://thuvienphapluat.vn/van-ban/Thuong-mai/Thong-bao-7885-TB-TCHQ-ket-qua-phan-loai-hang-xuat-nhap-khau-hat-nhua-polybutylene-terephthalate-292345.aspx
99,3532,7908/TB-TCHQ,,https://thuvienphapluat.vn/van-ban/Xuat-nhap-khau/Thong-bao-7908-TB-TCHQ-ket-qua-phan-loai-hang-hoa-xuat-nhap-khau-chat-xuc-tac-cao-su-292399.aspx
99,3534,7905/TB-TCHQ,,https://thuvienphapluat.vn/van-ban/Thuong-mai/Thong-bao-7905-TB-TCHQ-ket-qua-phan-loai-hang-hoa-xuat-nhap-khau-chat-xuc-tac-dung-dich-keo-BS-292355.aspx
99,3536,7898/TB-TCHQ,,https://thuvienphapluat.vn/van-ban/Xuat-nhap-khau/Thong-bao-7898-TB-TCHQ-ket-qua-phan-loai-hang-hoa-xuat-nhap-khau-thuoc-mau-pha-che-dang-long-292337.aspx
99,3537,7901/TB-TCHQ,,https://thuvienphapluat.vn/van-ban/Thuong-mai/Thong-bao-7901-TB-TCHQ-ket-qua-phan-loai-hang-xuat-nhap-khau-chat-hoat-dong-be-mat-Hydrolite-5-292340.aspx
99,3538,7890/TB-TCHQ,,https://thuvienphapluat.vn/van-ban/Thuong-mai/Thong-bao-7890-TB-TCHQ-ket-qua-phan-loai-hang-hoa-xuat-nhap-khau-tam-nhua-composite-UPM-203-292349.aspx
99,3539,7909/TB-TCHQ,,https://thuvienphapluat.vn/van-ban/Xuat-nhap-khau/Thong-bao-7909-TB-TCHQ-ket-qua-phan-loai-hang-hoa-xuat-nhap-khau-Poly-vinyl-alcohol-chua-axetat-292400.aspx
99,3540,7913/TB-TCHQ,,https://thuvienphapluat.vn/van-ban/Xuat-nhap-khau/Thong-bao-7913-TB-TCHQ-ket-qua-phan-loai-hang-hoa-xuat-nhap-khau-hoa-chat-xu-ly-cuoi-Protefix-FF435-292408.aspx
99,3541,7915/TB-TCHQ,,https://thuvienphapluat.vn/van-ban/Xuat-nhap-khau/Thong-bao-7915-TB-TCHQ-ket-qua-phan-loai-hang-hoa-xuat-nhap-khau-chat-hoat-dong-be-mat-292410.aspx
99,3542,7899/TB-TCHQ,,https://thuvienphapluat.vn/van-ban/Xuat-nhap-khau/Thong-bao-7899-TB-TCHQ-ket-qua-phan-loai-hang-hoa-xuat-nhap-khau-thuoc-mau-pha-che-dang-long-292338.aspx
99,3543,7903/TB-TCHQ,,https://thuvienphapluat.vn/van-ban/Thuong-mai/Thong-bao-7903-TB-TCHQ-ket-qua-phan-loai-hang-hoa-xuat-nhap-khau-chat-hoat-dong-be-mat-292342.aspx
99,3545,7906/TB-TCHQ,,https://thuvienphapluat.vn/van-ban/Thuong-mai/Thong-bao-7906-TB-TCHQ-ket-qua-phan-loai-hang-hoa-xuat-nhap-khau-chat-phu-lot-be-mat-thep-292358.aspx
99,3546,7900/TB-TCHQ,,https://thuvienphapluat.vn/van-ban/Thuong-mai/Thong-bao-7900-TB-TCHQ-ket-qua-phan-loai-hang-xuat-nhap-khau-chat-hoat-dong-be-mat-cation-M2-100-292339.aspx
99,3547,7907/TB-TCHQ,,https://thuvienphapluat.vn/van-ban/Xuat-nhap-khau/Thong-bao-7907-TB-TCHQ-ket-qua-phan-loai-hang-xuat-nhap-khau-Bo-kit-chong-an-mon-khang-nuoc-292398.aspx
99,3548,7904/TB-TCHQ,,https://thuvienphapluat.vn/van-ban/Thuong-mai/Thong-bao-7904-TB-TCHQ-ket-qua-phan-loai-hang-hoa-xuat-nhap-khau-dung-dich-keo-BS-292354.aspx
100,3550,7894/TB-TCHQ,,https://thuvienphapluat.vn/van-ban/Thuong-mai/Thong-bao-7894-TB-TCHQ-ket-qua-phan-loai-hang-hoa-xuat-nhap-khau-thuoc-nhuom-292353.aspx
100,3551,7897/TB-TCHQ,,https://thuvienphapluat.vn/van-ban/Xuat-nhap-khau/Thong-bao-7897-TB-TCHQ-ket-qua-phan-loai-hang-hoa-xuat-nhap-khau-thuoc-mau-pha-che-dang-long-292336.aspx
100,3553,7911/TB-TCHQ,,https://thuvienphapluat.vn/van-ban/Xuat-nhap-khau/Thong-bao-7911-TB-TCHQ-ket-qua-phan-loai-doi-voi-hang-hoa-xuat-nhap-khau-hoa-chat-xu-ly-dau-292402.aspx
100,3554,7914/TB-TCHQ,,https://thuvienphapluat.vn/van-ban/Xuat-nhap-khau/Thong-bao-7914-TB-TCHQ-ket-qua-phan-loai-hang-xuat-nhap-khau-che-pham-lam-sach-Intensol-OLI-292409.aspx
100,3555,7814/TB-TCHQ,,https://thuvienphapluat.vn/van-ban/Thuong-mai/Thong-bao-7814-TB-TCHQ-ket-qua-xac-dinh-truoc-ma-so-Maltodextrin-dung-che-bien-thuc-pham-292344.aspx
100,3561,7608/TB-TCHQ,,https://thuvienphapluat.vn/van-ban/Thuong-mai/Thong-bao-7608-TB-TCHQ-phan-loai-nguyen-lieu-san-xuat-dung-dich-khoan-dau-khi-289031.aspx
100,3562,7618/TB-TCHQ,,https://thuvienphapluat.vn/van-ban/Thuong-mai/Thong-bao-7618-TB-TCHQ-ket-qua-phan-loai-hang-hoa-xuat-nhap-khau-Day-han-dien-bang-thep-hop-kim-289293.aspx
100,3563,7616/TB-TCHQ,,https://thuvienphapluat.vn/van-ban/Thuong-mai/Thong-bao-7616-TB-TCHQ-ket-qua-phan-loai-hang-hoa-xuat-nhap-khau-Phoi-thep-dang-thanh-289290.aspx
100,3564,7610/TB-TCHQ,,https://thuvienphapluat.vn/van-ban/Thuong-mai/Thong-bao-7610-TB-TCHQ-phan-loai-bo-phan-cua-hop-dung-18-lit-bang-thep-duoc-trang-thiec-289032.aspx
100,3566,7607/TB-TCHQ,,https://thuvienphapluat.vn/van-ban/Thuong-mai/Thong-bao-7607-TB-TCHQ-phan-loai-nhua-nguyen-sinh-Polyisobutylene-FB-1400-289030.aspx
100,3567,7619/TB-TCHQ,,https://thuvienphapluat.vn/van-ban/Thuong-mai/Thong-bao-7619-TB-TCHQ-ket-qua-phan-loai-hang-hoa-xuat-nhap-khau-Phu-kien-may-loc-nuoc-289283.aspx
100,3568,7621/TB-TCHQ,,https://thuvienphapluat.vn/van-ban/Thuong-mai/Thong-bao-7621-TB-TCHQ-ket-qua-phan-loai-hang-xuat-nhap-khau-Day-han-dien-bang-thep-hop-kim-289292.aspx
100,3569,7611/TB-TCHQ,,https://thuvienphapluat.vn/van-ban/Thuong-mai/Thong-bao-7611-TB-TCHQ-phan-loai-dai-la-bang-plastic-ma-SD1-SD8-289033.aspx
100,3570,7622/TB-TCHQ,,https://thuvienphapluat.vn/van-ban/Thuong-mai/Thong-bao-7622-TB-TCHQ-ket-qua-phan-loai-hang-hoa-xuat-nhap-khau-Phu-kien-may-loc-nuoc-289295.aspx
100,3571,7615/TB-TCHQ,,https://thuvienphapluat.vn/van-ban/Thuong-mai/Thong-bao-7615-TB-TCHQ-phan-loai-san-pham-bang-thep-hinh-ong-da-ren-lap-day-cap-dieu-khien-xe-may-289037.aspx
100,3572,7612/TB-TCHQ,,https://thuvienphapluat.vn/van-ban/Thuong-mai/Thong-bao-7612-TB-TCHQ-phan-loai-san-pham-bang-thep-hinh-ong-da-ren-lap-day-cap-dieu-khien-xe-may-289034.aspx
100,3573,7623/TB-TCHQ,,https://thuvienphapluat.vn/van-ban/Thuong-mai/Thong-bao-7623-TB-TCHQ-ket-qua-phan-loai-hang-hoa-xuat-nhap-khau-Bu-long-dieu-chinh-thep-ma-kem-289296.aspx
100,3574,7620/TB-TCHQ,,https://thuvienphapluat.vn/van-ban/Thuong-mai/Thong-bao-7620-TB-TCHQ-ket-qua-phan-loai-hang-hoa-xuat-nhap-khau-day-thep-hop-kim-ma-dong-289294.aspx
100,3575,7617/TB-TCHQ,,https://thuvienphapluat.vn/van-ban/Thuong-mai/Thong-bao-7617-TB-TCHQ-ket-qua-phan-loai-hang-hoa-xuat-nhap-khau-Day-thep-khong-hop-kim-dung-han-289291.aspx
100,3576,7614/TB-TCHQ,,https://thuvienphapluat.vn/van-ban/Thuong-mai/Thong-bao-7614-TB-TCHQ-phan-loai-san-pham-bang-thep-hinh-ong-da-ren-lap-day-cap-dieu-khien-xe-may-289036.aspx
100,3608,7438/TB-TCHQ,,https://thuvienphapluat.vn/van-ban/Thuong-mai/Thong-bao-7438-TB-TCHQ-ket-qua-phan-loai-hang-hoa-xuat-nhap-khau-Thep-Section-steel-khong-hop-kim-288597.aspx
100,3609,7402/TB-TCHQ,,https://thuvienphapluat.vn/van-ban/Thuong-mai/Thong-bao-7402-TB-TCHQ-phan-loai-che-pham-chong-oxi-hoa-va-lam-on-dinh-cao-su-288362.aspx
100,3610,7405/TB-TCHQ,,https://thuvienphapluat.vn/van-ban/Thuong-mai/Thong-bao-7405-TB-TCHQ-phan-loai-dau-dung-trong-qua-trinh-cat-got-kinh-thach-anh-288365.aspx
100,3611,7408/TB-TCHQ,,https://thuvienphapluat.vn/van-ban/Thuong-mai/Thong-bao-7408-TB-TCHQ-ket-qua-phan-loai-hang-hoa-xuat-nhap-khau-Chat-xuc-tac-Claus-CSM-31FD-288594.aspx
100,3613,7406/TB-TCHQ,,https://thuvienphapluat.vn/van-ban/Thuong-mai/Thong-bao-7406-TB-TCHQ-phan-loai-che-pham-hoat-dong-be-mat-o-dang-long-288366.aspx
101,3614,7407/TB-TCHQ,,https://thuvienphapluat.vn/van-ban/Thuong-mai/Thong-bao-7407-TB-TCHQ-phan-loai-chat-xuc-tac-claus-titan-oxit-CRS-31-FD-288367.aspx
101,3615,7404/TB-TCHQ,,https://thuvienphapluat.vn/van-ban/Thuong-mai/Thong-bao-7404-TB-TCHQ-phan-loai-chat-chong-tham-be-mat-cho-giay-288364.aspx
101,3616,7409/TB-TCHQ,,https://thuvienphapluat.vn/van-ban/Thuong-mai/Thong-bao-7409-TB-TCHQ-ket-qua-phan-loai-hang-hoa-xuat-nhap-khau-Dung-dich-copolyme-propylen-288595.aspx
101,3617,7403/TB-TCHQ,,https://thuvienphapluat.vn/van-ban/Thuong-mai/Thong-bao-7403-TB-TCHQ-phan-loai-chat-tro-dung-trong-trang-phu-giay-288363.aspx
101,3622,7360/TB-TCHQ,,https://thuvienphapluat.vn/van-ban/Thuong-mai/Thong-bao-7360-TB-TCHQ-ket-qua-phan-loai-hang-hoa-xuat-nhap-khau-Hat-nhua-Polyetylen-nguyen-sinh-288695.aspx
101,3628,7363/TB-TCHQ,,https://thuvienphapluat.vn/van-ban/Thuong-mai/Thong-bao-7363-TB-TCHQ-ket-qua-phan-loai-hang-hoa-xuat-nhap-khau-Chat-chong-tinh-dien-Pril-1-288698.aspx
101,3629,7358/TB-TCHQ,,https://thuvienphapluat.vn/van-ban/Thuong-mai/Thong-bao-7358-TB-TCHQ-phan-loai-nguyen-lieu-de-san-xuat-de-giay-bang-nhua-hat-nhua-Polyetylen-288239.aspx
101,3631,7371/TB-TCHQ,,https://thuvienphapluat.vn/van-ban/Thuong-mai/Thong-bao-7371-TB-TCHQ-ket-qua-phan-loai-hang-xuat-nhap-khau-Ammonium-hydroxide-trong-xuong-ma-288905.aspx
101,3633,7365/TB-TCHQ,,https://thuvienphapluat.vn/van-ban/Thuong-mai/Thong-bao-7365-TB-TCHQ-ket-qua-phan-loai-hang-xuat-nhap-khau-Chat-khu-ma-288899.aspx
101,3636,7357/TB-TCHQ,,https://thuvienphapluat.vn/van-ban/Thuong-mai/Thong-bao-7357-TB-TCHQ-ket-qua-phan-loai-hang-hoa-xuat-nhap-khau-Nhom-khong-hop-kim-dang-tam-288693.aspx
101,3637,7362/TB-TCHQ,,https://thuvienphapluat.vn/van-ban/Thuong-mai/Thong-bao-7362-TB-TCHQ-ket-qua-phan-loai-hang-hoa-xuat-nhap-khau-Dung-dich-phu-tinh-dien-AS-1000-288697.aspx
101,3638,7350/TB-TCHQ,,https://thuvienphapluat.vn/van-ban/Thuong-mai/Thong-bao-7350-TB-TCHQ-ket-qua-phan-loai-hang-hoa-xuat-nhap-khau-Moc-nhi-kho-dang-soi-288590.aspx
101,3639,7366/TB-TCHQ,,https://thuvienphapluat.vn/van-ban/Thuong-mai/Thong-bao-7366-TB-TCHQ-ket-qua-phan-loai-hang-hoa-xuat-nhap-khau-Chat-khu-ma-Omnishield-Neutralizer-288900.aspx
101,3641,7361/TB-TCHQ,,https://thuvienphapluat.vn/van-ban/Thuong-mai/Thong-bao-7361-TB-TCHQ-ket-qua-phan-loai-hang-hoa-xuat-nhap-khau-Hat-nhua-Polyetylen-nguyen-sinh-288696.aspx
101,3643,7353/TB-TCHQ,,https://thuvienphapluat.vn/van-ban/Thuong-mai/Thong-bao-7353-TB-TCHQ-ket-qua-phan-loai-hang-hoa-xuat-nhap-khau-Hat-nhua-polyamide-resin-JCK-305-288593.aspx
101,3644,7351/TB-TCHQ,,https://thuvienphapluat.vn/van-ban/Thuong-mai/Thong-bao-7351-TB-TCHQ-ket-qua-phan-loai-hang-xuat-nhap-khau-Nabumetone-nguyen-lieu-san-xuat-thuoc-288591.aspx
101,3776,6683/TB-TCHQ,,https://thuvienphapluat.vn/van-ban/Thuong-mai/Thong-bao-6683-TB-TCHQ-ket-qua-phan-loai-hang-hoa-xuat-nhap-khau-Kem-sua-san-xuat-banh-keo-289024.aspx
101,3777,6682/TB-TCHQ,,https://thuvienphapluat.vn/van-ban/Thuong-mai/Thong-bao-6682-TB-TCHQ-ket-qua-phan-loai-hang-hoa-xuat-nhap-khau-Kem-sua-tuoi-san-xuat-banh-keo-289023.aspx
101,3815,6562/TB-TCHQ,,https://thuvienphapluat.vn/van-ban/Thuong-mai/Thong-bao-6562-TB-TCHQ-ket-qua-phan-loai-hang-hoa-xuat-nhap-khau-Phu-gia-thuc-pham-duong-tinh-khiet-289022.aspx
101,3821,6398/TB-TCHQ,,https://thuvienphapluat.vn/van-ban/Thuong-mai/Thong-bao-6398-TB-TCHQ-phan-loai-chat-xuc-tien-luu-hoa-cao-su-san-xuat-linh-kien-xe-gan-may-289017.aspx
101,4027,4938/TB-TCHQ,,https://thuvienphapluat.vn/van-ban/Thuong-mai/Thong-bao-4938-TB-TCHQ-phan-loai-hat-phu-gia-Cesa-light-7103P-su-dung-trong-det-luoi-danh-ca-289881.aspx
101,4028,4936/TB-TCHQ,,https://thuvienphapluat.vn/van-ban/Thuong-mai/Thong-bao-4936-TB-TCHQ-ket-qua-xac-dinh-truoc-ma-so-la-duoi-khuyen-tai-bac-hinh-chiec-que-289879.aspx
101,4031,4939/TB-TCHQ,,https://thuvienphapluat.vn/van-ban/Thuong-mai/Thong-bao-4939-TB-TCHQ-phan-loai-thuoc-han-S-777MX-289882.aspx
101,4033,4947/TB-TCHQ,,https://thuvienphapluat.vn/van-ban/Thuong-mai/Thong-bao-4947-TB-TCHQ-phan-loai-huong-lieu-tao-mui-nguyen-lieu-san-xuat-nuoc-xa-vai-289898.aspx
101,4036,4932/TB-TCHQ,,https://thuvienphapluat.vn/van-ban/Thuong-mai/Thong-bao-4932-TB-TCHQ-ket-qua-phan-loai-hang-hoa-xuat-nhap-khau-chat-mau-xanh-nuoc-bien-289875.aspx
102,4037,4934/TB-TCHQ,,https://thuvienphapluat.vn/van-ban/Thuong-mai/Thong-bao-4934-TB-TCHQ-phan-loai-goi-chong-am-289877.aspx
102,4042,4937/TB-TCHQ,,https://thuvienphapluat.vn/van-ban/Thuong-mai/Thong-bao-4937-TB-TCHQ-ket-qua-xac-dinh-truoc-ma-so-la-chot-khuyen-tai-bac-hinh-buom-289880.aspx
102,4052,4954/TB-TCHQ,,https://thuvienphapluat.vn/van-ban/Thuong-mai/Thong-bao-4954-TB-TCHQ-phan-loai-thuoc-tru-co-Nominee-SC100-291223.aspx
102,4058,4952/TB-TCHQ,,https://thuvienphapluat.vn/van-ban/Thuong-mai/Thong-bao-4952-TB-TCHQ-phan-loai-hat-nhua-B80-ZnCO3-copolyme-ethylen-vinyl-axetat-nguyen-sinh-291221.aspx
102,4060,4970/TB-TCHQ,,https://thuvienphapluat.vn/van-ban/Thuong-mai/Thong-bao-4970-TB-TCHQ-phan-loai-che-pham-hoa-hoc-nganh-cong-nghiep-hoa-chat-Zinc-oxide-AZO-805-291202.aspx
102,4064,4950/TB-TCHQ,,https://thuvienphapluat.vn/van-ban/Thuong-mai/Thong-bao-4950-TB-TCHQ-phan-loai-hoa-chat-diet-khuan-dung-cho-xu-ly-nuoc-cong-nghiep-291200.aspx
102,4066,4956/TB-TCHQ,,https://thuvienphapluat.vn/van-ban/Xuat-nhap-khau/Thong-bao-4956-TB-TCHQ-phan-loai-thuoc-mau-huu-co-tong-hop-dang-bot-mau-do-291225.aspx
102,4082,4722/TB-TCHQ,,https://thuvienphapluat.vn/van-ban/Thuong-mai/Thong-bao-4722-TB-TCHQ-ket-qua-phan-loai-hang-hoa-xuat-nhap-khau-Thuoc-mau-dung-pha-muc-in-lua-288384.aspx
102,4084,4723/TB-TCHQ,,https://thuvienphapluat.vn/van-ban/Thuong-mai/Thong-bao-4723-TB-TCHQ-ket-qua-phan-loai-Thuoc-mau-xanh-pha-muc-in-lua-288385.aspx
102,4085,4727/TB-TCHQ,,https://thuvienphapluat.vn/van-ban/Thuong-mai/Thong-bao-4727-TB-TCHQ-ket-qua-phan-loai-hang-hoa-xuat-nhap-khau-Thuoc-mau-vang-pha-muc-in-lua-288389.aspx
102,4095,4729/TB-TCHQ,,https://thuvienphapluat.vn/van-ban/Thuong-mai/Thong-bao-4729-TB-TCHQ-ket-qua-phan-loai-hang-hoa-xuat-nhap-khau-Thuoc-mau-288391.aspx
102,4257,14957/TB-TCHQ,,https://thuvienphapluat.vn/van-ban/Xuat-nhap-khau/Thong-bao-14957-TB-TCHQ-ket-qua-xac-dinh-truoc-ma-so-261498.aspx
102,4462,14388/TB-TCHQ,,https://thuvienphapluat.vn/van-ban/Xuat-nhap-khau/Thong-bao-14388-TB-TCHQ-nam-2104-phan-loai-Vo-boc-bao-ve-day-ga-bang-thep-259679.aspx
